=== ARM A start 2026-08-29T12:59:21+08:00
[2026-08-29 12:59:22,837] torch.distributed.run: [WARNING] master_addr is only used for static rdzv_backend and when rdzv_endpoint is not specified.
{"candidate_max": 0.06582062992168616, "candidate_mean": 0.020049864222482703, "checkpoint_sha256": "ef1680d682063216f7588b60ff890908ff06373d517a3400122e0a575ba18005", "event": "initial_checkpoint_evaluation"}
{"epoch": 1, "event": "update", "global_step": 1, "gradient": 0.0004642491112463176, "gradient_norm": 0.0731864720582962, "hinge": 0.0, "learning_rate": 1e-05, "loss": 0.0014525933656841516, "parent_relative_square": 0.005323030054569244, "relative_square": 0.0004431848647072911}
{"epoch": 1, "event": "update", "global_step": 100, "gradient": 0.0007239389233291149, "gradient_norm": 0.09636683017015457, "hinge": 6.584641454310258e-08, "learning_rate": 1e-05, "loss": 0.0023806984536349773, "parent_relative_square": 0.008786487393081188, "relative_square": 0.0006947407964617014}
{"epoch": 1, "event": "update", "global_step": 200, "gradient": 0.0003951091202907264, "gradient_norm": 0.11376377195119858, "hinge": 5.931747750764771e-07, "learning_rate": 1e-05, "loss": 0.001439543440937996, "parent_relative_square": 0.004802605137228966, "relative_square": 0.00043158693006262183}
{"epoch": 1, "event": "update", "global_step": 300, "gradient": 0.0009588553220964968, "gradient_norm": 0.14580167829990387, "hinge": 2.8535185325750945e-09, "learning_rate": 1e-05, "loss": 0.0034450823441147804, "parent_relative_square": 0.012103889137506485, "relative_square": 0.0010085662361234426}
{"epoch": 1, "event": "update", "global_step": 400, "gradient": 0.0013432555133476853, "gradient_norm": 0.10312667489051819, "hinge": 2.6525464136284427e-07, "learning_rate": 1e-05, "loss": 0.0038640229031443596, "parent_relative_square": 0.009397704154253006, "relative_square": 0.0011922501726076007}
{"epoch": 1, "event": "update", "global_step": 500, "gradient": 0.0005501394043676555, "gradient_norm": 0.10830950736999512, "hinge": 8.01473743194947e-06, "learning_rate": 1e-05, "loss": 0.0014239493757486343, "parent_relative_square": 0.006784611381590366, "relative_square": 0.00041784290806390345}
{"epoch": 1, "event": "update", "global_step": 600, "gradient": 0.0012654326856136322, "gradient_norm": 0.09609387069940567, "hinge": 8.71432257554261e-06, "learning_rate": 1e-05, "loss": 0.0031116169411689043, "parent_relative_square": 0.00924671906977892, "relative_square": 0.0009676882764324546}
{"epoch": 1, "event": "update", "global_step": 700, "gradient": 0.0011673754779621959, "gradient_norm": 0.06378680467605591, "hinge": 0.0, "learning_rate": 1e-05, "loss": 0.003695965278893709, "parent_relative_square": 0.008419218473136425, "relative_square": 0.0010606324067339301}
{"epoch": 1, "event": "update", "global_step": 800, "gradient": 0.0003226514963898808, "gradient_norm": 0.13157394528388977, "hinge": 4.0596063399789273e-07, "learning_rate": 1e-05, "loss": 0.0013461578637361526, "parent_relative_square": 0.005076374392956495, "relative_square": 0.00043570989510044456}
{"epoch": 1, "event": "update", "global_step": 900, "gradient": 0.0006351813790388405, "gradient_norm": 0.1220955029129982, "hinge": 0.0, "learning_rate": 1e-05, "loss": 0.002873653545975685, "parent_relative_square": 0.0076835579238832, "relative_square": 0.0009632798028178513}
{"epoch": 1, "event": "update", "global_step": 1000, "gradient": 0.0006201212527230382, "gradient_norm": 0.1602824181318283, "hinge": 0.0, "learning_rate": 1e-05, "loss": 0.0022184476256370544, "parent_relative_square": 0.004663496278226376, "relative_square": 0.0007344922632910311}
{"absolute_goal_passed": false, "candidate_max": 0.06520256647188792, "candidate_mean": 0.019955518596388975, "epoch": 1, "event": "development_holdout_evaluation"}
{"epoch": 2, "event": "update", "global_step": 1100, "gradient": 0.0009531555697321892, "gradient_norm": 0.11189553886651993, "hinge": 2.653326305335213e-07, "learning_rate": 8.681980515339464e-06, "loss": 0.0026665281038731337, "parent_relative_square": 0.013447730801999569, "relative_square": 0.0008033779449760914}
{"epoch": 2, "event": "update", "global_step": 1200, "gradient": 0.00023909402079880238, "gradient_norm": 0.08413160592317581, "hinge": 0.0, "learning_rate": 8.681980515339464e-06, "loss": 0.001246375497430563, "parent_relative_square": 0.004448704421520233, "relative_square": 0.0004330112715251744}
{"epoch": 2, "event": "update", "global_step": 1300, "gradient": 0.0010158868972212076, "gradient_norm": 0.09319519251585007, "hinge": 3.834659025869769e-07, "learning_rate": 8.681980515339464e-06, "loss": 0.002943223575130105, "parent_relative_square": 0.009344619698822498, "relative_square": 0.0009155640145763755}
{"epoch": 2, "event": "update", "global_step": 1400, "gradient": 0.000289208343019709, "gradient_norm": 0.21514691412448883, "hinge": 6.455391599047289e-07, "learning_rate": 8.681980515339464e-06, "loss": 0.0012160515179857612, "parent_relative_square": 0.0026141288690268993, "relative_square": 0.00035542549449019134}
{"epoch": 2, "event": "update", "global_step": 1500, "gradient": 0.00023055619385559112, "gradient_norm": 0.08408228307962418, "hinge": 0.0, "learning_rate": 8.681980515339464e-06, "loss": 0.0011644676560536027, "parent_relative_square": 0.0025839300360530615, "relative_square": 0.00033567583886906505}
{"epoch": 2, "event": "update", "global_step": 1600, "gradient": 0.0005189412622712553, "gradient_norm": 0.19333651661872864, "hinge": 3.2724730658628687e-07, "learning_rate": 8.681980515339464e-06, "loss": 0.0018565453356131911, "parent_relative_square": 0.006767908576875925, "relative_square": 0.0005210704985074699}
{"epoch": 2, "event": "update", "global_step": 1700, "gradient": 0.0005753456498496234, "gradient_norm": 0.07084079086780548, "hinge": 8.871323586845392e-08, "learning_rate": 8.681980515339464e-06, "loss": 0.0029326858930289745, "parent_relative_square": 0.0045251306146383286, "relative_square": 0.0008491970365867019}
{"epoch": 2, "event": "update", "global_step": 1800, "gradient": 0.0005569115746766329, "gradient_norm": 0.09498344361782074, "hinge": 1.1771114714065334e-06, "learning_rate": 8.681980515339464e-06, "loss": 0.0011425840202718973, "parent_relative_square": 0.006093229167163372, "relative_square": 0.0003383322909940034}
{"epoch": 2, "event": "update", "global_step": 1900, "gradient": 0.00034521467750892043, "gradient_norm": 0.0883379727602005, "hinge": 0.0, "learning_rate": 8.681980515339464e-06, "loss": 0.0011658460134640336, "parent_relative_square": 0.003317745868116617, "relative_square": 0.00035001238575205207}
{"epoch": 2, "event": "update", "global_step": 2000, "gradient": 0.000189691549167037, "gradient_norm": 0.1561974734067917, "hinge": 2.260057252456704e-09, "learning_rate": 8.681980515339464e-06, "loss": 0.0008721480844542384, "parent_relative_square": 0.003437990788370371, "relative_square": 0.0002910407492890954}
{"absolute_goal_passed": false, "candidate_max": 0.06447347465949253, "candidate_mean": 0.019889987703759295, "epoch": 2, "event": "development_holdout_evaluation"}
{"epoch": 3, "event": "update", "global_step": 2100, "gradient": 0.00015328342851717025, "gradient_norm": 0.06952092051506042, "hinge": 4.813393843505764e-07, "learning_rate": 5.5e-06, "loss": 0.0005321940407156944, "parent_relative_square": 0.0028458237648010254, "relative_square": 0.00014850537991151214}
{"epoch": 3, "event": "update", "global_step": 2200, "gradient": 0.0006057013524696231, "gradient_norm": 0.10727475583553314, "hinge": 1.5145658949222707e-08, "learning_rate": 5.5e-06, "loss": 0.0014406894333660603, "parent_relative_square": 0.006256745662540197, "relative_square": 0.00036760134389624}
{"epoch": 3, "event": "update", "global_step": 2300, "gradient": 0.0005372156738303602, "gradient_norm": 0.04106809198856354, "hinge": 2.9296944603629527e-07, "learning_rate": 5.5e-06, "loss": 0.0018056384287774563, "parent_relative_square": 0.0070669143460690975, "relative_square": 0.000564606802072376}
{"epoch": 3, "event": "update", "global_step": 2400, "gradient": 0.0009674635366536677, "gradient_norm": 0.10499133914709091, "hinge": 6.167957735669916e-07, "learning_rate": 5.5e-06, "loss": 0.002283118199557066, "parent_relative_square": 0.013008504174649715, "relative_square": 0.0006039573345333338}
{"epoch": 3, "event": "update", "global_step": 2500, "gradient": 0.0009114053682424128, "gradient_norm": 0.08007432520389557, "hinge": 4.148103869283659e-07, "learning_rate": 5.5e-06, "loss": 0.0029159369878470898, "parent_relative_square": 0.011155368760228157, "relative_square": 0.0008115224190987647}
{"epoch": 3, "event": "update", "global_step": 2600, "gradient": 0.001341724768280983, "gradient_norm": 0.0772211104631424, "hinge": 1.862952672126994e-07, "learning_rate": 5.5e-06, "loss": 0.004353952128440142, "parent_relative_square": 0.010228024795651436, "relative_square": 0.0012029854115098715}
{"epoch": 3, "event": "update", "global_step": 2700, "gradient": 0.0005060147377662361, "gradient_norm": 0.05977141112089157, "hinge": 0.0, "learning_rate": 5.5e-06, "loss": 0.0014449277659878135, "parent_relative_square": 0.005074785090982914, "relative_square": 0.00045769946882501245}
{"epoch": 3, "event": "update", "global_step": 2800, "gradient": 0.001177440513856709, "gradient_norm": 0.0649511069059372, "hinge": 0.0, "learning_rate": 5.5e-06, "loss": 0.003467351896688342, "parent_relative_square": 0.010840806178748608, "relative_square": 0.0010314658284187317}
{"epoch": 3, "event": "update", "global_step": 2900, "gradient": 0.0005294315633364022, "gradient_norm": 0.08116883784532547, "hinge": 2.1269846328664244e-08, "learning_rate": 5.5e-06, "loss": 0.0015531459357589483, "parent_relative_square": 0.009503355249762535, "relative_square": 0.0004431078559719026}
{"epoch": 3, "event": "update", "global_step": 3000, "gradient": 0.00045483349822461605, "gradient_norm": 0.049870509654283524, "hinge": 5.284667281557631e-07, "learning_rate": 5.5e-06, "loss": 0.0015818679239600897, "parent_relative_square": 0.0052149295806884766, "relative_square": 0.0005154525861144066}
{"absolute_goal_passed": false, "candidate_max": 0.06499888994232501, "candidate_mean": 0.019874797927648163, "epoch": 3, "event": "development_holdout_evaluation"}
{"epoch": 4, "event": "update", "global_step": 3100, "gradient": 0.001140296459197998, "gradient_norm": 0.08478371798992157, "hinge": 3.269538240147085e-07, "learning_rate": 2.3180194846605362e-06, "loss": 0.004986722953617573, "parent_relative_square": 0.00833101011812687, "relative_square": 0.001356692984700203}
{"epoch": 4, "event": "update", "global_step": 3200, "gradient": 0.0006836650427430868, "gradient_norm": 0.06543246656656265, "hinge": 4.879656216871808e-07, "learning_rate": 2.3180194846605362e-06, "loss": 0.0017504522111266851, "parent_relative_square": 0.007943741045892239, "relative_square": 0.0005287427338771522}
{"epoch": 4, "event": "update", "global_step": 3300, "gradient": 0.001181175815872848, "gradient_norm": 0.05511721596121788, "hinge": 0.0, "learning_rate": 2.3180194846605362e-06, "loss": 0.0025131418369710445, "parent_relative_square": 0.010354895144701004, "relative_square": 0.0007902493816800416}
{"epoch": 4, "event": "update", "global_step": 3400, "gradient": 0.0009134670253843069, "gradient_norm": 0.09086485952138901, "hinge": 0.0, "learning_rate": 2.3180194846605362e-06, "loss": 0.0025880448520183563, "parent_relative_square": 0.007676067762076855, "relative_square": 0.0007078613853082061}
{"epoch": 4, "event": "update", "global_step": 3500, "gradient": 0.0013637715019285679, "gradient_norm": 0.05410187318921089, "hinge": 0.0, "learning_rate": 2.3180194846605362e-06, "loss": 0.0033322391100227833, "parent_relative_square": 0.009463207796216011, "relative_square": 0.0009821158600971103}
{"epoch": 4, "event": "update", "global_step": 3600, "gradient": 0.0011199412401765585, "gradient_norm": 0.0743996798992157, "hinge": 0.0, "learning_rate": 2.3180194846605362e-06, "loss": 0.002889215713366866, "parent_relative_square": 0.009731031022965908, "relative_square": 0.0008192534442059696}
{"epoch": 4, "event": "update", "global_step": 3700, "gradient": 0.00044066691771149635, "gradient_norm": 0.1472102850675583, "hinge": 4.404424203130475e-08, "learning_rate": 2.3180194846605362e-06, "loss": 0.0013526540715247393, "parent_relative_square": 0.005744843278080225, "relative_square": 0.0004090287256985903}
{"epoch": 4, "event": "update", "global_step": 3800, "gradient": 0.0006123207276687026, "gradient_norm": 0.038952961564064026, "hinge": 2.314478706466616e-07, "learning_rate": 2.3180194846605362e-06, "loss": 0.0018714058678597212, "parent_relative_square": 0.00539403548464179, "relative_square": 0.0005278284661471844}
{"epoch": 4, "event": "update", "global_step": 3900, "gradient": 0.00048825948033481836, "gradient_norm": 0.09624595195055008, "hinge": 0.0, "learning_rate": 2.3180194846605362e-06, "loss": 0.001694070640951395, "parent_relative_square": 0.0062376968562603, "relative_square": 0.0005682400078512728}
{"epoch": 4, "event": "update", "global_step": 4000, "gradient": 0.0005333736189641058, "gradient_norm": 0.07748118042945862, "hinge": 9.206524964611162e-07, "learning_rate": 2.3180194846605362e-06, "loss": 0.0016886533703655005, "parent_relative_square": 0.005173031240701675, "relative_square": 0.00041616614907979965}
{"absolute_goal_passed": false, "candidate_max": 0.06447230479202318, "candidate_mean": 0.019820107463576847, "epoch": 4, "event": "development_holdout_evaluation"}
{
  "absolute_goal_passed": false,
  "best_epoch": 4,
  "best_metrics": {
    "absolute_goal": {
      "max_lte_0p05": false,
      "mean_lte_0p05": true,
      "passed": false
    },
    "aggregate": {
      "candidate_max": 0.06447230479202318,
      "candidate_mean": 0.019820107463576847,
      "candidate_median": 0.01592948799313606,
      "count": 56,
      "max_relative_improvement": 0.6408159925098369,
      "mean_relative_improvement": 0.5650007722885867,
      "parent_max": 0.17949659073779578,
      "parent_mean": 0.04556354632593941
    },
    "elapsed_seconds": 3994.292591858655,
    "epoch": 4,
    "event": "development_holdout_evaluation",
    "global_step": 4000,
    "per_family": {
      "layered": {
        "candidate_max": 0.043730697191262886,
        "candidate_mean": 0.017862338534788087,
        "candidate_median": 0.014415928656195003,
        "count": 20,
        "max_relative_improvement": 0.6070576333156658,
        "mean_relative_improvement": 0.6017117938285523,
        "parent_max": 0.11129035934777032,
        "parent_mean": 0.0448477716839525
      },
      "marmousi": {
        "candidate_max": 0.06447230479202318,
        "candidate_mean": 0.031649921507770816,
        "candidate_median": 0.029514630532426304,
        "count": 20,
        "max_relative_improvement": 0.6408159925098369,
        "mean_relative_improvement": 0.5612751648971891,
        "parent_max": 0.17949659073779578,
        "parent_mean": 0.07214071093183946
      },
      "uniform": {
        "candidate_max": 0.013881532054185795,
        "candidate_mean": 0.007480051069320341,
        "candidate_median": 0.0070274833867560275,
        "count": 16,
        "max_relative_improvement": 0.5935854888318226,
        "mean_relative_improvement": 0.43490525985602524,
        "parent_max": 0.03415609352698903,
        "parent_mean": 0.01323680887104802
      }
    },
    "records": [
      {
        "candidate_error_square": 0.36405783824109506,
        "candidate_rel_l2": 0.007518198021473618,
        "correction_square": 0.9523051060701277,
        "family": "uniform",
        "parent_error_square": 0.7653660400851692,
        "parent_rel_l2": 0.010900920229357864,
        "relative_improvement": 0.3103152886830647,
        "sample_id": "train_uniform_00357",
        "target_square": 6440.845255738023
      },
      {
        "candidate_error_square": 0.2444780730300451,
        "candidate_rel_l2": 0.003804718914587473,
        "correction_square": 0.15702022489152156,
        "family": "uniform",
        "parent_error_square": 0.26457395118707794,
        "parent_rel_l2": 0.003958003392631022,
        "relative_improvement": 0.03872772780562361,
        "sample_id": "train_uniform_00186",
        "target_square": 16888.643134439477
      },
      {
        "candidate_error_square": 0.39565379549080926,
        "candidate_rel_l2": 0.006848147655924329,
        "correction_square": 1.1177939253723481,
        "family": "uniform",
        "parent_error_square": 0.7589059530007383,
        "parent_rel_l2": 0.009484390512616965,
        "relative_improvement": 0.27795595860226074,
        "sample_id": "train_uniform_00243",
        "target_square": 8436.631976413919
      },
      {
        "candidate_error_square": 0.19770643888580608,
        "candidate_rel_l2": 0.00466254076972276,
        "correction_square": 0.16505937864263132,
        "family": "uniform",
        "parent_error_square": 0.2598930503364123,
        "parent_rel_l2": 0.005345761375107274,
        "relative_improvement": 0.1278060424780565,
        "sample_id": "train_uniform_00037",
        "target_square": 9094.430929393091
      },
      {
        "candidate_error_square": 1.5702558996614182,
        "candidate_rel_l2": 0.02929251692624062,
        "correction_square": 11.92432805608093,
        "family": "layered",
        "parent_error_square": 12.614075332707156,
        "parent_rel_l2": 0.0830231453728146,
        "relative_improvement": 0.6471764976537222,
        "sample_id": "train_layered_00548",
        "target_square": 1830.0251349139585
      },
      {
        "candidate_error_square": 3.0333889092012356,
        "candidate_rel_l2": 0.03061457482272382,
        "correction_square": 20.40845701534469,
        "family": "layered",
        "parent_error_square": 28.198290222692698,
        "parent_rel_l2": 0.09334167136931966,
        "relative_improvement": 0.6720159991394103,
        "sample_id": "train_layered_00768",
        "target_square": 3236.4703293998764
      },
      {
        "candidate_error_square": 0.3539112958256574,
        "candidate_rel_l2": 0.010657759750407442,
        "correction_square": 0.8259981701314274,
        "family": "layered",
        "parent_error_square": 1.2557532095901003,
        "parent_rel_l2": 0.02007570763331368,
        "relative_improvement": 0.46912158988000363,
        "sample_id": "train_layered_00816",
        "target_square": 3115.7497739024598
      },
      {
        "candidate_error_square": 0.24388024152317261,
        "candidate_rel_l2": 0.007915800008514816,
        "correction_square": 1.4213687684081966,
        "family": "layered",
        "parent_error_square": 1.2267888922288215,
        "parent_rel_l2": 0.017753804065186805,
        "relative_improvement": 0.5541349910447192,
        "sample_id": "train_layered_00040",
        "target_square": 3892.12688371568
      },
      {
        "candidate_error_square": 8.810025981374633,
        "candidate_rel_l2": 0.029920133527935905,
        "correction_square": 16.049393688151405,
        "family": "layered",
        "parent_error_square": 32.338397763590656,
        "parent_rel_l2": 0.05732369572149336,
        "relative_improvement": 0.478049467129569,
        "sample_id": "train_layered_00236",
        "target_square": 9841.247053827856
      },
      {
        "candidate_error_square": 7.078789037432273,
        "candidate_rel_l2": 0.021882966786661382,
        "correction_square": 7.318525596528779,
        "family": "marmousi",
        "parent_error_square": 10.092890473594533,
        "parent_rel_l2": 0.026129704393654758,
        "relative_improvement": 0.16252528321845994,
        "sample_id": "train_marmousi_00275",
        "target_square": 14782.455055814296
      },
      {
        "candidate_error_square": 1.9588489611791517,
        "candidate_rel_l2": 0.021273911132490532,
        "correction_square": 11.827175635086492,
        "family": "marmousi",
        "parent_error_square": 10.60019136403206,
        "parent_rel_l2": 0.04948843478680308,
        "relative_improvement": 0.5701235809105933,
        "sample_id": "train_marmousi_00279",
        "target_square": 4328.189520310201
      },
      {
        "candidate_error_square": 5.50343104992379,
        "candidate_rel_l2": 0.03877956304673778,
        "correction_square": 26.5161337402171,
        "family": "marmousi",
        "parent_error_square": 28.164465258086796,
        "parent_rel_l2": 0.08772773191784132,
        "relative_improvement": 0.5579554811350238,
        "sample_id": "train_marmousi_00653",
        "target_square": 3659.550184527359
      },
      {
        "candidate_error_square": 1.5329613524546624,
        "candidate_rel_l2": 0.02172964273323858,
        "correction_square": 6.199036840998481,
        "family": "marmousi",
        "parent_error_square": 8.28966624430075,
        "parent_rel_l2": 0.050530722241473223,
        "relative_improvement": 0.5699716574523069,
        "sample_id": "train_marmousi_00397",
        "target_square": 3246.5794404651087
      },
      {
        "candidate_error_square": 4.26739138844156,
        "candidate_rel_l2": 0.037848302822099174,
        "correction_square": 25.939450295133714,
        "family": "marmousi",
        "parent_error_square": 30.470752024204742,
        "parent_rel_l2": 0.10113622938420137,
        "relative_improvement": 0.6257690933056329,
        "sample_id": "train_marmousi_00266",
        "target_square": 2978.994194362094
      },
      {
        "candidate_error_square": 0.6053670272656149,
        "candidate_rel_l2": 0.006224845800568845,
        "correction_square": 0.49437182965193927,
        "family": "uniform",
        "parent_error_square": 0.565769495016113,
        "parent_rel_l2": 0.006017817048333636,
        "relative_improvement": -0.03440263314294967,
        "sample_id": "train_uniform_00102",
        "target_square": 15622.896907204778
      },
      {
        "candidate_error_square": 0.3597709169138475,
        "candidate_rel_l2": 0.008958370889195856,
        "correction_square": 3.328264631043193,
        "family": "uniform",
        "parent_error_square": 2.9418147489642372,
        "parent_rel_l2": 0.025616728940070378,
        "relative_improvement": 0.6502921621978468,
        "sample_id": "train_uniform_00369",
        "target_square": 4482.99211760593
      },
      {
        "candidate_error_square": 0.39708953716688344,
        "candidate_rel_l2": 0.0077299092661591,
        "correction_square": 0.7128657246149916,
        "family": "uniform",
        "parent_error_square": 0.6305029062089886,
        "parent_rel_l2": 0.009740331112386001,
        "relative_improvement": 0.20640179712888895,
        "sample_id": "train_uniform_00384",
        "target_square": 6645.683461599649
      },
      {
        "candidate_error_square": 0.3753209443120724,
        "candidate_rel_l2": 0.007206819117587727,
        "correction_square": 0.46695827289947545,
        "family": "uniform",
        "parent_error_square": 0.5768827860925185,
        "parent_rel_l2": 0.008934824198754155,
        "relative_improvement": 0.19340112829610856,
        "sample_id": "train_uniform_00149",
        "target_square": 7226.2928306926015
      },
      {
        "candidate_error_square": 0.507988554869391,
        "candidate_rel_l2": 0.01062372529031107,
        "correction_square": 5.136180690495896,
        "family": "layered",
        "parent_error_square": 4.803016869225747,
        "parent_rel_l2": 0.03266682487520783,
        "relative_improvement": 0.6747854947367766,
        "sample_id": "train_layered_00549",
        "target_square": 4500.9093208691
      },
      {
        "candidate_error_square": 1.220847925197142,
        "candidate_rel_l2": 0.01941475712678411,
        "correction_square": 15.638362593947338,
        "family": "layered",
        "parent_error_square": 18.120687971634307,
        "parent_rel_l2": 0.07479774730321916,
        "relative_improvement": 0.7404366063582167,
        "sample_id": "train_layered_00769",
        "target_square": 3238.9007899677113
      },
      {
        "candidate_error_square": 0.48770595535179595,
        "candidate_rel_l2": 0.005674587150023463,
        "correction_square": 0.27972248465057703,
        "family": "layered",
        "parent_error_square": 0.4772756856074061,
        "parent_rel_l2": 0.0056135797382719285,
        "relative_improvement": -0.010867826698105265,
        "sample_id": "train_layered_00817",
        "target_square": 15145.705858345651
      },
      {
        "candidate_error_square": 0.42892303881342864,
        "candidate_rel_l2": 0.012280633333749824,
        "correction_square": 2.9949067526634616,
        "family": "layered",
        "parent_error_square": 3.0276480215194574,
        "parent_rel_l2": 0.032627497877710625,
        "relative_improvement": 0.6236109376275739,
        "sample_id": "train_layered_00041",
        "target_square": 2844.0540438818916
      },
      {
        "candidate_error_square": 4.764919845840722,
        "candidate_rel_l2": 0.016036017316268806,
        "correction_square": 9.166889770240832,
        "family": "layered",
        "parent_error_square": 13.972392695568093,
        "parent_rel_l2": 0.027460226071884707,
        "relative_improvement": 0.41602748373993303,
        "sample_id": "train_layered_00237",
        "target_square": 18529.451612326597
      },
      {
        "candidate_error_square": 4.370184330215108,
        "candidate_rel_l2": 0.03530261812024776,
        "correction_square": 19.045255941101978,
        "family": "marmousi",
        "parent_error_square": 22.833007275374907,
        "parent_rel_l2": 0.08069350773607191,
        "relative_improvement": 0.5625098088967243,
        "sample_id": "train_marmousi_00276",
        "target_square": 3506.5975564991854
      },
      {
        "candidate_error_square": 4.858735529555036,
        "candidate_rel_l2": 0.024881971742942398,
        "correction_square": 15.182903101932698,
        "family": "marmousi",
        "parent_error_square": 19.28724540647201,
        "parent_rel_l2": 0.04957449120469277,
        "relative_improvement": 0.4980892160808088,
        "sample_id": "train_marmousi_00650",
        "target_square": 7847.903878103249
      },
      {
        "candidate_error_square": 1.8477668874074773,
        "candidate_rel_l2": 0.01671464182692039,
        "correction_square": 17.626156524220075,
        "family": "marmousi",
        "parent_error_square": 18.36954789356055,
        "parent_rel_l2": 0.05270146870134423,
        "relative_improvement": 0.6828429598112119,
        "sample_id": "train_marmousi_00654",
        "target_square": 6613.830046910512
      },
      {
        "candidate_error_square": 2.9367318262124584,
        "candidate_rel_l2": 0.027737933463867173,
        "correction_square": 11.139045904142323,
        "family": "marmousi",
        "parent_error_square": 13.093851783789699,
        "parent_rel_l2": 0.05857005980123216,
        "relative_improvement": 0.526414458889051,
        "sample_id": "train_marmousi_00398",
        "target_square": 3816.9466140152763
      },
      {
        "candidate_error_square": 17.9591749485794,
        "candidate_rel_l2": 0.06447230479202318,
        "correction_square": 64.87151504576165,
        "family": "marmousi",
        "parent_error_square": 98.92719410683083,
        "parent_rel_l2": 0.1513170447864847,
        "relative_improvement": 0.5739256943393485,
        "sample_id": "train_marmousi_00267",
        "target_square": 4320.559490171483
      },
      {
        "candidate_error_square": 0.5709782009478358,
        "candidate_rel_l2": 0.013881532054185795,
        "correction_square": 1.9224357571490016,
        "family": "uniform",
        "parent_error_square": 2.9984908978453433,
        "parent_rel_l2": 0.03181112320900252,
        "relative_improvement": 0.563626472319678,
        "sample_id": "train_uniform_00003",
        "target_square": 2963.08921223509
      },
      {
        "candidate_error_square": 0.6111693896254358,
        "candidate_rel_l2": 0.007896226959639796,
        "correction_square": 1.3678132514575885,
        "family": "uniform",
        "parent_error_square": 0.8986700525964935,
        "parent_rel_l2": 0.009575003913547054,
        "relative_improvement": 0.17532911412517183,
        "sample_id": "train_uniform_00303",
        "target_square": 9802.172683466513
      },
      {
        "candidate_error_square": 0.28225306859326826,
        "candidate_rel_l2": 0.005268934916893547,
        "correction_square": 0.28345651995802434,
        "family": "uniform",
        "parent_error_square": 0.4137635716193273,
        "parent_rel_l2": 0.0063793969150182555,
        "relative_improvement": 0.17407005911647855,
        "sample_id": "train_uniform_00048",
        "target_square": 10167.004223707852
      },
      {
        "candidate_error_square": 0.3342600260218086,
        "candidate_rel_l2": 0.011367599569134202,
        "correction_square": 2.6460760006530655,
        "family": "uniform",
        "parent_error_square": 3.01775026708086,
        "parent_rel_l2": 0.03415609352698903,
        "relative_improvement": 0.6671867770782424,
        "sample_id": "train_uniform_00315",
        "target_square": 2586.705037600812
      },
      {
        "candidate_error_square": 0.8456655529101821,
        "candidate_rel_l2": 0.013008898642386694,
        "correction_square": 3.5970498857345827,
        "family": "layered",
        "parent_error_square": 4.020965054652898,
        "parent_rel_l2": 0.028366539540307344,
        "relative_improvement": 0.5413998727655257,
        "sample_id": "train_layered_00550",
        "target_square": 4997.09470936385
      },
      {
        "candidate_error_square": 3.9683909515733573,
        "candidate_rel_l2": 0.04226680991228274,
        "correction_square": 22.348706757391238,
        "family": "layered",
        "parent_error_square": 27.512534412642818,
        "parent_rel_l2": 0.11129035934777032,
        "relative_improvement": 0.6202113987231945,
        "sample_id": "train_layered_00770",
        "target_square": 2221.3424155283287
      },
      {
        "candidate_error_square": 0.30254189813769017,
        "candidate_rel_l2": 0.005243528194443214,
        "correction_square": 0.3110518638200048,
        "family": "layered",
        "parent_error_square": 0.45361394139988676,
        "parent_rel_l2": 0.00642057673462088,
        "relative_improvement": 0.18332442533251148,
        "sample_id": "train_layered_00818",
        "target_square": 11003.689124304516
      },
      {
        "candidate_error_square": 0.24858400434619243,
        "candidate_rel_l2": 0.007737130128811871,
        "correction_square": 0.927309887332116,
        "family": "layered",
        "parent_error_square": 0.7314323236102815,
        "parent_rel_l2": 0.013271817033201318,
        "relative_improvement": 0.4170255580335118,
        "sample_id": "train_layered_00042",
        "target_square": 4152.535722698397
      },
      {
        "candidate_error_square": 5.113162256515412,
        "candidate_rel_l2": 0.02227836230138542,
        "correction_square": 16.493707929745526,
        "family": "layered",
        "parent_error_square": 25.85880959482982,
        "parent_rel_l2": 0.050100578352246135,
        "relative_improvement": 0.5553272430359754,
        "sample_id": "train_layered_00238",
        "target_square": 10302.03568081211
      },
      {
        "candidate_error_square": 4.423038524440068,
        "candidate_rel_l2": 0.023650452138265114,
        "correction_square": 10.172494062099325,
        "family": "marmousi",
        "parent_error_square": 13.832349196400024,
        "parent_rel_l2": 0.04182414377352204,
        "relative_improvement": 0.4345263284687324,
        "sample_id": "train_marmousi_00277",
        "target_square": 7907.547811681909
      },
      {
        "candidate_error_square": 3.149953498120915,
        "candidate_rel_l2": 0.020322788592745604,
        "correction_square": 9.275600970067908,
        "family": "marmousi",
        "parent_error_square": 9.387481259255715,
        "parent_rel_l2": 0.03508373077888676,
        "relative_improvement": 0.4207346783946999,
        "sample_id": "train_marmousi_00651",
        "target_square": 7626.715454509187
      },
      {
        "candidate_error_square": 3.0115021929760486,
        "candidate_rel_l2": 0.03050010553201371,
        "correction_square": 24.926509002266968,
        "family": "marmousi",
        "parent_error_square": 23.516069950444297,
        "parent_rel_l2": 0.0852299280531865,
        "relative_improvement": 0.642143244413153,
        "sample_id": "train_marmousi_00395",
        "target_square": 3237.2817555403126
      },
      {
        "candidate_error_square": 2.003616674399408,
        "candidate_rel_l2": 0.03489160582148821,
        "correction_square": 51.45389677280133,
        "family": "marmousi",
        "parent_error_square": 53.025543759024984,
        "parent_rel_l2": 0.17949659073779578,
        "relative_improvement": 0.8056141028747614,
        "sample_id": "train_marmousi_00399",
        "target_square": 1645.7835695181561
      },
      {
        "candidate_error_square": 8.030175404762424,
        "candidate_rel_l2": 0.05121922666785763,
        "correction_square": 23.585450096094,
        "family": "marmousi",
        "parent_error_square": 33.68028470039807,
        "parent_rel_l2": 0.1048958672865705,
        "relative_improvement": 0.5117135880298396,
        "sample_id": "train_marmousi_00268",
        "target_square": 3060.969468504584
      },
      {
        "candidate_error_square": 0.38017889263848853,
        "candidate_rel_l2": 0.010681662165112628,
        "correction_square": 1.459598792956422,
        "family": "uniform",
        "parent_error_square": 2.186249177825818,
        "parent_rel_l2": 0.025615018099054237,
        "relative_improvement": 0.5829922070011335,
        "sample_id": "train_uniform_00085",
        "target_square": 3332.04091061304
      },
      {
        "candidate_error_square": 0.18099694553319523,
        "candidate_rel_l2": 0.005812446824367026,
        "correction_square": 0.400224490237747,
        "family": "uniform",
        "parent_error_square": 0.365844883877088,
        "parent_rel_l2": 0.0082636490127448,
        "relative_improvement": 0.2966246732644806,
        "sample_id": "train_uniform_00020",
        "target_square": 5357.389971470214
      },
      {
        "candidate_error_square": 0.4652369611799914,
        "candidate_rel_l2": 0.005922343902828651,
        "correction_square": 0.8151365391298798,
        "family": "uniform",
        "parent_error_square": 0.6192144660891366,
        "parent_rel_l2": 0.006832459474247516,
        "relative_improvement": 0.1332046790543312,
        "sample_id": "train_uniform_00027",
        "target_square": 13264.380300172399
      },
      {
        "candidate_error_square": 0.25199477488123745,
        "candidate_rel_l2": 0.005896520281744107,
        "correction_square": 0.581559221313831,
        "family": "uniform",
        "parent_error_square": 0.6077798557082765,
        "parent_rel_l2": 0.009157420976907603,
        "relative_improvement": 0.3560937848534599,
        "sample_id": "train_uniform_00116",
        "target_square": 7247.6955586851955
      },
      {
        "candidate_error_square": 1.0322427007854706,
        "candidate_rel_l2": 0.01582295867000331,
        "correction_square": 4.658055162206196,
        "family": "layered",
        "parent_error_square": 3.6457739988430085,
        "parent_rel_l2": 0.029736623557475403,
        "relative_improvement": 0.4678965942646295,
        "sample_id": "train_layered_00551",
        "target_square": 4122.934479539496
      },
      {
        "candidate_error_square": 1.4405948996500946,
        "candidate_rel_l2": 0.020931202987436098,
        "correction_square": 17.47922388949723,
        "family": "layered",
        "parent_error_square": 20.743880013081146,
        "parent_rel_l2": 0.07942701637710348,
        "relative_improvement": 0.7364725008924047,
        "sample_id": "train_layered_00771",
        "target_square": 3288.164179851252
      },
      {
        "candidate_error_square": 0.21646514079069235,
        "candidate_rel_l2": 0.00648231662505799,
        "correction_square": 0.5989231892014288,
        "family": "layered",
        "parent_error_square": 0.8064996045240811,
        "parent_rel_l2": 0.0125123341894588,
        "relative_improvement": 0.4819258719512852,
        "sample_id": "train_layered_00819",
        "target_square": 5151.4262664785465
      },
      {
        "candidate_error_square": 0.25826383779442696,
        "candidate_rel_l2": 0.007314360789731621,
        "correction_square": 1.6151329635587115,
        "family": "layered",
        "parent_error_square": 1.761323208502887,
        "parent_rel_l2": 0.019101351977122972,
        "relative_improvement": 0.6170762782397927,
        "sample_id": "train_layered_00043",
        "target_square": 4827.372844683476
      },
      {
        "candidate_error_square": 7.857392609839939,
        "candidate_rel_l2": 0.043730697191262886,
        "correction_square": 31.330163383420253,
        "family": "layered",
        "parent_error_square": 42.784204778308876,
        "parent_rel_l2": 0.10204433654132099,
        "relative_improvement": 0.571453951552177,
        "sample_id": "train_layered_00239",
        "target_square": 4108.7115364953725
      },
      {
        "candidate_error_square": 7.609761151740044,
        "candidate_rel_l2": 0.04302920625867583,
        "correction_square": 23.021446847610534,
        "family": "marmousi",
        "parent_error_square": 25.7607712210978,
        "parent_rel_l2": 0.07916938155611009,
        "relative_improvement": 0.45649182281183365,
        "sample_id": "train_marmousi_00278",
        "target_square": 4110.023981309067
      },
      {
        "candidate_error_square": 6.112975709859131,
        "candidate_rel_l2": 0.028529155532838895,
        "correction_square": 20.863836218571592,
        "family": "marmousi",
        "parent_error_square": 21.91292718161594,
        "parent_rel_l2": 0.05401480087193737,
        "relative_improvement": 0.47182707198202756,
        "sample_id": "train_marmousi_00652",
        "target_square": 7510.603525499499
      },
      {
        "candidate_error_square": 0.8724400498841588,
        "candidate_rel_l2": 0.010251234594336732,
        "correction_square": 2.137039784553959,
        "family": "marmousi",
        "parent_error_square": 2.714519620860493,
        "parent_rel_l2": 0.01808234986290047,
        "relative_improvement": 0.43308061883211457,
        "sample_id": "train_marmousi_00396",
        "target_square": 8302.009947731218
      },
      {
        "candidate_error_square": 5.024132160429749,
        "candidate_rel_l2": 0.035112455948382026,
        "correction_square": 21.080139675728454,
        "family": "marmousi",
        "parent_error_square": 22.38863917917673,
        "parent_rel_l2": 0.07412155612562522,
        "relative_improvement": 0.526285499337446,
        "sample_id": "train_marmousi_00265",
        "target_square": 4075.1034706093355
      },
      {
        "candidate_error_square": 13.230256945924456,
        "candidate_rel_l2": 0.04486834260158412,
        "correction_square": 6.928642334591688,
        "family": "marmousi",
        "parent_error_square": 26.105634630232597,
        "parent_rel_l2": 0.06302647463645479,
        "relative_improvement": 0.2881032477162847,
        "sample_id": "train_marmousi_00269",
        "target_square": 6571.858803179997
      }
    ]
  },
  "best_score": 0.08429241225560002,
  "checkpoint": "/root/autodl-tmp/work/FNO-Acoustic-Wave-Simulation/grouped-dual-head-v2/results/r52_armA_lr1e5_4x1000_v1_20260829/best.pt",
  "checkpoint_sha256": "111ef13a09f6f9b1e2a4c158072ca9d7e0599aef55bfc55fdf51b82b03290095",
  "elapsed_seconds": 3994.401205385104,
  "schema": "r29a_late_tail_finetune_terminal_v1",
  "script_sha256": "9e5c72ce40e8c935bacc67f4ab2b16ba19c687106e56b6fd0bc5a8cb9f136bba",
  "status": "complete",
  "test_id_opened": false,
  "validation_opened": false
}
=== ARM A exit 0 2026-08-29T14:06:17+08:00
=== ARM B base lr = 1.0e-5
=== ARM B smoke start 2026-08-29T14:06:17+08:00
[2026-08-29 14:06:19,083] torch.distributed.run: [WARNING] master_addr is only used for static rdzv_backend and when rdzv_endpoint is not specified.
{"candidate_max": 0.06582062978039012, "candidate_mean": 0.0200498669411548, "checkpoint_sha256": "4c65ae2a84770bc081bc0df9e76b3413cee6169c22cb96013c20dd1d73613e97", "event": "initial_checkpoint_evaluation"}
{"epoch": 1, "event": "update", "global_step": 1, "gradient": 0.00015825378068257123, "gradient_norm": 0.07249084860086441, "hinge": 5.294373295328114e-07, "learning_rate": 1e-05, "loss": 0.001721999142318964, "parent_relative_square": 0.0024166787043213844, "relative_square": 0.000466767989564687}
{"absolute_goal_passed": false, "candidate_max": 0.06405308325154621, "candidate_mean": 0.020126026434732266, "epoch": 1, "event": "development_holdout_evaluation"}
{
  "absolute_goal_passed": false,
  "best_epoch": 1,
  "best_metrics": {
    "absolute_goal": {
      "max_lte_0p05": false,
      "mean_lte_0p05": true,
      "passed": false
    },
    "aggregate": {
      "candidate_max": 0.06405308325154621,
      "candidate_mean": 0.020126026434732266,
      "candidate_median": 0.015310776569309424,
      "count": 56,
      "max_relative_improvement": 0.6431515329162247,
      "mean_relative_improvement": 0.5582866555039312,
      "parent_max": 0.17949659073779578,
      "parent_mean": 0.04556354632593941
    },
    "elapsed_seconds": 128.07208215352148,
    "epoch": 1,
    "event": "development_holdout_evaluation",
    "global_step": 20,
    "per_family": {
      "layered": {
        "candidate_max": 0.04561031687418955,
        "candidate_mean": 0.018169840478732213,
        "candidate_median": 0.013631948300248428,
        "count": 20,
        "max_relative_improvement": 0.5901683026140454,
        "mean_relative_improvement": 0.594855222534194,
        "parent_max": 0.11129035934777032,
        "parent_mean": 0.0448477716839525
      },
      "marmousi": {
        "candidate_max": 0.06405308325154621,
        "candidate_mean": 0.03206641773495807,
        "candidate_median": 0.03048253082314248,
        "count": 20,
        "max_relative_improvement": 0.6431515329162247,
        "mean_relative_improvement": 0.5555017781117335,
        "parent_max": 0.17949659073779578,
        "parent_mean": 0.07214071093183946
      },
      "uniform": {
        "candidate_max": 0.013819902997023447,
        "candidate_mean": 0.007645769754450072,
        "candidate_median": 0.007319592000869559,
        "count": 16,
        "max_relative_improvement": 0.595389824480267,
        "mean_relative_improvement": 0.42238572537122987,
        "parent_max": 0.03415609352698903,
        "parent_mean": 0.01323680887104802
      }
    },
    "records": [
      {
        "candidate_error_square": 0.4318853747050042,
        "candidate_rel_l2": 0.008188659564692325,
        "correction_square": 0.9621290634955244,
        "family": "uniform",
        "parent_error_square": 0.7653660400851692,
        "parent_rel_l2": 0.010900920229357864,
        "relative_improvement": 0.24881024790558526,
        "sample_id": "train_uniform_00357",
        "target_square": 6440.845255738023
      },
      {
        "candidate_error_square": 0.23687040001571,
        "candidate_rel_l2": 0.0037450534229879133,
        "correction_square": 0.14985033279232726,
        "family": "uniform",
        "parent_error_square": 0.26457395118707794,
        "parent_rel_l2": 0.003958003392631022,
        "relative_improvement": 0.05380237168052393,
        "sample_id": "train_uniform_00186",
        "target_square": 16888.643134439477
      },
      {
        "candidate_error_square": 0.44496811986974816,
        "candidate_rel_l2": 0.0072623954950644274,
        "correction_square": 1.152893010368909,
        "family": "uniform",
        "parent_error_square": 0.7589059530007383,
        "parent_rel_l2": 0.009484390512616965,
        "relative_improvement": 0.23427915737934302,
        "sample_id": "train_uniform_00243",
        "target_square": 8436.631976413919
      },
      {
        "candidate_error_square": 0.20641861873257383,
        "candidate_rel_l2": 0.0047641636299849705,
        "correction_square": 0.17575417623936218,
        "family": "uniform",
        "parent_error_square": 0.2598930503364123,
        "parent_rel_l2": 0.005345761375107274,
        "relative_improvement": 0.1087960543526193,
        "sample_id": "train_uniform_00037",
        "target_square": 9094.430929393091
      },
      {
        "candidate_error_square": 1.56218513047788,
        "candidate_rel_l2": 0.02921714140814186,
        "correction_square": 11.420699456908796,
        "family": "layered",
        "parent_error_square": 12.614075332707156,
        "parent_rel_l2": 0.0830231453728146,
        "relative_improvement": 0.6480843832530967,
        "sample_id": "train_layered_00548",
        "target_square": 1830.0251349139585
      },
      {
        "candidate_error_square": 3.1963387622059147,
        "candidate_rel_l2": 0.03142610706780194,
        "correction_square": 20.206787706968314,
        "family": "layered",
        "parent_error_square": 28.198290222692698,
        "parent_rel_l2": 0.09334167136931966,
        "relative_improvement": 0.6633217875062463,
        "sample_id": "train_layered_00768",
        "target_square": 3236.4703293998764
      },
      {
        "candidate_error_square": 0.36960092730756244,
        "candidate_rel_l2": 0.010891438411696104,
        "correction_square": 0.7592791485929808,
        "family": "layered",
        "parent_error_square": 1.2557532095901003,
        "parent_rel_l2": 0.02007570763331368,
        "relative_improvement": 0.4574817181725229,
        "sample_id": "train_layered_00816",
        "target_square": 3115.7497739024598
      },
      {
        "candidate_error_square": 0.26843693505017774,
        "candidate_rel_l2": 0.008304770604564221,
        "correction_square": 1.4227308419043079,
        "family": "layered",
        "parent_error_square": 1.2267888922288215,
        "parent_rel_l2": 0.017753804065186805,
        "relative_improvement": 0.5322258500729466,
        "sample_id": "train_layered_00040",
        "target_square": 3892.12688371568
      },
      {
        "candidate_error_square": 9.386581594532705,
        "candidate_rel_l2": 0.030883652888033623,
        "correction_square": 16.387396224414825,
        "family": "layered",
        "parent_error_square": 32.338397763590656,
        "parent_rel_l2": 0.05732369572149336,
        "relative_improvement": 0.46124107143960913,
        "sample_id": "train_layered_00236",
        "target_square": 9841.247053827856
      },
      {
        "candidate_error_square": 7.6492563768997615,
        "candidate_rel_l2": 0.02274763886959477,
        "correction_square": 7.674425757479225,
        "family": "marmousi",
        "parent_error_square": 10.092890473594533,
        "parent_rel_l2": 0.026129704393654758,
        "relative_improvement": 0.12943374609631164,
        "sample_id": "train_marmousi_00275",
        "target_square": 14782.455055814296
      },
      {
        "candidate_error_square": 1.880185948993713,
        "candidate_rel_l2": 0.020842377940742757,
        "correction_square": 11.045081268587374,
        "family": "marmousi",
        "parent_error_square": 10.60019136403206,
        "parent_rel_l2": 0.04948843478680308,
        "relative_improvement": 0.5788434604866363,
        "sample_id": "train_marmousi_00279",
        "target_square": 4328.189520310201
      },
      {
        "candidate_error_square": 5.687453112015919,
        "candidate_rel_l2": 0.0394225816269493,
        "correction_square": 26.306546048664586,
        "family": "marmousi",
        "parent_error_square": 28.164465258086796,
        "parent_rel_l2": 0.08772773191784132,
        "relative_improvement": 0.5506257740269713,
        "sample_id": "train_marmousi_00653",
        "target_square": 3659.550184527359
      },
      {
        "candidate_error_square": 1.657407333087313,
        "candidate_rel_l2": 0.022594441513770755,
        "correction_square": 6.157610655027434,
        "family": "marmousi",
        "parent_error_square": 8.28966624430075,
        "parent_rel_l2": 0.050530722241473223,
        "relative_improvement": 0.5528573408114419,
        "sample_id": "train_marmousi_00397",
        "target_square": 3246.5794404651087
      },
      {
        "candidate_error_square": 4.060161018268065,
        "candidate_rel_l2": 0.0369178839416906,
        "correction_square": 25.98239798155188,
        "family": "marmousi",
        "parent_error_square": 30.470752024204742,
        "parent_rel_l2": 0.10113622938420137,
        "relative_improvement": 0.6349687528744512,
        "sample_id": "train_marmousi_00266",
        "target_square": 2978.994194362094
      },
      {
        "candidate_error_square": 0.627746700998415,
        "candidate_rel_l2": 0.006338864028374482,
        "correction_square": 0.48673868190761027,
        "family": "uniform",
        "parent_error_square": 0.565769495016113,
        "parent_rel_l2": 0.006017817048333636,
        "relative_improvement": -0.05334940850848002,
        "sample_id": "train_uniform_00102",
        "target_square": 15622.896907204778
      },
      {
        "candidate_error_square": 0.38258761212176023,
        "candidate_rel_l2": 0.009238074585298834,
        "correction_square": 3.0469284152413127,
        "family": "uniform",
        "parent_error_square": 2.9418147489642372,
        "parent_rel_l2": 0.025616728940070378,
        "relative_improvement": 0.6393733717169334,
        "sample_id": "train_uniform_00369",
        "target_square": 4482.99211760593
      },
      {
        "candidate_error_square": 0.42819678947184503,
        "candidate_rel_l2": 0.008026974392739642,
        "correction_square": 0.7355353896160226,
        "family": "uniform",
        "parent_error_square": 0.6305029062089886,
        "parent_rel_l2": 0.009740331112386001,
        "relative_improvement": 0.17590333427860783,
        "sample_id": "train_uniform_00384",
        "target_square": 6645.683461599649
      },
      {
        "candidate_error_square": 0.39323323963571255,
        "candidate_rel_l2": 0.007376788506674691,
        "correction_square": 0.45486905725911697,
        "family": "uniform",
        "parent_error_square": 0.5768827860925185,
        "parent_rel_l2": 0.008934824198754155,
        "relative_improvement": 0.17437787889511147,
        "sample_id": "train_uniform_00149",
        "target_square": 7226.2928306926015
      },
      {
        "candidate_error_square": 0.5339677941704618,
        "candidate_rel_l2": 0.010891994169020258,
        "correction_square": 5.073861069167664,
        "family": "layered",
        "parent_error_square": 4.803016869225747,
        "parent_rel_l2": 0.03266682487520783,
        "relative_improvement": 0.6665732218962415,
        "sample_id": "train_layered_00549",
        "target_square": 4500.9093208691
      },
      {
        "candidate_error_square": 1.2244412407289762,
        "candidate_rel_l2": 0.019443307812242204,
        "correction_square": 15.363343524122797,
        "family": "layered",
        "parent_error_square": 18.120687971634307,
        "parent_rel_l2": 0.07479774730321916,
        "relative_improvement": 0.7400549012068255,
        "sample_id": "train_layered_00769",
        "target_square": 3238.9007899677113
      },
      {
        "candidate_error_square": 0.5035577296118099,
        "candidate_rel_l2": 0.005766069520204732,
        "correction_square": 0.2707645192205632,
        "family": "layered",
        "parent_error_square": 0.4772756856074061,
        "parent_rel_l2": 0.0056135797382719285,
        "relative_improvement": -0.027164445691074457,
        "sample_id": "train_layered_00817",
        "target_square": 15145.705858345651
      },
      {
        "candidate_error_square": 0.4357887696814061,
        "candidate_rel_l2": 0.01237853060412088,
        "correction_square": 2.910492923488803,
        "family": "layered",
        "parent_error_square": 3.0276480215194574,
        "parent_rel_l2": 0.032627497877710625,
        "relative_improvement": 0.6206104847354159,
        "sample_id": "train_layered_00041",
        "target_square": 2844.0540438818916
      },
      {
        "candidate_error_square": 4.9761952856006335,
        "candidate_rel_l2": 0.016387678097812077,
        "correction_square": 9.031869174508692,
        "family": "layered",
        "parent_error_square": 13.972392695568093,
        "parent_rel_l2": 0.027460226071884707,
        "relative_improvement": 0.4032212970529516,
        "sample_id": "train_layered_00237",
        "target_square": 18529.451612326597
      },
      {
        "candidate_error_square": 4.364325893340571,
        "candidate_rel_l2": 0.03527894777787928,
        "correction_square": 18.527791573272065,
        "family": "marmousi",
        "parent_error_square": 22.833007275374907,
        "parent_rel_l2": 0.08069350773607191,
        "relative_improvement": 0.5628031452881215,
        "sample_id": "train_marmousi_00276",
        "target_square": 3506.5975564991854
      },
      {
        "candidate_error_square": 5.531880676328917,
        "candidate_rel_l2": 0.026549696710724928,
        "correction_square": 14.851395739889899,
        "family": "marmousi",
        "parent_error_square": 19.28724540647201,
        "parent_rel_l2": 0.04957449120469277,
        "relative_improvement": 0.46444842769840256,
        "sample_id": "train_marmousi_00650",
        "target_square": 7847.903878103249
      },
      {
        "candidate_error_square": 1.906498779715943,
        "candidate_rel_l2": 0.016978204113568558,
        "correction_square": 16.00675361571743,
        "family": "marmousi",
        "parent_error_square": 18.36954789356055,
        "parent_rel_l2": 0.05270146870134423,
        "relative_improvement": 0.6778419172759126,
        "sample_id": "train_marmousi_00654",
        "target_square": 6613.830046910512
      },
      {
        "candidate_error_square": 3.082940546231477,
        "candidate_rel_l2": 0.02842002999280197,
        "correction_square": 10.768302477667524,
        "family": "marmousi",
        "parent_error_square": 13.093851783789699,
        "parent_rel_l2": 0.05857005980123216,
        "relative_improvement": 0.5147686362409334,
        "sample_id": "train_marmousi_00398",
        "target_square": 3816.9466140152763
      },
      {
        "candidate_error_square": 17.726380562669785,
        "candidate_rel_l2": 0.06405308325154621,
        "correction_square": 64.23083086381881,
        "family": "marmousi",
        "parent_error_square": 98.92719410683083,
        "parent_rel_l2": 0.1513170447864847,
        "relative_improvement": 0.5766961789273108,
        "sample_id": "train_marmousi_00267",
        "target_square": 4320.559490171483
      },
      {
        "candidate_error_square": 0.5659195755637664,
        "candidate_rel_l2": 0.013819902997023447,
        "correction_square": 2.0719658611735556,
        "family": "uniform",
        "parent_error_square": 2.9984908978453433,
        "parent_rel_l2": 0.03181112320900252,
        "relative_improvement": 0.5655638153288336,
        "sample_id": "train_uniform_00003",
        "target_square": 2963.08921223509
      },
      {
        "candidate_error_square": 0.6248504706637262,
        "candidate_rel_l2": 0.007984116697620383,
        "correction_square": 1.353137741532808,
        "family": "uniform",
        "parent_error_square": 0.8986700525964935,
        "parent_rel_l2": 0.009575003913547054,
        "relative_improvement": 0.16615003297030806,
        "sample_id": "train_uniform_00303",
        "target_square": 9802.172683466513
      },
      {
        "candidate_error_square": 0.29536899810555317,
        "candidate_rel_l2": 0.005389965097593511,
        "correction_square": 0.2941836767276178,
        "family": "uniform",
        "parent_error_square": 0.4137635716193273,
        "parent_rel_l2": 0.0063793969150182555,
        "relative_improvement": 0.1550980179796373,
        "sample_id": "train_uniform_00048",
        "target_square": 10167.004223707852
      },
      {
        "candidate_error_square": 0.350781026823323,
        "candidate_rel_l2": 0.011645136756011348,
        "correction_square": 2.7999285813762453,
        "family": "uniform",
        "parent_error_square": 3.01775026708086,
        "parent_rel_l2": 0.03415609352698903,
        "relative_improvement": 0.6590612229466539,
        "sample_id": "train_uniform_00315",
        "target_square": 2586.705037600812
      },
      {
        "candidate_error_square": 0.8484140447386489,
        "candidate_rel_l2": 0.013030021559690083,
        "correction_square": 3.6490706995026194,
        "family": "layered",
        "parent_error_square": 4.020965054652898,
        "parent_rel_l2": 0.028366539540307344,
        "relative_improvement": 0.5406552307455368,
        "sample_id": "train_layered_00550",
        "target_square": 4997.09470936385
      },
      {
        "candidate_error_square": 4.063748895502631,
        "candidate_rel_l2": 0.0427716178173206,
        "correction_square": 22.12079676145351,
        "family": "layered",
        "parent_error_square": 27.512534412642818,
        "parent_rel_l2": 0.11129035934777032,
        "relative_improvement": 0.6156754451329973,
        "sample_id": "train_layered_00770",
        "target_square": 2221.3424155283287
      },
      {
        "candidate_error_square": 0.30599422690523426,
        "candidate_rel_l2": 0.005273360482103394,
        "correction_square": 0.2927742084851559,
        "family": "layered",
        "parent_error_square": 0.45361394139988676,
        "parent_rel_l2": 0.00642057673462088,
        "relative_improvement": 0.17867806895469274,
        "sample_id": "train_layered_00818",
        "target_square": 11003.689124304516
      },
      {
        "candidate_error_square": 0.26468199175521645,
        "candidate_rel_l2": 0.007983723882432153,
        "correction_square": 0.9332217218931145,
        "family": "layered",
        "parent_error_square": 0.7314323236102815,
        "parent_rel_l2": 0.013271817033201318,
        "relative_improvement": 0.39844530236818787,
        "sample_id": "train_layered_00042",
        "target_square": 4152.535722698397
      },
      {
        "candidate_error_square": 5.638054588030915,
        "candidate_rel_l2": 0.023393926083393832,
        "correction_square": 16.57505084722991,
        "family": "layered",
        "parent_error_square": 25.85880959482982,
        "parent_rel_l2": 0.050100578352246135,
        "relative_improvement": 0.5330607579234656,
        "sample_id": "train_layered_00238",
        "target_square": 10302.03568081211
      },
      {
        "candidate_error_square": 4.280018026605732,
        "candidate_rel_l2": 0.023264937268882072,
        "correction_square": 10.061814868606607,
        "family": "marmousi",
        "parent_error_square": 13.832349196400024,
        "parent_rel_l2": 0.04182414377352204,
        "relative_improvement": 0.44374384817387225,
        "sample_id": "train_marmousi_00277",
        "target_square": 7907.547811681909
      },
      {
        "candidate_error_square": 3.1053790491553754,
        "candidate_rel_l2": 0.02017848412785214,
        "correction_square": 8.933570633234254,
        "family": "marmousi",
        "parent_error_square": 9.387481259255715,
        "parent_rel_l2": 0.03508373077888676,
        "relative_improvement": 0.4248478231968573,
        "sample_id": "train_marmousi_00651",
        "target_square": 7626.715454509187
      },
      {
        "candidate_error_square": 3.22531898387309,
        "candidate_rel_l2": 0.031564294484211636,
        "correction_square": 25.353216917936216,
        "family": "marmousi",
        "parent_error_square": 23.516069950444297,
        "parent_rel_l2": 0.0852299280531865,
        "relative_improvement": 0.6296571497219334,
        "sample_id": "train_marmousi_00395",
        "target_square": 3237.2817555403126
      },
      {
        "candidate_error_square": 2.005631747092819,
        "candidate_rel_l2": 0.034909146964492384,
        "correction_square": 51.73720590666248,
        "family": "marmousi",
        "parent_error_square": 53.025543759024984,
        "parent_rel_l2": 0.17949659073779578,
        "relative_improvement": 0.8055163787735289,
        "sample_id": "train_marmousi_00399",
        "target_square": 1645.7835695181561
      },
      {
        "candidate_error_square": 8.211942523715644,
        "candidate_rel_l2": 0.05179566957055568,
        "correction_square": 23.307400835310986,
        "family": "marmousi",
        "parent_error_square": 33.68028470039807,
        "parent_rel_l2": 0.1048958672865705,
        "relative_improvement": 0.5062182056319493,
        "sample_id": "train_marmousi_00268",
        "target_square": 3060.969468504584
      },
      {
        "candidate_error_square": 0.35066142667915096,
        "candidate_rel_l2": 0.010258617454419758,
        "correction_square": 1.5934168278351013,
        "family": "uniform",
        "parent_error_square": 2.186249177825818,
        "parent_rel_l2": 0.025615018099054237,
        "relative_improvement": 0.5995077022881928,
        "sample_id": "train_uniform_00085",
        "target_square": 3332.04091061304
      },
      {
        "candidate_error_square": 0.19649496825020396,
        "candidate_rel_l2": 0.0060561843504042204,
        "correction_square": 0.4107134906674945,
        "family": "uniform",
        "parent_error_square": 0.365844883877088,
        "parent_rel_l2": 0.0082636490127448,
        "relative_improvement": 0.2671295282430397,
        "sample_id": "train_uniform_00020",
        "target_square": 5357.389971470214
      },
      {
        "candidate_error_square": 0.5095318332820693,
        "candidate_rel_l2": 0.006197865944434276,
        "correction_square": 0.8889672044965325,
        "family": "uniform",
        "parent_error_square": 0.6192144660891366,
        "parent_rel_l2": 0.006832459474247516,
        "relative_improvement": 0.09287922339021715,
        "sample_id": "train_uniform_00027",
        "target_square": 13264.380300172399
      },
      {
        "candidate_error_square": 0.2643684088713002,
        "candidate_rel_l2": 0.006039553147876913,
        "correction_square": 0.5978757925008457,
        "family": "uniform",
        "parent_error_square": 0.6077798557082765,
        "parent_rel_l2": 0.009157420976907603,
        "relative_improvement": 0.3404744454681139,
        "sample_id": "train_uniform_00116",
        "target_square": 7247.6955586851955
      },
      {
        "candidate_error_square": 0.8353197134916392,
        "candidate_rel_l2": 0.014233875040806773,
        "correction_square": 4.491484477308546,
        "family": "layered",
        "parent_error_square": 3.6457739988430085,
        "parent_rel_l2": 0.029736623557475403,
        "relative_improvement": 0.5213351975453662,
        "sample_id": "train_layered_00551",
        "target_square": 4122.934479539496
      },
      {
        "candidate_error_square": 1.4743072552323608,
        "candidate_rel_l2": 0.021174699432668028,
        "correction_square": 17.14174886100104,
        "family": "layered",
        "parent_error_square": 20.743880013081146,
        "parent_rel_l2": 0.07942701637710348,
        "relative_improvement": 0.7334068381451618,
        "sample_id": "train_layered_00771",
        "target_square": 3288.164179851252
      },
      {
        "candidate_error_square": 0.23479720097500945,
        "candidate_rel_l2": 0.006751227045323585,
        "correction_square": 0.5418509595213941,
        "family": "layered",
        "parent_error_square": 0.8064996045240811,
        "parent_rel_l2": 0.0125123341894588,
        "relative_improvement": 0.4604342448740495,
        "sample_id": "train_layered_00819",
        "target_square": 5151.4262664785465
      },
      {
        "candidate_error_square": 0.27760873884693066,
        "candidate_rel_l2": 0.007583350773078333,
        "correction_square": 1.579721426589051,
        "family": "layered",
        "parent_error_square": 1.761323208502887,
        "parent_rel_l2": 0.019101351977122972,
        "relative_improvement": 0.6029940298382728,
        "sample_id": "train_layered_00043",
        "target_square": 4827.372844683476
      },
      {
        "candidate_error_square": 8.547356740121907,
        "candidate_rel_l2": 0.04561031687418955,
        "correction_square": 31.397432512643775,
        "family": "layered",
        "parent_error_square": 42.784204778308876,
        "parent_rel_l2": 0.10204433654132099,
        "relative_improvement": 0.5530343141020816,
        "sample_id": "train_layered_00239",
        "target_square": 4108.7115364953725
      },
      {
        "candidate_error_square": 8.071791306677545,
        "candidate_rel_l2": 0.044316227630679696,
        "correction_square": 21.92630375524054,
        "family": "marmousi",
        "parent_error_square": 25.7607712210978,
        "parent_rel_l2": 0.07916938155611009,
        "relative_improvement": 0.44023526823597514,
        "sample_id": "train_marmousi_00278",
        "target_square": 4110.023981309067
      },
      {
        "candidate_error_square": 6.492204064511163,
        "candidate_rel_l2": 0.029400767162073318,
        "correction_square": 20.704818062145154,
        "family": "marmousi",
        "parent_error_square": 21.91292718161594,
        "parent_rel_l2": 0.05401480087193737,
        "relative_improvement": 0.45569053875105425,
        "sample_id": "train_marmousi_00652",
        "target_square": 7510.603525499499
      },
      {
        "candidate_error_square": 0.8868504404586761,
        "candidate_rel_l2": 0.010335549429280794,
        "correction_square": 2.154609727762512,
        "family": "marmousi",
        "parent_error_square": 2.714519620860493,
        "parent_rel_l2": 0.01808234986290047,
        "relative_improvement": 0.4284177937245742,
        "sample_id": "train_marmousi_00396",
        "target_square": 8302.009947731218
      },
      {
        "candidate_error_square": 5.169495884541478,
        "candidate_rel_l2": 0.03561679009283289,
        "correction_square": 20.754150578515084,
        "family": "marmousi",
        "parent_error_square": 22.38863917917673,
        "parent_rel_l2": 0.07412155612562522,
        "relative_improvement": 0.5194813498995133,
        "sample_id": "train_marmousi_00265",
        "target_square": 4075.1034706093355
      },
      {
        "candidate_error_square": 13.991799267824621,
        "candidate_rel_l2": 0.04614160222903172,
        "correction_square": 6.615136497981015,
        "family": "marmousi",
        "parent_error_square": 26.105634630232597,
        "parent_rel_l2": 0.06302647463645479,
        "relative_improvement": 0.2679012669646731,
        "sample_id": "train_marmousi_00269",
        "target_square": 6571.858803179997
      }
    ]
  },
  "best_score": 0.08417910968627848,
  "checkpoint": "/root/autodl-tmp/work/FNO-Acoustic-Wave-Simulation/grouped-dual-head-v2/results/r52_armB_smoke_1x20_v1_20260829/best.pt",
  "checkpoint_sha256": "a86d5663e34e0e457056273b152c611b9d0cecc6f3aa6eed47aac492eda68281",
  "elapsed_seconds": 128.1830531442538,
  "schema": "r29a_late_tail_finetune_terminal_v1",
  "script_sha256": "ec72898e1a9faea788582eeeaefaf9d1062472954e136deb78b51f7d735a2dbf",
  "status": "complete",
  "test_id_opened": false,
  "validation_opened": false
}
identity gate: initial max 0.06582063 diff 1.41e-10
=== ARM B start 2026-08-29T14:08:44+08:00
[2026-08-29 14:08:45,885] torch.distributed.run: [WARNING] master_addr is only used for static rdzv_backend and when rdzv_endpoint is not specified.
{"candidate_max": 0.06582062978039012, "candidate_mean": 0.0200498669411548, "checkpoint_sha256": "344ff464d484291c2faf2a61e23507909adfcfc6b40f4f5845e47a7c4bd0a45d", "event": "initial_checkpoint_evaluation"}
{"epoch": 1, "event": "update", "global_step": 1, "gradient": 0.00015825378068257123, "gradient_norm": 0.07249080389738083, "hinge": 5.294373295328114e-07, "learning_rate": 1e-05, "loss": 0.001721999142318964, "parent_relative_square": 0.0024166787043213844, "relative_square": 0.000466767989564687}
{"epoch": 1, "event": "update", "global_step": 100, "gradient": 0.0009599631885066628, "gradient_norm": 0.11323108524084091, "hinge": 2.411599950846721e-07, "learning_rate": 1e-05, "loss": 0.0027048676274716854, "parent_relative_square": 0.013447730801999569, "relative_square": 0.0008197891875170171}
{"epoch": 1, "event": "update", "global_step": 200, "gradient": 0.0002481980773154646, "gradient_norm": 0.12413159012794495, "hinge": 0.0, "learning_rate": 1e-05, "loss": 0.0012872982770204544, "parent_relative_square": 0.004448704421520233, "relative_square": 0.0004493482119869441}
{"epoch": 1, "event": "update", "global_step": 300, "gradient": 0.0010365272173658013, "gradient_norm": 0.0946030542254448, "hinge": 3.914358615020319e-07, "learning_rate": 1e-05, "loss": 0.003003297606483102, "parent_relative_square": 0.009344619698822498, "relative_square": 0.0009378802496939898}
{"epoch": 1, "event": "update", "global_step": 400, "gradient": 0.0002931054914370179, "gradient_norm": 0.14313459396362305, "hinge": 6.464202328970714e-07, "learning_rate": 1e-05, "loss": 0.001225996995344758, "parent_relative_square": 0.0026141288690268993, "relative_square": 0.00035828998079523444}
{"epoch": 1, "event": "update", "global_step": 500, "gradient": 0.00023310277902055532, "gradient_norm": 0.10129287093877792, "hinge": 0.0, "learning_rate": 1e-05, "loss": 0.0011889844899997115, "parent_relative_square": 0.0025839300360530615, "relative_square": 0.0003429028729442507}
{"epoch": 1, "event": "update", "global_step": 600, "gradient": 0.000526426185388118, "gradient_norm": 0.25108546018600464, "hinge": 3.3665634191493155e-07, "learning_rate": 1e-05, "loss": 0.001901489682495594, "parent_relative_square": 0.006767908576875925, "relative_square": 0.0005321701755747199}
{"epoch": 1, "event": "update", "global_step": 700, "gradient": 0.0005854725604876876, "gradient_norm": 0.07513028383255005, "hinge": 3.5367722084345132e-09, "learning_rate": 1e-05, "loss": 0.0030465207528322935, "parent_relative_square": 0.0045251306146383286, "relative_square": 0.0008842932293191552}
{"epoch": 1, "event": "update", "global_step": 800, "gradient": 0.0005736346356570721, "gradient_norm": 0.10443707555532455, "hinge": 1.2438301837391919e-06, "learning_rate": 1e-05, "loss": 0.0011959822149947286, "parent_relative_square": 0.006093229167163372, "relative_square": 0.00035076483618468046}
{"epoch": 1, "event": "update", "global_step": 900, "gradient": 0.0003606490499805659, "gradient_norm": 0.08579463511705399, "hinge": 0.0, "learning_rate": 1e-05, "loss": 0.001224713516421616, "parent_relative_square": 0.003317745868116617, "relative_square": 0.00036798688233830035}
{"epoch": 1, "event": "update", "global_step": 1000, "gradient": 0.00018963523325510323, "gradient_norm": 0.1768743395805359, "hinge": 1.7082844028237787e-09, "learning_rate": 1e-05, "loss": 0.000893096555955708, "parent_relative_square": 0.003437990788370371, "relative_square": 0.00029618924600072205}
{"absolute_goal_passed": false, "candidate_max": 0.06425524931300952, "candidate_mean": 0.01996694974815311, "epoch": 1, "event": "development_holdout_evaluation"}
{"epoch": 2, "event": "update", "global_step": 1100, "gradient": 0.0001562859833939001, "gradient_norm": 0.1123628243803978, "hinge": 4.955111307936022e-07, "learning_rate": 8.681980515339464e-06, "loss": 0.0005551038193516433, "parent_relative_square": 0.0028458237648010254, "relative_square": 0.00015374680515378714}
{"epoch": 2, "event": "update", "global_step": 1200, "gradient": 0.000607103924266994, "gradient_norm": 0.08166754245758057, "hinge": 1.5407401576794655e-08, "learning_rate": 8.681980515339464e-06, "loss": 0.0014463531551882625, "parent_relative_square": 0.006256745662540197, "relative_square": 0.0003691237070597708}
{"epoch": 2, "event": "update", "global_step": 1300, "gradient": 0.0005395581829361618, "gradient_norm": 0.05662298575043678, "hinge": 2.7154703730047913e-07, "learning_rate": 8.681980515339464e-06, "loss": 0.0018116864375770092, "parent_relative_square": 0.0070669143460690975, "relative_square": 0.0005666760262101889}
{"epoch": 2, "event": "update", "global_step": 1400, "gradient": 0.0009826734894886613, "gradient_norm": 0.15378083288669586, "hinge": 6.222517185960896e-07, "learning_rate": 8.681980515339464e-06, "loss": 0.002311298158019781, "parent_relative_square": 0.013008504174649715, "relative_square": 0.0006106295622885227}
{"epoch": 2, "event": "update", "global_step": 1500, "gradient": 0.000909796915948391, "gradient_norm": 0.13384008407592773, "hinge": 4.5060679099151457e-07, "learning_rate": 8.681980515339464e-06, "loss": 0.0029361804481595755, "parent_relative_square": 0.011155368760228157, "relative_square": 0.0008197582792490721}
{"epoch": 2, "event": "update", "global_step": 1600, "gradient": 0.0013535225298255682, "gradient_norm": 0.07642379403114319, "hinge": 3.2976947750285035e-07, "learning_rate": 8.681980515339464e-06, "loss": 0.004412562120705843, "parent_relative_square": 0.010228024795651436, "relative_square": 0.0012153317220509052}
{"epoch": 2, "event": "update", "global_step": 1700, "gradient": 0.0005076676607131958, "gradient_norm": 0.08874520659446716, "hinge": 0.0, "learning_rate": 8.681980515339464e-06, "loss": 0.0014398281928151846, "parent_relative_square": 0.005074785090982914, "relative_square": 0.0004573001351673156}
{"epoch": 2, "event": "update", "global_step": 1800, "gradient": 0.0011832701275125146, "gradient_norm": 0.11732125282287598, "hinge": 0.0, "learning_rate": 8.681980515339464e-06, "loss": 0.003496832912787795, "parent_relative_square": 0.010840806178748608, "relative_square": 0.0010424688225612044}
{"epoch": 2, "event": "update", "global_step": 1900, "gradient": 0.0005383138777688146, "gradient_norm": 0.1336231231689453, "hinge": 0.0, "learning_rate": 8.681980515339464e-06, "loss": 0.0015764151467010379, "parent_relative_square": 0.009503355249762535, "relative_square": 0.0004484150558710098}
{"epoch": 2, "event": "update", "global_step": 2000, "gradient": 0.00045098515693098307, "gradient_norm": 0.16976746916770935, "hinge": 5.101090323478275e-07, "learning_rate": 8.681980515339464e-06, "loss": 0.0015610584523528814, "parent_relative_square": 0.0052149295806884766, "relative_square": 0.0005131079815328121}
{"absolute_goal_passed": false, "candidate_max": 0.06435797270144704, "candidate_mean": 0.019914633345542738, "epoch": 2, "event": "development_holdout_evaluation"}
{"epoch": 3, "event": "update", "global_step": 2100, "gradient": 0.0011442876420915127, "gradient_norm": 0.07158001512289047, "hinge": 2.841877630999079e-07, "learning_rate": 5.5e-06, "loss": 0.0050382791087031364, "parent_relative_square": 0.00833101011812687, "relative_square": 0.0013705239398404956}
{"epoch": 3, "event": "update", "global_step": 2200, "gradient": 0.0006825116579420865, "gradient_norm": 0.049202997237443924, "hinge": 4.812594625036581e-07, "learning_rate": 5.5e-06, "loss": 0.0017499403329566121, "parent_relative_square": 0.007943741045892239, "relative_square": 0.0005292388377711177}
{"epoch": 3, "event": "update", "global_step": 2300, "gradient": 0.0011895634233951569, "gradient_norm": 0.06409388035535812, "hinge": 0.0, "learning_rate": 5.5e-06, "loss": 0.002561915898695588, "parent_relative_square": 0.010354895144701004, "relative_square": 0.000802806462161243}
{"epoch": 3, "event": "update", "global_step": 2400, "gradient": 0.000910222006496042, "gradient_norm": 0.08254706114530563, "hinge": 0.0, "learning_rate": 5.5e-06, "loss": 0.0025786461774259806, "parent_relative_square": 0.007676067762076855, "relative_square": 0.0007086757104843855}
{"epoch": 3, "event": "update", "global_step": 2500, "gradient": 0.001358095440082252, "gradient_norm": 0.07401392608880997, "hinge": 0.0, "learning_rate": 5.5e-06, "loss": 0.003323956625536084, "parent_relative_square": 0.009463207796216011, "relative_square": 0.0009802686981856823}
{"epoch": 3, "event": "update", "global_step": 2600, "gradient": 0.0011094165965914726, "gradient_norm": 0.13730351626873016, "hinge": 0.0, "learning_rate": 5.5e-06, "loss": 0.002863755216822028, "parent_relative_square": 0.009731031022965908, "relative_square": 0.0008128470508381724}
{"epoch": 3, "event": "update", "global_step": 2700, "gradient": 0.0004356259014457464, "gradient_norm": 0.17138107120990753, "hinge": 3.491327049687243e-08, "learning_rate": 5.5e-06, "loss": 0.0013432676205411553, "parent_relative_square": 0.005744843278080225, "relative_square": 0.000406389037379995}
{"epoch": 3, "event": "update", "global_step": 2800, "gradient": 0.0006175623857416213, "gradient_norm": 0.04320916160941124, "hinge": 1.2770755120072863e-06, "learning_rate": 5.5e-06, "loss": 0.0019052672432735562, "parent_relative_square": 0.00539403548464179, "relative_square": 0.0005388124263845384}
{"epoch": 3, "event": "update", "global_step": 2900, "gradient": 0.00048752452130429447, "gradient_norm": 0.11238756030797958, "hinge": 0.0, "learning_rate": 5.5e-06, "loss": 0.0016932223225012422, "parent_relative_square": 0.0062376968562603, "relative_square": 0.000570564647205174}
{"epoch": 3, "event": "update", "global_step": 3000, "gradient": 0.0005350355058908463, "gradient_norm": 0.091531902551651, "hinge": 8.109337272799166e-07, "learning_rate": 5.5e-06, "loss": 0.0016905502416193485, "parent_relative_square": 0.005173031240701675, "relative_square": 0.0004171202890574932}
{"absolute_goal_passed": false, "candidate_max": 0.06538712447240849, "candidate_mean": 0.019804104947391477, "epoch": 3, "event": "development_holdout_evaluation"}
{"epoch": 4, "event": "update", "global_step": 3100, "gradient": 0.0008815379114821553, "gradient_norm": 0.08478543162345886, "hinge": 4.308498002814076e-09, "learning_rate": 2.3180194846605362e-06, "loss": 0.002994629554450512, "parent_relative_square": 0.006044364534318447, "relative_square": 0.0007609541644342244}
{"epoch": 4, "event": "update", "global_step": 3200, "gradient": 0.0005062780110165477, "gradient_norm": 0.05261794105172157, "hinge": 6.195085688887048e-07, "learning_rate": 2.3180194846605362e-06, "loss": 0.0017588672926649451, "parent_relative_square": 0.004413631744682789, "relative_square": 0.0004777071299031377}
{"epoch": 4, "event": "update", "global_step": 3300, "gradient": 0.0007866571540944278, "gradient_norm": 0.04739575460553169, "hinge": 1.5733809277662658e-07, "learning_rate": 2.3180194846605362e-06, "loss": 0.002142983954399824, "parent_relative_square": 0.010067407041788101, "relative_square": 0.0006196181057021022}
{"epoch": 4, "event": "update", "global_step": 3400, "gradient": 0.000680873345118016, "gradient_norm": 0.06946307420730591, "hinge": 1.0546032171987463e-06, "learning_rate": 2.3180194846605362e-06, "loss": 0.002127233427017927, "parent_relative_square": 0.0083229448646307, "relative_square": 0.0005831185262650251}
{"epoch": 4, "event": "update", "global_step": 3500, "gradient": 0.00023170177883002907, "gradient_norm": 0.037995845079422, "hinge": 0.0, "learning_rate": 2.3180194846605362e-06, "loss": 0.001028959290124476, "parent_relative_square": 0.0027664811350405216, "relative_square": 0.00033795039053075016}
{"epoch": 4, "event": "update", "global_step": 3600, "gradient": 0.0006833278457634151, "gradient_norm": 0.05410900339484215, "hinge": 1.3298922851845418e-07, "learning_rate": 2.3180194846605362e-06, "loss": 0.002487369580194354, "parent_relative_square": 0.008578827604651451, "relative_square": 0.0007920274510979652}
{"epoch": 4, "event": "update", "global_step": 3700, "gradient": 0.0008997690747492015, "gradient_norm": 0.05186442285776138, "hinge": 4.2108314346478437e-07, "learning_rate": 2.3180194846605362e-06, "loss": 0.0022350680083036423, "parent_relative_square": 0.010130930691957474, "relative_square": 0.000720722833648324}
{"epoch": 4, "event": "update", "global_step": 3800, "gradient": 0.0009467820054851472, "gradient_norm": 0.08232749253511429, "hinge": 3.128658647710836e-07, "learning_rate": 2.3180194846605362e-06, "loss": 0.003113996936008334, "parent_relative_square": 0.009897571057081223, "relative_square": 0.0009476668201386929}
{"epoch": 4, "event": "update", "global_step": 3900, "gradient": 0.00046635576291009784, "gradient_norm": 0.04801265522837639, "hinge": 5.655475661114906e-07, "learning_rate": 2.3180194846605362e-06, "loss": 0.0016881730407476425, "parent_relative_square": 0.005938374903053045, "relative_square": 0.0005093209911137819}
{"epoch": 4, "event": "update", "global_step": 4000, "gradient": 0.0005676847067661583, "gradient_norm": 0.059086695313453674, "hinge": 0.0, "learning_rate": 2.3180194846605362e-06, "loss": 0.0019116069888696074, "parent_relative_square": 0.004829924553632736, "relative_square": 0.0005409064469859004}
{"absolute_goal_passed": false, "candidate_max": 0.06548256240195909, "candidate_mean": 0.019784176099652124, "epoch": 4, "event": "development_holdout_evaluation"}
{
  "absolute_goal_passed": false,
  "best_epoch": 1,
  "best_metrics": {
    "absolute_goal": {
      "max_lte_0p05": false,
      "mean_lte_0p05": true,
      "passed": false
    },
    "aggregate": {
      "candidate_max": 0.06425524931300952,
      "candidate_mean": 0.01996694974815311,
      "candidate_median": 0.01600455900331458,
      "count": 56,
      "max_relative_improvement": 0.6420252382014764,
      "mean_relative_improvement": 0.561777970368696,
      "parent_max": 0.17949659073779578,
      "parent_mean": 0.04556354632593941
    },
    "elapsed_seconds": 1094.5276062078774,
    "epoch": 1,
    "event": "development_holdout_evaluation",
    "global_step": 1000,
    "per_family": {
      "layered": {
        "candidate_max": 0.04501231754634619,
        "candidate_mean": 0.018223421959977892,
        "candidate_median": 0.014359209398710791,
        "count": 20,
        "max_relative_improvement": 0.5955416281325181,
        "mean_relative_improvement": 0.5936604813188828,
        "parent_max": 0.11129035934777032,
        "parent_mean": 0.0448477716839525
      },
      "marmousi": {
        "candidate_max": 0.06425524931300952,
        "candidate_mean": 0.031717182068438085,
        "candidate_median": 0.02904723704012465,
        "count": 20,
        "max_relative_improvement": 0.6420252382014764,
        "mean_relative_improvement": 0.5603428125569021,
        "parent_max": 0.17949659073779578,
        "parent_mean": 0.07214071093183946
      },
      "uniform": {
        "candidate_max": 0.014107752052999216,
        "candidate_mean": 0.0074585690830159205,
        "candidate_median": 0.0067456591665592675,
        "count": 16,
        "max_relative_improvement": 0.5869623661191895,
        "mean_relative_improvement": 0.43652815752824337,
        "parent_max": 0.03415609352698903,
        "parent_mean": 0.01323680887104802
      }
    },
    "records": [
      {
        "candidate_error_square": 0.38967255103518994,
        "candidate_rel_l2": 0.007778188696022447,
        "correction_square": 1.017173186809032,
        "family": "uniform",
        "parent_error_square": 0.7653660400851692,
        "parent_rel_l2": 0.010900920229357864,
        "relative_improvement": 0.2864649467781094,
        "sample_id": "train_uniform_00357",
        "target_square": 6440.845255738023
      },
      {
        "candidate_error_square": 0.23951688760187245,
        "candidate_rel_l2": 0.003765916534405847,
        "correction_square": 0.14802191521687774,
        "family": "uniform",
        "parent_error_square": 0.26457395118707794,
        "parent_rel_l2": 0.003958003392631022,
        "relative_improvement": 0.048531251535256614,
        "sample_id": "train_uniform_00186",
        "target_square": 16888.643134439477
      },
      {
        "candidate_error_square": 0.3463863478475972,
        "candidate_rel_l2": 0.006407606467382429,
        "correction_square": 1.0054263180296874,
        "family": "uniform",
        "parent_error_square": 0.7589059530007383,
        "parent_rel_l2": 0.009484390512616965,
        "relative_improvement": 0.324405035952656,
        "sample_id": "train_uniform_00243",
        "target_square": 8436.631976413919
      },
      {
        "candidate_error_square": 0.19678867792655552,
        "candidate_rel_l2": 0.004651706334062265,
        "correction_square": 0.16843498116478273,
        "family": "uniform",
        "parent_error_square": 0.2598930503364123,
        "parent_rel_l2": 0.005345761375107274,
        "relative_improvement": 0.12983277635191515,
        "sample_id": "train_uniform_00037",
        "target_square": 9094.430929393091
      },
      {
        "candidate_error_square": 1.6245580048171544,
        "candidate_rel_l2": 0.02979470459368983,
        "correction_square": 11.77680674794863,
        "family": "layered",
        "parent_error_square": 12.614075332707156,
        "parent_rel_l2": 0.0830231453728146,
        "relative_improvement": 0.6411277305876932,
        "sample_id": "train_layered_00548",
        "target_square": 1830.0251349139585
      },
      {
        "candidate_error_square": 3.2131491671411685,
        "candidate_rel_l2": 0.031508637870413275,
        "correction_square": 19.92125701106207,
        "family": "layered",
        "parent_error_square": 28.198290222692698,
        "parent_rel_l2": 0.09334167136931966,
        "relative_improvement": 0.662437607895997,
        "sample_id": "train_layered_00768",
        "target_square": 3236.4703293998764
      },
      {
        "candidate_error_square": 0.36810598592069343,
        "candidate_rel_l2": 0.010869389549778952,
        "correction_square": 0.7687972912270462,
        "family": "layered",
        "parent_error_square": 1.2557532095901003,
        "parent_rel_l2": 0.02007570763331368,
        "relative_improvement": 0.45858000383795894,
        "sample_id": "train_layered_00816",
        "target_square": 3115.7497739024598
      },
      {
        "candidate_error_square": 0.2393906369464553,
        "candidate_rel_l2": 0.007842600364023067,
        "correction_square": 1.3632398737398683,
        "family": "layered",
        "parent_error_square": 1.2267888922288215,
        "parent_rel_l2": 0.017753804065186805,
        "relative_improvement": 0.5582580310547915,
        "sample_id": "train_layered_00040",
        "target_square": 3892.12688371568
      },
      {
        "candidate_error_square": 9.633412092731191,
        "candidate_rel_l2": 0.03128707780075809,
        "correction_square": 14.893425110335697,
        "family": "layered",
        "parent_error_square": 32.338397763590656,
        "parent_rel_l2": 0.05732369572149336,
        "relative_improvement": 0.45420340738730347,
        "sample_id": "train_layered_00236",
        "target_square": 9841.247053827856
      },
      {
        "candidate_error_square": 7.215613776818776,
        "candidate_rel_l2": 0.02209344071843443,
        "correction_square": 7.267576171589875,
        "family": "marmousi",
        "parent_error_square": 10.092890473594533,
        "parent_rel_l2": 0.026129704393654758,
        "relative_improvement": 0.15447031525547916,
        "sample_id": "train_marmousi_00275",
        "target_square": 14782.455055814296
      },
      {
        "candidate_error_square": 2.01297294639182,
        "candidate_rel_l2": 0.021565812972326442,
        "correction_square": 11.925511008340752,
        "family": "marmousi",
        "parent_error_square": 10.60019136403206,
        "parent_rel_l2": 0.04948843478680308,
        "relative_improvement": 0.5642251959426018,
        "sample_id": "train_marmousi_00279",
        "target_square": 4328.189520310201
      },
      {
        "candidate_error_square": 5.688041503750546,
        "candidate_rel_l2": 0.039424620792884515,
        "correction_square": 27.033971732107677,
        "family": "marmousi",
        "parent_error_square": 28.164465258086796,
        "parent_rel_l2": 0.08772773191784132,
        "relative_improvement": 0.5506025297701026,
        "sample_id": "train_marmousi_00653",
        "target_square": 3659.550184527359
      },
      {
        "candidate_error_square": 1.4809841246780542,
        "candidate_rel_l2": 0.021358078802052295,
        "correction_square": 6.569342959638808,
        "family": "marmousi",
        "parent_error_square": 8.28966624430075,
        "parent_rel_l2": 0.050530722241473223,
        "relative_improvement": 0.5773248856411042,
        "sample_id": "train_marmousi_00397",
        "target_square": 3246.5794404651087
      },
      {
        "candidate_error_square": 4.252513863457047,
        "candidate_rel_l2": 0.03778226942426958,
        "correction_square": 25.896116367376152,
        "family": "marmousi",
        "parent_error_square": 30.470752024204742,
        "parent_rel_l2": 0.10113622938420137,
        "relative_improvement": 0.6264220086677308,
        "sample_id": "train_marmousi_00266",
        "target_square": 2978.994194362094
      },
      {
        "candidate_error_square": 0.6317249383947114,
        "candidate_rel_l2": 0.00635891803987122,
        "correction_square": 0.49392338925645873,
        "family": "uniform",
        "parent_error_square": 0.565769495016113,
        "parent_rel_l2": 0.006017817048333636,
        "relative_improvement": -0.05668184805186738,
        "sample_id": "train_uniform_00102",
        "target_square": 15622.896907204778
      },
      {
        "candidate_error_square": 0.3737491969014398,
        "candidate_rel_l2": 0.009130743576765528,
        "correction_square": 3.491101457506977,
        "family": "uniform",
        "parent_error_square": 2.9418147489642372,
        "parent_rel_l2": 0.025616728940070378,
        "relative_improvement": 0.6435632512594934,
        "sample_id": "train_uniform_00369",
        "target_square": 4482.99211760593
      },
      {
        "candidate_error_square": 0.3967522840143907,
        "candidate_rel_l2": 0.007726626014164795,
        "correction_square": 0.7029210868136929,
        "family": "uniform",
        "parent_error_square": 0.6305029062089886,
        "parent_rel_l2": 0.009740331112386001,
        "relative_improvement": 0.2067388751970186,
        "sample_id": "train_uniform_00384",
        "target_square": 6645.683461599649
      },
      {
        "candidate_error_square": 0.36260795859911443,
        "candidate_rel_l2": 0.007083711865736105,
        "correction_square": 0.4645917350715836,
        "family": "uniform",
        "parent_error_square": 0.5768827860925185,
        "parent_rel_l2": 0.008934824198754155,
        "relative_improvement": 0.20717949137445413,
        "sample_id": "train_uniform_00149",
        "target_square": 7226.2928306926015
      },
      {
        "candidate_error_square": 0.49487084159744393,
        "candidate_rel_l2": 0.010485660712547031,
        "correction_square": 4.863613303553388,
        "family": "layered",
        "parent_error_square": 4.803016869225747,
        "parent_rel_l2": 0.03266682487520783,
        "relative_improvement": 0.6790119409338425,
        "sample_id": "train_layered_00549",
        "target_square": 4500.9093208691
      },
      {
        "candidate_error_square": 1.2312557882303388,
        "candidate_rel_l2": 0.019497337969086974,
        "correction_square": 15.307912203471188,
        "family": "layered",
        "parent_error_square": 18.120687971634307,
        "parent_rel_l2": 0.07479774730321916,
        "relative_improvement": 0.7393325511522746,
        "sample_id": "train_layered_00769",
        "target_square": 3238.9007899677113
      },
      {
        "candidate_error_square": 0.537454253773614,
        "candidate_rel_l2": 0.005956977958376773,
        "correction_square": 0.29347942428668716,
        "family": "layered",
        "parent_error_square": 0.4772756856074061,
        "parent_rel_l2": 0.0056135797382719285,
        "relative_improvement": -0.061172769625706946,
        "sample_id": "train_layered_00817",
        "target_square": 15145.705858345651
      },
      {
        "candidate_error_square": 0.42775245870402845,
        "candidate_rel_l2": 0.012263864257145258,
        "correction_square": 2.83375145384565,
        "family": "layered",
        "parent_error_square": 3.0276480215194574,
        "parent_rel_l2": 0.032627497877710625,
        "relative_improvement": 0.6241248929626542,
        "sample_id": "train_layered_00041",
        "target_square": 2844.0540438818916
      },
      {
        "candidate_error_square": 4.9859956400585475,
        "candidate_rel_l2": 0.01640380749455612,
        "correction_square": 8.209161621841545,
        "family": "layered",
        "parent_error_square": 13.972392695568093,
        "parent_rel_l2": 0.027460226071884707,
        "relative_improvement": 0.40263392400286013,
        "sample_id": "train_layered_00237",
        "target_square": 18529.451612326597
      },
      {
        "candidate_error_square": 4.46585765997937,
        "candidate_rel_l2": 0.035686953537722485,
        "correction_square": 19.19257956215526,
        "family": "marmousi",
        "parent_error_square": 22.833007275374907,
        "parent_rel_l2": 0.08069350773607191,
        "relative_improvement": 0.5577469050614889,
        "sample_id": "train_marmousi_00276",
        "target_square": 3506.5975564991854
      },
      {
        "candidate_error_square": 4.832898168731567,
        "candidate_rel_l2": 0.02481572596491935,
        "correction_square": 15.38921700826998,
        "family": "marmousi",
        "parent_error_square": 19.28724540647201,
        "parent_rel_l2": 0.04957449120469277,
        "relative_improvement": 0.49942550368383265,
        "sample_id": "train_marmousi_00650",
        "target_square": 7847.903878103249
      },
      {
        "candidate_error_square": 1.8464065862381474,
        "candidate_rel_l2": 0.016708488146719474,
        "correction_square": 16.997593946147497,
        "family": "marmousi",
        "parent_error_square": 18.36954789356055,
        "parent_rel_l2": 0.05270146870134423,
        "relative_improvement": 0.6829597246823351,
        "sample_id": "train_marmousi_00654",
        "target_square": 6613.830046910512
      },
      {
        "candidate_error_square": 2.6492940372326603,
        "candidate_rel_l2": 0.0263455359658909,
        "correction_square": 11.62629484983824,
        "family": "marmousi",
        "parent_error_square": 13.093851783789699,
        "parent_rel_l2": 0.05857005980123216,
        "relative_improvement": 0.5501876546600921,
        "sample_id": "train_marmousi_00398",
        "target_square": 3816.9466140152763
      },
      {
        "candidate_error_square": 17.83845410548479,
        "candidate_rel_l2": 0.06425524931300952,
        "correction_square": 64.02623607138375,
        "family": "marmousi",
        "parent_error_square": 98.92719410683083,
        "parent_rel_l2": 0.1513170447864847,
        "relative_improvement": 0.5753601360396865,
        "sample_id": "train_marmousi_00267",
        "target_square": 4320.559490171483
      },
      {
        "candidate_error_square": 0.5897396990434396,
        "candidate_rel_l2": 0.014107752052999216,
        "correction_square": 1.8978485841222148,
        "family": "uniform",
        "parent_error_square": 2.9984908978453433,
        "parent_rel_l2": 0.03181112320900252,
        "relative_improvement": 0.5565151233324973,
        "sample_id": "train_uniform_00003",
        "target_square": 2963.08921223509
      },
      {
        "candidate_error_square": 0.5521325926377181,
        "candidate_rel_l2": 0.007505169719302229,
        "correction_square": 1.2351684689503473,
        "family": "uniform",
        "parent_error_square": 0.8986700525964935,
        "parent_rel_l2": 0.009575003913547054,
        "relative_improvement": 0.21617058467374106,
        "sample_id": "train_uniform_00303",
        "target_square": 9802.172683466513
      },
      {
        "candidate_error_square": 0.29087051831130806,
        "candidate_rel_l2": 0.005348762943106858,
        "correction_square": 0.27582184314740976,
        "family": "uniform",
        "parent_error_square": 0.4137635716193273,
        "parent_rel_l2": 0.0063793969150182555,
        "relative_improvement": 0.1615566464417817,
        "sample_id": "train_uniform_00048",
        "target_square": 10167.004223707852
      },
      {
        "candidate_error_square": 0.3415757178031707,
        "candidate_rel_l2": 0.01149132322098903,
        "correction_square": 2.651428400088382,
        "family": "uniform",
        "parent_error_square": 3.01775026708086,
        "parent_rel_l2": 0.03415609352698903,
        "relative_improvement": 0.6635644760748485,
        "sample_id": "train_uniform_00315",
        "target_square": 2586.705037600812
      },
      {
        "candidate_error_square": 0.8592684693065848,
        "candidate_rel_l2": 0.013113108285348549,
        "correction_square": 3.413715437005809,
        "family": "layered",
        "parent_error_square": 4.020965054652898,
        "parent_rel_l2": 0.028366539540307344,
        "relative_improvement": 0.5377261908624589,
        "sample_id": "train_layered_00550",
        "target_square": 4997.09470936385
      },
      {
        "candidate_error_square": 4.121693259623055,
        "candidate_rel_l2": 0.0430754754131792,
        "correction_square": 22.064238751235163,
        "family": "layered",
        "parent_error_square": 27.512534412642818,
        "parent_rel_l2": 0.11129035934777032,
        "relative_improvement": 0.6129451314055604,
        "sample_id": "train_layered_00770",
        "target_square": 2221.3424155283287
      },
      {
        "candidate_error_square": 0.32429579459369506,
        "candidate_rel_l2": 0.005428770749655486,
        "correction_square": 0.29223212954045863,
        "family": "layered",
        "parent_error_square": 0.45361394139988676,
        "parent_rel_l2": 0.00642057673462088,
        "relative_improvement": 0.15447303660703882,
        "sample_id": "train_layered_00818",
        "target_square": 11003.689124304516
      },
      {
        "candidate_error_square": 0.24102946891601212,
        "candidate_rel_l2": 0.007618656328102384,
        "correction_square": 0.8845203426183336,
        "family": "layered",
        "parent_error_square": 0.7314323236102815,
        "parent_rel_l2": 0.013271817033201318,
        "relative_improvement": 0.4259522784978693,
        "sample_id": "train_layered_00042",
        "target_square": 4152.535722698397
      },
      {
        "candidate_error_square": 5.666315127465146,
        "candidate_rel_l2": 0.02345248338929084,
        "correction_square": 15.210574616478853,
        "family": "layered",
        "parent_error_square": 25.85880959482982,
        "parent_rel_l2": 0.050100578352246135,
        "relative_improvement": 0.5318919629150467,
        "sample_id": "train_layered_00238",
        "target_square": 10302.03568081211
      },
      {
        "candidate_error_square": 4.605239269624318,
        "candidate_rel_l2": 0.024132659564212802,
        "correction_square": 10.16883193981258,
        "family": "marmousi",
        "parent_error_square": 13.832349196400024,
        "parent_rel_l2": 0.04182414377352204,
        "relative_improvement": 0.4229969250562239,
        "sample_id": "train_marmousi_00277",
        "target_square": 7907.547811681909
      },
      {
        "candidate_error_square": 3.1935178480034954,
        "candidate_rel_l2": 0.020462839696839197,
        "correction_square": 9.018588827536119,
        "family": "marmousi",
        "parent_error_square": 9.387481259255715,
        "parent_rel_l2": 0.03508373077888676,
        "relative_improvement": 0.41674276815641154,
        "sample_id": "train_marmousi_00651",
        "target_square": 7626.715454509187
      },
      {
        "candidate_error_square": 2.952292526902464,
        "candidate_rel_l2": 0.030198783163700275,
        "correction_square": 24.869183338526042,
        "family": "marmousi",
        "parent_error_square": 23.516069950444297,
        "parent_rel_l2": 0.0852299280531865,
        "relative_improvement": 0.6456786500528879,
        "sample_id": "train_marmousi_00395",
        "target_square": 3237.2817555403126
      },
      {
        "candidate_error_square": 2.0375209083670893,
        "candidate_rel_l2": 0.03518557688287239,
        "correction_square": 51.6928612549524,
        "family": "marmousi",
        "parent_error_square": 53.025543759024984,
        "parent_rel_l2": 0.17949659073779578,
        "relative_improvement": 0.803976349978309,
        "sample_id": "train_marmousi_00399",
        "target_square": 1645.7835695181561
      },
      {
        "candidate_error_square": 8.42112582753028,
        "candidate_rel_l2": 0.05245121821223782,
        "correction_square": 23.36411219996535,
        "family": "marmousi",
        "parent_error_square": 33.68028470039807,
        "parent_rel_l2": 0.1048958672865705,
        "relative_improvement": 0.49996868733690336,
        "sample_id": "train_marmousi_00268",
        "target_square": 3060.969468504584
      },
      {
        "candidate_error_square": 0.3938272117337115,
        "candidate_rel_l2": 0.010871705960875258,
        "correction_square": 1.4603206105557975,
        "family": "uniform",
        "parent_error_square": 2.186249177825818,
        "parent_rel_l2": 0.025615018099054237,
        "relative_improvement": 0.5755729736815347,
        "sample_id": "train_uniform_00085",
        "target_square": 3332.04091061304
      },
      {
        "candidate_error_square": 0.17691524028986144,
        "candidate_rel_l2": 0.005746534165752262,
        "correction_square": 0.3875425470267437,
        "family": "uniform",
        "parent_error_square": 0.365844883877088,
        "parent_rel_l2": 0.0082636490127448,
        "relative_improvement": 0.3046008903706414,
        "sample_id": "train_uniform_00020",
        "target_square": 5357.389971470214
      },
      {
        "candidate_error_square": 0.4372687278498862,
        "candidate_rel_l2": 0.005741570833078301,
        "correction_square": 0.7476291635579314,
        "family": "uniform",
        "parent_error_square": 0.6192144660891366,
        "parent_rel_l2": 0.006832459474247516,
        "relative_improvement": 0.15966265812200198,
        "sample_id": "train_uniform_00027",
        "target_square": 13264.380300172399
      },
      {
        "candidate_error_square": 0.22898490553527467,
        "candidate_rel_l2": 0.005620868903740937,
        "correction_square": 0.5107358129957971,
        "family": "uniform",
        "parent_error_square": 0.6077798557082765,
        "parent_rel_l2": 0.009157420976907603,
        "relative_improvement": 0.3861952051876657,
        "sample_id": "train_uniform_00116",
        "target_square": 7247.6955586851955
      },
      {
        "candidate_error_square": 1.0040405718857208,
        "candidate_rel_l2": 0.015605310512073034,
        "correction_square": 4.901725501270491,
        "family": "layered",
        "parent_error_square": 3.6457739988430085,
        "parent_rel_l2": 0.029736623557475403,
        "relative_improvement": 0.47521578965040023,
        "sample_id": "train_layered_00551",
        "target_square": 4122.934479539496
      },
      {
        "candidate_error_square": 1.4656972749551527,
        "candidate_rel_l2": 0.021112778587198337,
        "correction_square": 17.06622798936917,
        "family": "layered",
        "parent_error_square": 20.743880013081146,
        "parent_rel_l2": 0.07942701637710348,
        "relative_improvement": 0.7341864323977736,
        "sample_id": "train_layered_00771",
        "target_square": 3288.164179851252
      },
      {
        "candidate_error_square": 0.23232932113026905,
        "candidate_rel_l2": 0.006715653305741949,
        "correction_square": 0.5254428702693303,
        "family": "layered",
        "parent_error_square": 0.8064996045240811,
        "parent_rel_l2": 0.0125123341894588,
        "relative_improvement": 0.463277338659988,
        "sample_id": "train_layered_00819",
        "target_square": 5151.4262664785465
      },
      {
        "candidate_error_square": 0.2660519654687879,
        "candidate_rel_l2": 0.007423826512246468,
        "correction_square": 1.5273305635336871,
        "family": "layered",
        "parent_error_square": 1.761323208502887,
        "parent_rel_l2": 0.019101351977122972,
        "relative_improvement": 0.6113454942279621,
        "sample_id": "train_layered_00043",
        "target_square": 4827.372844683476
      },
      {
        "candidate_error_square": 8.324696316814498,
        "candidate_rel_l2": 0.04501231754634619,
        "correction_square": 29.323708260432763,
        "family": "layered",
        "parent_error_square": 42.784204778308876,
        "parent_rel_l2": 0.10204433654132099,
        "relative_improvement": 0.558894505349454,
        "sample_id": "train_layered_00239",
        "target_square": 4108.7115364953725
      },
      {
        "candidate_error_square": 7.900727288886261,
        "candidate_rel_l2": 0.04384412000197164,
        "correction_square": 23.107833360704326,
        "family": "marmousi",
        "parent_error_square": 25.7607712210978,
        "parent_rel_l2": 0.07916938155611009,
        "relative_improvement": 0.44619852851954145,
        "sample_id": "train_marmousi_00278",
        "target_square": 4110.023981309067
      },
      {
        "candidate_error_square": 5.844523128733846,
        "candidate_rel_l2": 0.027895690916549025,
        "correction_square": 20.476658194585685,
        "family": "marmousi",
        "parent_error_square": 21.91292718161594,
        "parent_rel_l2": 0.05401480087193737,
        "relative_improvement": 0.4835546837859058,
        "sample_id": "train_marmousi_00652",
        "target_square": 7510.603525499499
      },
      {
        "candidate_error_square": 0.8774918815624292,
        "candidate_rel_l2": 0.010280871449915047,
        "correction_square": 2.1809425134587013,
        "family": "marmousi",
        "parent_error_square": 2.714519620860493,
        "parent_rel_l2": 0.01808234986290047,
        "relative_improvement": 0.43144162523874763,
        "sample_id": "train_marmousi_00396",
        "target_square": 8302.009947731218
      },
      {
        "candidate_error_square": 4.961531450491688,
        "candidate_rel_l2": 0.03489301957953329,
        "correction_square": 21.23319123938307,
        "family": "marmousi",
        "parent_error_square": 22.38863917917673,
        "parent_rel_l2": 0.07412155612562522,
        "relative_improvement": 0.5292459926179274,
        "sample_id": "train_marmousi_00265",
        "target_square": 4075.1034706093355
      },
      {
        "candidate_error_square": 13.285953371371793,
        "candidate_rel_l2": 0.04496268626270114,
        "correction_square": 6.896453103159672,
        "family": "marmousi",
        "parent_error_square": 26.105634630232597,
        "parent_rel_l2": 0.06302647463645479,
        "relative_improvement": 0.28660635832716364,
        "sample_id": "train_marmousi_00269",
        "target_square": 6571.858803179997
      }
    ]
  },
  "best_score": 0.08422219906116263,
  "checkpoint": "/root/autodl-tmp/work/FNO-Acoustic-Wave-Simulation/grouped-dual-head-v2/results/r52_armB_spatial_4x1000_v1_20260829/best.pt",
  "checkpoint_sha256": "04c8cf8fca027cb230374afc0aa3f295fe202e02b8590227b1852fc17a67c65f",
  "elapsed_seconds": 4095.170538079925,
  "schema": "r29a_late_tail_finetune_terminal_v1",
  "script_sha256": "ec72898e1a9faea788582eeeaefaf9d1062472954e136deb78b51f7d735a2dbf",
  "status": "complete",
  "test_id_opened": false,
  "validation_opened": false
}
=== ARM B exit 0 2026-08-29T15:17:21+08:00
=== R52 orchestrator done 2026-08-29T15:17:21+08:00
