{
  "checkpoint": "/root/autodl-tmp/home/jiayh/Data/FNO-Acoustic-Wave-Simulation/1/pretraining/local_field_w128_hicap/temporal_latent_a3_rank32_r5b_train_gate_record_l2_diag/run/best.pt",
  "checkpoint_epoch": 3,
  "checkpoint_global_step": 420,
  "checkpoint_identity": "/root/autodl-tmp/home/jiayh/Data/FNO-Acoustic-Wave-Simulation/1/pretraining/local_field_w128_hicap/temporal_latent_a3_rank32_r5b_train_gate_record_l2_diag/run/run_identity.json",
  "checkpoint_identity_sha256": "a8141ab179e7cc18331c0878743d5ecaec106f0ff727e7a20ec198d126c03449",
  "checkpoint_sha256": "9295d21f2e0858dd5d2bb2ab2c10a0a39e062148a796e7ab71eec016a2ae9a3b",
  "config": "/root/autodl-tmp/work/FNO-Acoustic-Wave-Simulation/grouped-dual-head-v2/configs/saved_time_v4/generated/local_field_w128_temporal_latent_a3_rank32_r5b_train_gate_record_l2_diag.yaml",
  "config_file_sha256": "b76650fc4e506f1eb68174a6d0cdc24db4c54083e2e74eace0e1907a2b2df034",
  "fixed_source_parameters": {
    "source_amplitude": 1.0,
    "source_f0_hz": 19.0,
    "source_kind": "bilinear unit-mass nodal Ricker point source",
    "source_t0_rule": "1.5 / f0",
    "source_t0_s": 0.07894736842105263
  },
  "input_hdf5_datasets_accessed": [
    "time_s",
    "velocity_mps",
    "x_m",
    "z_m"
  ],
  "inputs": [
    {
      "input_file_sha256": "29d76de9c35db1b4afefcde7c58dcfe7ef66481d56f3ddcb3145662076da4da3",
      "input_path": "/root/autodl-tmp/home/jiayh/Data/FNO-Acoustic-Wave-Simulation/1/evaluation/marmousi_fixed19hz_position_240_post_r5d_r1/inputs/marm_r01_velocity.npz",
      "slice_rank": 1,
      "source_group_id": "validation:marmousi:x1300.0:z50.0",
      "source_index": 3385,
      "source_sample_id": "validation_marmousi_00135",
      "velocity_array_sha256": "e9084603b68cf7b7fdb44540aaeaf70b01d80288df0654e678b2f7082b6b0929"
    },
    {
      "input_file_sha256": "e688e0ab957d8b673365a96207512294f4855c360929a281f1c73ecd2323c6fb",
      "input_path": "/root/autodl-tmp/home/jiayh/Data/FNO-Acoustic-Wave-Simulation/1/evaluation/marmousi_fixed19hz_position_240_post_r5d_r1/inputs/marm_r02_velocity.npz",
      "slice_rank": 2,
      "source_group_id": "validation:marmousi:x1250.0:z0.0",
      "source_index": 3290,
      "source_sample_id": "validation_marmousi_00040",
      "velocity_array_sha256": "b0659203d0d94af282b14e95f3fc55b8b70522aee93d10425a742c52203f3965"
    },
    {
      "input_file_sha256": "7938e2e91f2625e59ad563812558e8fa878a0a522f30d3e3a2605cd86b5a27f3",
      "input_path": "/root/autodl-tmp/home/jiayh/Data/FNO-Acoustic-Wave-Simulation/1/evaluation/marmousi_fixed19hz_position_240_post_r5d_r1/inputs/marm_r03_velocity.npz",
      "slice_rank": 3,
      "source_group_id": "validation:marmousi:x1150.0:z50.0",
      "source_index": 3380,
      "source_sample_id": "validation_marmousi_00130",
      "velocity_array_sha256": "9ef83d5bc138faa955c573a2d445b9a896c0d09a5b8ec4d3110313743639ebd8"
    },
    {
      "input_file_sha256": "8b02b21d3e1d15c9ff84b6955b62c77851f3b25c2c0a012600b59878bcee3125",
      "input_path": "/root/autodl-tmp/home/jiayh/Data/FNO-Acoustic-Wave-Simulation/1/evaluation/marmousi_fixed19hz_position_240_post_r5d_r1/inputs/marm_r04_velocity.npz",
      "slice_rank": 4,
      "source_group_id": "validation:marmousi:x1100.0:z0.0",
      "source_index": 3285,
      "source_sample_id": "validation_marmousi_00035",
      "velocity_array_sha256": "4eb8d5ec9c7122e856fe79b549cf5c237e3e9c552cf8750fc490abb44e1bcc7e"
    },
    {
      "input_file_sha256": "679823fd8923a8539c0aef8a1d1f107939d0ded9c202760b1bdf62f03cb2990d",
      "input_path": "/root/autodl-tmp/home/jiayh/Data/FNO-Acoustic-Wave-Simulation/1/evaluation/marmousi_fixed19hz_position_240_post_r5d_r1/inputs/marm_r05_velocity.npz",
      "slice_rank": 5,
      "source_group_id": "validation:marmousi:x1000.0:z50.0",
      "source_index": 3375,
      "source_sample_id": "validation_marmousi_00125",
      "velocity_array_sha256": "eaaf2f7355bbb706f1e4e492d66ae7100221e1f6de51f6e1a3ec4608a005983a"
    },
    {
      "input_file_sha256": "e0c2bee8eae4bc4fb28d12eb317dcd79891acb444e5c0ec98069eba8fff83675",
      "input_path": "/root/autodl-tmp/home/jiayh/Data/FNO-Acoustic-Wave-Simulation/1/evaluation/marmousi_fixed19hz_position_240_post_r5d_r1/inputs/marm_r06_velocity.npz",
      "slice_rank": 6,
      "source_group_id": "validation:marmousi:x850.0:z50.0",
      "source_index": 3370,
      "source_sample_id": "validation_marmousi_00120",
      "velocity_array_sha256": "d93e99763325861feab479cacb6c79dc1252743cf21cb2183eb14185471625cf"
    },
    {
      "input_file_sha256": "c7a336e2ad189c9160dadcf67fb38ef01c66d80e12c86f60c67ad9b81d81f1f5",
      "input_path": "/root/autodl-tmp/home/jiayh/Data/FNO-Acoustic-Wave-Simulation/1/evaluation/marmousi_fixed19hz_position_240_post_r5d_r1/inputs/marm_r07_velocity.npz",
      "slice_rank": 7,
      "source_group_id": "validation:marmousi:x950.0:z0.0",
      "source_index": 3280,
      "source_sample_id": "validation_marmousi_00030",
      "velocity_array_sha256": "9c5dc8976e683cd5d61f26cc6be50ef6b46531a50f63ec1f36d0f69132bda788"
    },
    {
      "input_file_sha256": "6af04b173e503e8564dba2a78d744acf40b2024334e07f2dc17f120d810dc7ff",
      "input_path": "/root/autodl-tmp/home/jiayh/Data/FNO-Acoustic-Wave-Simulation/1/evaluation/marmousi_fixed19hz_position_240_post_r5d_r1/inputs/marm_r08_velocity.npz",
      "slice_rank": 8,
      "source_group_id": "validation:marmousi:x800.0:z0.0",
      "source_index": 3275,
      "source_sample_id": "validation_marmousi_00025",
      "velocity_array_sha256": "fdedf7115888cd79fb49c94788d0ae4a15c2d21a69deb4fc31df7aeea279b064"
    },
    {
      "input_file_sha256": "32e0f3d1203474263c572354af53f6f41fb535a8429cbe4f7e611e5001e43261",
      "input_path": "/root/autodl-tmp/home/jiayh/Data/FNO-Acoustic-Wave-Simulation/1/evaluation/marmousi_fixed19hz_position_240_post_r5d_r1/inputs/marm_r09_velocity.npz",
      "slice_rank": 9,
      "source_group_id": "validation:marmousi:x700.0:z50.0",
      "source_index": 3365,
      "source_sample_id": "validation_marmousi_00115",
      "velocity_array_sha256": "9f27f8fcefb97a56eae56979c8358f2e43980f3caad1085d05032a4d5e31fbd6"
    },
    {
      "input_file_sha256": "7c5db3fa278086b122bf1996ccf4f870bd5a1c931a7dec15698e302fa90af796",
      "input_path": "/root/autodl-tmp/home/jiayh/Data/FNO-Acoustic-Wave-Simulation/1/evaluation/marmousi_fixed19hz_position_240_post_r5d_r1/inputs/marm_r10_velocity.npz",
      "slice_rank": 10,
      "source_group_id": "validation:marmousi:x650.0:z0.0",
      "source_index": 3270,
      "source_sample_id": "validation_marmousi_00020",
      "velocity_array_sha256": "69052f6e8245253a846e3088066dcca4b47a365a23b9d8891322a83db14bbd95"
    },
    {
      "input_file_sha256": "3a7c20a648d763cd4a97e459cae46d6ab483b879eb9d91a7b4bbc9224290d6d2",
      "input_path": "/root/autodl-tmp/home/jiayh/Data/FNO-Acoustic-Wave-Simulation/1/evaluation/marmousi_fixed19hz_position_240_post_r5d_r1/inputs/marm_r11_velocity.npz",
      "slice_rank": 11,
      "source_group_id": "validation:marmousi:x550.0:z50.0",
      "source_index": 3360,
      "source_sample_id": "validation_marmousi_00110",
      "velocity_array_sha256": "e819fcb26625778d37751ff14728d6fbcf7ef2dd0f5d508547af4acef391fc72"
    },
    {
      "input_file_sha256": "bd0b45fcc7a1d614b9277d66e878fd78320c0b47fe851b55ddf0d2c562c10c45",
      "input_path": "/root/autodl-tmp/home/jiayh/Data/FNO-Acoustic-Wave-Simulation/1/evaluation/marmousi_fixed19hz_position_240_post_r5d_r1/inputs/marm_r12_velocity.npz",
      "slice_rank": 12,
      "source_group_id": "validation:marmousi:x400.0:z50.0",
      "source_index": 3355,
      "source_sample_id": "validation_marmousi_00105",
      "velocity_array_sha256": "5d697081e4680798fb7e75e037c3a8868ce66598d0eb0fef191193e9000e1b91"
    },
    {
      "input_file_sha256": "b79bf293ca1ec8567e00b984b7b75f731575d436418c18f9642a050ed03ef569",
      "input_path": "/root/autodl-tmp/home/jiayh/Data/FNO-Acoustic-Wave-Simulation/1/evaluation/marmousi_fixed19hz_position_240_post_r5d_r1/inputs/marm_r13_velocity.npz",
      "slice_rank": 13,
      "source_group_id": "validation:marmousi:x500.0:z0.0",
      "source_index": 3265,
      "source_sample_id": "validation_marmousi_00015",
      "velocity_array_sha256": "a6920cae0090ce9720a2da8e07821d0ce82ffefb79e1b41f013f65a38fb3bd5d"
    },
    {
      "input_file_sha256": "465b2572b8e0702918286b59158a5bce7097991a85b0de4dd3b78e858e0ebdfd",
      "input_path": "/root/autodl-tmp/home/jiayh/Data/FNO-Acoustic-Wave-Simulation/1/evaluation/marmousi_fixed19hz_position_240_post_r5d_r1/inputs/marm_r14_velocity.npz",
      "slice_rank": 14,
      "source_group_id": "validation:marmousi:x250.0:z50.0",
      "source_index": 3350,
      "source_sample_id": "validation_marmousi_00100",
      "velocity_array_sha256": "6cfc540d723f1e6a4772dcf221fe29dd1e0aaa4b01f3c51b203b0d47368cd023"
    },
    {
      "input_file_sha256": "cc5d7c77515a8b0956defeca13d19cd0dc022a7057a07ecf34f6e63f1e6649b5",
      "input_path": "/root/autodl-tmp/home/jiayh/Data/FNO-Acoustic-Wave-Simulation/1/evaluation/marmousi_fixed19hz_position_240_post_r5d_r1/inputs/marm_r15_velocity.npz",
      "slice_rank": 15,
      "source_group_id": "validation:marmousi:x350.0:z0.0",
      "source_index": 3260,
      "source_sample_id": "validation_marmousi_00010",
      "velocity_array_sha256": "0c3ab8df22e5b9297b44e5d986c2dedcbb6b8771f0139195f0cc0da723d3203f"
    },
    {
      "input_file_sha256": "1e8cccffaa05a8af91ef0c1c1d0e8376a9dacea72ffccb399dd6d0f2bb3ad167",
      "input_path": "/root/autodl-tmp/home/jiayh/Data/FNO-Acoustic-Wave-Simulation/1/evaluation/marmousi_fixed19hz_position_240_post_r5d_r1/inputs/marm_r16_velocity.npz",
      "slice_rank": 16,
      "source_group_id": "validation:marmousi:x200.0:z0.0",
      "source_index": 3255,
      "source_sample_id": "validation_marmousi_00005",
      "velocity_array_sha256": "7c7cd4198ed228f73116b04fdf5674ba7df7458e314d78294302e0015b385571"
    },
    {
      "input_file_sha256": "e528b6bd69ce3f57e62e880cdbcf8042e934e32cf35a97b43d5f67b721ef1cea",
      "input_path": "/root/autodl-tmp/home/jiayh/Data/FNO-Acoustic-Wave-Simulation/1/evaluation/marmousi_fixed19hz_position_240_post_r5d_r1/inputs/marm_r17_velocity.npz",
      "slice_rank": 17,
      "source_group_id": "validation:marmousi:x100.0:z50.0",
      "source_index": 3345,
      "source_sample_id": "validation_marmousi_00095",
      "velocity_array_sha256": "9164fd78fd46bff090218ccd3905c0367378cb9c20e42a557621e49ac20f3efb"
    },
    {
      "input_file_sha256": "0d42b44f7d804598e35ce857624d7fa2bef9bd8e6264e3eb03454e9c7c8d2a03",
      "input_path": "/root/autodl-tmp/home/jiayh/Data/FNO-Acoustic-Wave-Simulation/1/evaluation/marmousi_fixed19hz_position_240_post_r5d_r1/inputs/marm_r18_velocity.npz",
      "slice_rank": 18,
      "source_group_id": "validation:marmousi:x50.0:z0.0",
      "source_index": 3250,
      "source_sample_id": "validation_marmousi_00000",
      "velocity_array_sha256": "4636c41cfe36e36bdbc381542750d29861e790e21a388be7283fdb07e1e2633d"
    },
    {
      "input_file_sha256": "f13a8dee766ed70c72d048aaa4b116530d0ab94531ce0366f97e971d2edfdcfa",
      "input_path": "/root/autodl-tmp/home/jiayh/Data/FNO-Acoustic-Wave-Simulation/1/evaluation/marmousi_fixed19hz_position_240_post_r5d_r1/inputs/marm_r19_velocity.npz",
      "slice_rank": 19,
      "source_group_id": "validation:marmousi:x7050.0:z0.0",
      "source_index": 3335,
      "source_sample_id": "validation_marmousi_00085",
      "velocity_array_sha256": "470eb5555ffccf3a0b7e05b02954de01521f5afabb06d23109e8bfbb21a41d06"
    },
    {
      "input_file_sha256": "12327372da238f06c0c04588a6b8230e6cc24bbd2586c2d541771479a1275b30",
      "input_path": "/root/autodl-tmp/home/jiayh/Data/FNO-Acoustic-Wave-Simulation/1/evaluation/marmousi_fixed19hz_position_240_post_r5d_r1/inputs/marm_r20_velocity.npz",
      "slice_rank": 20,
      "source_group_id": "validation:marmousi:x7200.0:z0.0",
      "source_index": 3340,
      "source_sample_id": "validation_marmousi_00090",
      "velocity_array_sha256": "443e8c29b8f138024cd149c1550645d771ceab6100ea12ffce7119ccca24c153"
    },
    {
      "input_file_sha256": "e1bacff4fb33a8dcbb172a764af27410e159599c22bdf14ad4b0828a47f08f78",
      "input_path": "/root/autodl-tmp/home/jiayh/Data/FNO-Acoustic-Wave-Simulation/1/evaluation/marmousi_fixed19hz_position_240_post_r5d_r1/inputs/marm_r21_velocity.npz",
      "slice_rank": 21,
      "source_group_id": "validation:marmousi:x6900.0:z0.0",
      "source_index": 3330,
      "source_sample_id": "validation_marmousi_00080",
      "velocity_array_sha256": "94bce5233bae251b41429a4db4f3785e8eba4bb20a33a2ff350a8f314be82f52"
    },
    {
      "input_file_sha256": "fb0f6eaeb887e3e00fc2445676c82de3ec924db96545a30d7ce50992fbdb121b",
      "input_path": "/root/autodl-tmp/home/jiayh/Data/FNO-Acoustic-Wave-Simulation/1/evaluation/marmousi_fixed19hz_position_240_post_r5d_r1/inputs/marm_r22_velocity.npz",
      "slice_rank": 22,
      "source_group_id": "validation:marmousi:x6750.0:z0.0",
      "source_index": 3325,
      "source_sample_id": "validation_marmousi_00075",
      "velocity_array_sha256": "9a338f5a84d1f83a4930476badc0f75bc2b8b6eb5515fab968274288e046a781"
    },
    {
      "input_file_sha256": "1533969e706449b15add9048129175159d92e1ba08b76b795cbd8e125d0c8448",
      "input_path": "/root/autodl-tmp/home/jiayh/Data/FNO-Acoustic-Wave-Simulation/1/evaluation/marmousi_fixed19hz_position_240_post_r5d_r1/inputs/marm_r23_velocity.npz",
      "slice_rank": 23,
      "source_group_id": "validation:marmousi:x6600.0:z0.0",
      "source_index": 3320,
      "source_sample_id": "validation_marmousi_00070",
      "velocity_array_sha256": "a2ceee233f72799f779b889f5b237affe57bde672b5e7ba654840c3dabc2dedd"
    },
    {
      "input_file_sha256": "bf7733cd172990a1d806f15e4309244a8ef83640b239c0bf8d9e7c2f961c1587",
      "input_path": "/root/autodl-tmp/home/jiayh/Data/FNO-Acoustic-Wave-Simulation/1/evaluation/marmousi_fixed19hz_position_240_post_r5d_r1/inputs/marm_r24_velocity.npz",
      "slice_rank": 24,
      "source_group_id": "validation:marmousi:x6450.0:z0.0",
      "source_index": 3315,
      "source_sample_id": "validation_marmousi_00065",
      "velocity_array_sha256": "63cf8c6630cbd202843aae19468cc525bf28e9a86d0a9b0dbab3db187b1786dc"
    },
    {
      "input_file_sha256": "662eb1707a31297170c8cb846a693f8a9f7c39597001bb7412f181a518df6da7",
      "input_path": "/root/autodl-tmp/home/jiayh/Data/FNO-Acoustic-Wave-Simulation/1/evaluation/marmousi_fixed19hz_position_240_post_r5d_r1/inputs/marm_r25_velocity.npz",
      "slice_rank": 25,
      "source_group_id": "validation:marmousi:x5850.0:z0.0",
      "source_index": 3295,
      "source_sample_id": "validation_marmousi_00045",
      "velocity_array_sha256": "f013a6d0d3820090523fd631c5e8099e78c7e9497528b8a5a0446cae1cd4b88f"
    },
    {
      "input_file_sha256": "1012425e7144ef30bfec6d8e83a5c74c4f6309ccfdf83a1b41fb0c35a3f93331",
      "input_path": "/root/autodl-tmp/home/jiayh/Data/FNO-Acoustic-Wave-Simulation/1/evaluation/marmousi_fixed19hz_position_240_post_r5d_r1/inputs/marm_r26_velocity.npz",
      "slice_rank": 26,
      "source_group_id": "validation:marmousi:x6300.0:z0.0",
      "source_index": 3310,
      "source_sample_id": "validation_marmousi_00060",
      "velocity_array_sha256": "1a902f120e8125b34a9864910616e652c5691e5165673af7086d636ed5a21bfc"
    },
    {
      "input_file_sha256": "7640b0a1460358b6c3bd7330e72fb30b545cfa53a60c65450d429518c60c99e0",
      "input_path": "/root/autodl-tmp/home/jiayh/Data/FNO-Acoustic-Wave-Simulation/1/evaluation/marmousi_fixed19hz_position_240_post_r5d_r1/inputs/marm_r27_velocity.npz",
      "slice_rank": 27,
      "source_group_id": "validation:marmousi:x5900.0:z50.0",
      "source_index": 3390,
      "source_sample_id": "validation_marmousi_00140",
      "velocity_array_sha256": "64f69977ba8242eeeb3cc3db9fd3c3bab886b8f8b90427edbbdb57c77dd73677"
    },
    {
      "input_file_sha256": "0b93597782a7feb7e3e7df06f32df60d03fd61f10f97f56e93aa93411eab8ed7",
      "input_path": "/root/autodl-tmp/home/jiayh/Data/FNO-Acoustic-Wave-Simulation/1/evaluation/marmousi_fixed19hz_position_240_post_r5d_r1/inputs/marm_r28_velocity.npz",
      "slice_rank": 28,
      "source_group_id": "validation:marmousi:x6000.0:z0.0",
      "source_index": 3300,
      "source_sample_id": "validation_marmousi_00050",
      "velocity_array_sha256": "dddc29cb0fa3dfe8fa1c9df0745495e4ced4241fe5e3eea9f1d7f513f919bd79"
    },
    {
      "input_file_sha256": "34babfba2687b21bb544963eeb5fb424e18f35263e3a84ee8636883a24f6e449",
      "input_path": "/root/autodl-tmp/home/jiayh/Data/FNO-Acoustic-Wave-Simulation/1/evaluation/marmousi_fixed19hz_position_240_post_r5d_r1/inputs/marm_r29_velocity.npz",
      "slice_rank": 29,
      "source_group_id": "validation:marmousi:x6050.0:z50.0",
      "source_index": 3395,
      "source_sample_id": "validation_marmousi_00145",
      "velocity_array_sha256": "1b353deedf92739fc56b2fc18648ffcefce688ad0434431802e946dfcb6387cb"
    },
    {
      "input_file_sha256": "efd0e37ad6adf51e03f5b6ce310dc0fff4e43a2e6c2da411d6c397b772b50d47",
      "input_path": "/root/autodl-tmp/home/jiayh/Data/FNO-Acoustic-Wave-Simulation/1/evaluation/marmousi_fixed19hz_position_240_post_r5d_r1/inputs/marm_r30_velocity.npz",
      "slice_rank": 30,
      "source_group_id": "validation:marmousi:x6150.0:z0.0",
      "source_index": 3305,
      "source_sample_id": "validation_marmousi_00055",
      "velocity_array_sha256": "af23a8e511c351204d384ce7404e554cff17a3881a0bc2c7166ad2650cca9c0d"
    }
  ],
  "manifest_digest": "55fbffa9a66b0cb547657d2d5cd8cc140c4f7d970e37f3828144e7778d182e09",
  "model_config_digest": "8f88feada2f200ea77625e7d63adbb5421a46e3d7f884f8d4e38bd82149f936e",
  "protocol": "/root/autodl-tmp/work/FNO-Acoustic-Wave-Simulation/grouped-dual-head-v2/paper/tgrs_helmholtz_operator/marmousi_fixed_frequency_source_ood_protocol_20260813.json",
  "protocol_sha256": "25738716ebe8d93d65a18969b42d247c38e2f6b223b2acc756b602de2c7218ed",
  "records": [
    {
      "case_id": "extrap_deep",
      "nearest_train_position_distance_domain_diagonal": 0.039541448141755246,
      "nearest_train_position_distance_m": 111.84010447588538,
      "prediction_path": "/root/autodl-tmp/home/jiayh/Data/FNO-Acoustic-Wave-Simulation/1/evaluation/marmousi_fixed19hz_position_240_post_r5d_r1/predictions/marm_r01_extrap_deep.npz",
      "prediction_sha256": "2beadd706d0ae13d39a44458aa2eeef260e37af9698b06262293d31f4b7874bc",
      "record_id": "marm_r01_extrap_deep",
      "role": "outside_train_position_range",
      "slice_rank": 1,
      "source_group_id": "validation:marmousi:x1300.0:z50.0",
      "source_parameters": [
        1000.0,
        400.0,
        19.0,
        0.07894736842105263,
        1.0
      ],
      "source_sample_id": "validation_marmousi_00135"
    },
    {
      "case_id": "extrap_left",
      "nearest_train_position_distance_domain_diagonal": 0.03695143285395713,
      "nearest_train_position_distance_m": 104.51443498236986,
      "prediction_path": "/root/autodl-tmp/home/jiayh/Data/FNO-Acoustic-Wave-Simulation/1/evaluation/marmousi_fixed19hz_position_240_post_r5d_r1/predictions/marm_r01_extrap_left.npz",
      "prediction_sha256": "a5a476e690b480f148c2afefade68c74c35fd1546e8a23b528472a80e524db54",
      "record_id": "marm_r01_extrap_left",
      "role": "outside_train_position_range",
      "slice_rank": 1,
      "source_group_id": "validation:marmousi:x1300.0:z50.0",
      "source_parameters": [
        100.0,
        175.0,
        19.0,
        0.07894736842105263,
        1.0
      ],
      "source_sample_id": "validation_marmousi_00135"
    },
    {
      "case_id": "extrap_right",
      "nearest_train_position_distance_domain_diagonal": 0.043013956234984746,
      "nearest_train_position_distance_m": 121.66184055767637,
      "prediction_path": "/root/autodl-tmp/home/jiayh/Data/FNO-Acoustic-Wave-Simulation/1/evaluation/marmousi_fixed19hz_position_240_post_r5d_r1/predictions/marm_r01_extrap_right.npz",
      "prediction_sha256": "2074d4ee1431e71758a682d227c35b00264837059e9bd079bee72d4935f616d7",
      "record_id": "marm_r01_extrap_right",
      "role": "outside_train_position_range",
      "slice_rank": 1,
      "source_group_id": "validation:marmousi:x1300.0:z50.0",
      "source_parameters": [
        1900.0,
        175.0,
        19.0,
        0.07894736842105263,
        1.0
      ],
      "source_sample_id": "validation_marmousi_00135"
    },
    {
      "case_id": "interp_center",
      "nearest_train_position_distance_domain_diagonal": 0.003405975057812249,
      "nearest_train_position_distance_m": 9.633552239725137,
      "prediction_path": "/root/autodl-tmp/home/jiayh/Data/FNO-Acoustic-Wave-Simulation/1/evaluation/marmousi_fixed19hz_position_240_post_r5d_r1/predictions/marm_r01_interp_center.npz",
      "prediction_sha256": "fd6270c267ead7f218929416dae0552881fbb63ccb8ee891739b3e271cbb5aec",
      "record_id": "marm_r01_interp_center",
      "role": "interpolation",
      "slice_rank": 1,
      "source_group_id": "validation:marmousi:x1300.0:z50.0",
      "source_parameters": [
        1000.0,
        175.0,
        19.0,
        0.07894736842105263,
        1.0
      ],
      "source_sample_id": "validation_marmousi_00135"
    },
    {
      "case_id": "interp_left_deep",
      "nearest_train_position_distance_domain_diagonal": 0.0028550971477638463,
      "nearest_train_position_distance_m": 8.075434216520744,
      "prediction_path": "/root/autodl-tmp/home/jiayh/Data/FNO-Acoustic-Wave-Simulation/1/evaluation/marmousi_fixed19hz_position_240_post_r5d_r1/predictions/marm_r01_interp_left_deep.npz",
      "prediction_sha256": "59e6f17a36c1ba5ec935cd3f5112cf64d7d66212e71c25e138eea6bddbe72da7",
      "record_id": "marm_r01_interp_left_deep",
      "role": "interpolation",
      "slice_rank": 1,
      "source_group_id": "validation:marmousi:x1300.0:z50.0",
      "source_parameters": [
        700.0,
        250.0,
        19.0,
        0.07894736842105263,
        1.0
      ],
      "source_sample_id": "validation_marmousi_00135"
    },
    {
      "case_id": "interp_left_shallow",
      "nearest_train_position_distance_domain_diagonal": 0.0015044105052729115,
      "nearest_train_position_distance_m": 4.255115479867024,
      "prediction_path": "/root/autodl-tmp/home/jiayh/Data/FNO-Acoustic-Wave-Simulation/1/evaluation/marmousi_fixed19hz_position_240_post_r5d_r1/predictions/marm_r01_interp_left_shallow.npz",
      "prediction_sha256": "b8475683381908b5a1958a38f74266222a6f0393aa6615113a1d232bb922e62d",
      "record_id": "marm_r01_interp_left_shallow",
      "role": "interpolation",
      "slice_rank": 1,
      "source_group_id": "validation:marmousi:x1300.0:z50.0",
      "source_parameters": [
        400.0,
        100.0,
        19.0,
        0.07894736842105263,
        1.0
      ],
      "source_sample_id": "validation_marmousi_00135"
    },
    {
      "case_id": "interp_right_deep",
      "nearest_train_position_distance_domain_diagonal": 0.005026873923190659,
      "nearest_train_position_distance_m": 14.218146557031757,
      "prediction_path": "/root/autodl-tmp/home/jiayh/Data/FNO-Acoustic-Wave-Simulation/1/evaluation/marmousi_fixed19hz_position_240_post_r5d_r1/predictions/marm_r01_interp_right_deep.npz",
      "prediction_sha256": "b5a2405a15c7eb054cd66d43cb310e644d2b8a8702be6c735aebc9ea6a776168",
      "record_id": "marm_r01_interp_right_deep",
      "role": "interpolation",
      "slice_rank": 1,
      "source_group_id": "validation:marmousi:x1300.0:z50.0",
      "source_parameters": [
        1600.0,
        250.0,
        19.0,
        0.07894736842105263,
        1.0
      ],
      "source_sample_id": "validation_marmousi_00135"
    },
    {
      "case_id": "interp_right_shallow",
      "nearest_train_position_distance_domain_diagonal": 0.004278776841318993,
      "nearest_train_position_distance_m": 12.102208478722467,
      "prediction_path": "/root/autodl-tmp/home/jiayh/Data/FNO-Acoustic-Wave-Simulation/1/evaluation/marmousi_fixed19hz_position_240_post_r5d_r1/predictions/marm_r01_interp_right_shallow.npz",
      "prediction_sha256": "b58af79fa94a89fe8fc37b708d55bb90443db5c419acd43523d208551d133e06",
      "record_id": "marm_r01_interp_right_shallow",
      "role": "interpolation",
      "slice_rank": 1,
      "source_group_id": "validation:marmousi:x1300.0:z50.0",
      "source_parameters": [
        1300.0,
        100.0,
        19.0,
        0.07894736842105263,
        1.0
      ],
      "source_sample_id": "validation_marmousi_00135"
    },
    {
      "case_id": "extrap_deep",
      "nearest_train_position_distance_domain_diagonal": 0.039541448141755246,
      "nearest_train_position_distance_m": 111.84010447588538,
      "prediction_path": "/root/autodl-tmp/home/jiayh/Data/FNO-Acoustic-Wave-Simulation/1/evaluation/marmousi_fixed19hz_position_240_post_r5d_r1/predictions/marm_r02_extrap_deep.npz",
      "prediction_sha256": "abd2e5bc21b39de862fa9ece1b222a635d8a43c8ae3255e8936edb43dbca4583",
      "record_id": "marm_r02_extrap_deep",
      "role": "outside_train_position_range",
      "slice_rank": 2,
      "source_group_id": "validation:marmousi:x1250.0:z0.0",
      "source_parameters": [
        1000.0,
        400.0,
        19.0,
        0.07894736842105263,
        1.0
      ],
      "source_sample_id": "validation_marmousi_00040"
    },
    {
      "case_id": "extrap_left",
      "nearest_train_position_distance_domain_diagonal": 0.03695143285395713,
      "nearest_train_position_distance_m": 104.51443498236986,
      "prediction_path": "/root/autodl-tmp/home/jiayh/Data/FNO-Acoustic-Wave-Simulation/1/evaluation/marmousi_fixed19hz_position_240_post_r5d_r1/predictions/marm_r02_extrap_left.npz",
      "prediction_sha256": "9c13050372a4e0d1cca1a7558c2ac72c47854b789bc7af2542185aae6661df0a",
      "record_id": "marm_r02_extrap_left",
      "role": "outside_train_position_range",
      "slice_rank": 2,
      "source_group_id": "validation:marmousi:x1250.0:z0.0",
      "source_parameters": [
        100.0,
        175.0,
        19.0,
        0.07894736842105263,
        1.0
      ],
      "source_sample_id": "validation_marmousi_00040"
    },
    {
      "case_id": "extrap_right",
      "nearest_train_position_distance_domain_diagonal": 0.043013956234984746,
      "nearest_train_position_distance_m": 121.66184055767637,
      "prediction_path": "/root/autodl-tmp/home/jiayh/Data/FNO-Acoustic-Wave-Simulation/1/evaluation/marmousi_fixed19hz_position_240_post_r5d_r1/predictions/marm_r02_extrap_right.npz",
      "prediction_sha256": "2ef48b575bcc66b9334fbe96f9a5c95bba69cfe73c8353fc2dd1eee970d313ad",
      "record_id": "marm_r02_extrap_right",
      "role": "outside_train_position_range",
      "slice_rank": 2,
      "source_group_id": "validation:marmousi:x1250.0:z0.0",
      "source_parameters": [
        1900.0,
        175.0,
        19.0,
        0.07894736842105263,
        1.0
      ],
      "source_sample_id": "validation_marmousi_00040"
    },
    {
      "case_id": "interp_center",
      "nearest_train_position_distance_domain_diagonal": 0.003405975057812249,
      "nearest_train_position_distance_m": 9.633552239725137,
      "prediction_path": "/root/autodl-tmp/home/jiayh/Data/FNO-Acoustic-Wave-Simulation/1/evaluation/marmousi_fixed19hz_position_240_post_r5d_r1/predictions/marm_r02_interp_center.npz",
      "prediction_sha256": "fd1fb1baad11b2d50ccdeedf688c5f7b3e390b5193093f56ca684df52bbdf148",
      "record_id": "marm_r02_interp_center",
      "role": "interpolation",
      "slice_rank": 2,
      "source_group_id": "validation:marmousi:x1250.0:z0.0",
      "source_parameters": [
        1000.0,
        175.0,
        19.0,
        0.07894736842105263,
        1.0
      ],
      "source_sample_id": "validation_marmousi_00040"
    },
    {
      "case_id": "interp_left_deep",
      "nearest_train_position_distance_domain_diagonal": 0.0028550971477638463,
      "nearest_train_position_distance_m": 8.075434216520744,
      "prediction_path": "/root/autodl-tmp/home/jiayh/Data/FNO-Acoustic-Wave-Simulation/1/evaluation/marmousi_fixed19hz_position_240_post_r5d_r1/predictions/marm_r02_interp_left_deep.npz",
      "prediction_sha256": "ea8727b12d31a1ff2cfd486a4f4d81af55fdbec5f4d4d1f8544ccce6e73f2ab4",
      "record_id": "marm_r02_interp_left_deep",
      "role": "interpolation",
      "slice_rank": 2,
      "source_group_id": "validation:marmousi:x1250.0:z0.0",
      "source_parameters": [
        700.0,
        250.0,
        19.0,
        0.07894736842105263,
        1.0
      ],
      "source_sample_id": "validation_marmousi_00040"
    },
    {
      "case_id": "interp_left_shallow",
      "nearest_train_position_distance_domain_diagonal": 0.0015044105052729115,
      "nearest_train_position_distance_m": 4.255115479867024,
      "prediction_path": "/root/autodl-tmp/home/jiayh/Data/FNO-Acoustic-Wave-Simulation/1/evaluation/marmousi_fixed19hz_position_240_post_r5d_r1/predictions/marm_r02_interp_left_shallow.npz",
      "prediction_sha256": "590f0f4769327bc478772a8a968af6961f9615ac3b47c1a34b847a50fc02f2e4",
      "record_id": "marm_r02_interp_left_shallow",
      "role": "interpolation",
      "slice_rank": 2,
      "source_group_id": "validation:marmousi:x1250.0:z0.0",
      "source_parameters": [
        400.0,
        100.0,
        19.0,
        0.07894736842105263,
        1.0
      ],
      "source_sample_id": "validation_marmousi_00040"
    },
    {
      "case_id": "interp_right_deep",
      "nearest_train_position_distance_domain_diagonal": 0.005026873923190659,
      "nearest_train_position_distance_m": 14.218146557031757,
      "prediction_path": "/root/autodl-tmp/home/jiayh/Data/FNO-Acoustic-Wave-Simulation/1/evaluation/marmousi_fixed19hz_position_240_post_r5d_r1/predictions/marm_r02_interp_right_deep.npz",
      "prediction_sha256": "3534c94c7f9569be5724893f943fc8fda70f94caaa93b8ab26b791e674f96ad8",
      "record_id": "marm_r02_interp_right_deep",
      "role": "interpolation",
      "slice_rank": 2,
      "source_group_id": "validation:marmousi:x1250.0:z0.0",
      "source_parameters": [
        1600.0,
        250.0,
        19.0,
        0.07894736842105263,
        1.0
      ],
      "source_sample_id": "validation_marmousi_00040"
    },
    {
      "case_id": "interp_right_shallow",
      "nearest_train_position_distance_domain_diagonal": 0.004278776841318993,
      "nearest_train_position_distance_m": 12.102208478722467,
      "prediction_path": "/root/autodl-tmp/home/jiayh/Data/FNO-Acoustic-Wave-Simulation/1/evaluation/marmousi_fixed19hz_position_240_post_r5d_r1/predictions/marm_r02_interp_right_shallow.npz",
      "prediction_sha256": "0fdd0734c4a90c9bbf40ff8a7a76a66437eba7550de66baa2afeb38c2ac4e997",
      "record_id": "marm_r02_interp_right_shallow",
      "role": "interpolation",
      "slice_rank": 2,
      "source_group_id": "validation:marmousi:x1250.0:z0.0",
      "source_parameters": [
        1300.0,
        100.0,
        19.0,
        0.07894736842105263,
        1.0
      ],
      "source_sample_id": "validation_marmousi_00040"
    },
    {
      "case_id": "extrap_deep",
      "nearest_train_position_distance_domain_diagonal": 0.039541448141755246,
      "nearest_train_position_distance_m": 111.84010447588538,
      "prediction_path": "/root/autodl-tmp/home/jiayh/Data/FNO-Acoustic-Wave-Simulation/1/evaluation/marmousi_fixed19hz_position_240_post_r5d_r1/predictions/marm_r03_extrap_deep.npz",
      "prediction_sha256": "fab3ce9363b0522ae3b677c4f5344119c7891a07988a91f5baf9cb8ff8cff6ed",
      "record_id": "marm_r03_extrap_deep",
      "role": "outside_train_position_range",
      "slice_rank": 3,
      "source_group_id": "validation:marmousi:x1150.0:z50.0",
      "source_parameters": [
        1000.0,
        400.0,
        19.0,
        0.07894736842105263,
        1.0
      ],
      "source_sample_id": "validation_marmousi_00130"
    },
    {
      "case_id": "extrap_left",
      "nearest_train_position_distance_domain_diagonal": 0.03695143285395713,
      "nearest_train_position_distance_m": 104.51443498236986,
      "prediction_path": "/root/autodl-tmp/home/jiayh/Data/FNO-Acoustic-Wave-Simulation/1/evaluation/marmousi_fixed19hz_position_240_post_r5d_r1/predictions/marm_r03_extrap_left.npz",
      "prediction_sha256": "a8caaa8476196a6f8a48bcc3328e247494fd6efe9200be5ebfa1929ee830fd62",
      "record_id": "marm_r03_extrap_left",
      "role": "outside_train_position_range",
      "slice_rank": 3,
      "source_group_id": "validation:marmousi:x1150.0:z50.0",
      "source_parameters": [
        100.0,
        175.0,
        19.0,
        0.07894736842105263,
        1.0
      ],
      "source_sample_id": "validation_marmousi_00130"
    },
    {
      "case_id": "extrap_right",
      "nearest_train_position_distance_domain_diagonal": 0.043013956234984746,
      "nearest_train_position_distance_m": 121.66184055767637,
      "prediction_path": "/root/autodl-tmp/home/jiayh/Data/FNO-Acoustic-Wave-Simulation/1/evaluation/marmousi_fixed19hz_position_240_post_r5d_r1/predictions/marm_r03_extrap_right.npz",
      "prediction_sha256": "14be55326c0ed9afba5cfe1bc653e952d3991f1b060cce67948b38be6343edbb",
      "record_id": "marm_r03_extrap_right",
      "role": "outside_train_position_range",
      "slice_rank": 3,
      "source_group_id": "validation:marmousi:x1150.0:z50.0",
      "source_parameters": [
        1900.0,
        175.0,
        19.0,
        0.07894736842105263,
        1.0
      ],
      "source_sample_id": "validation_marmousi_00130"
    },
    {
      "case_id": "interp_center",
      "nearest_train_position_distance_domain_diagonal": 0.003405975057812249,
      "nearest_train_position_distance_m": 9.633552239725137,
      "prediction_path": "/root/autodl-tmp/home/jiayh/Data/FNO-Acoustic-Wave-Simulation/1/evaluation/marmousi_fixed19hz_position_240_post_r5d_r1/predictions/marm_r03_interp_center.npz",
      "prediction_sha256": "90d668c6189b560d38eebdfc6d27401303404554114b7b0e3be37c1ef0dd9d9a",
      "record_id": "marm_r03_interp_center",
      "role": "interpolation",
      "slice_rank": 3,
      "source_group_id": "validation:marmousi:x1150.0:z50.0",
      "source_parameters": [
        1000.0,
        175.0,
        19.0,
        0.07894736842105263,
        1.0
      ],
      "source_sample_id": "validation_marmousi_00130"
    },
    {
      "case_id": "interp_left_deep",
      "nearest_train_position_distance_domain_diagonal": 0.0028550971477638463,
      "nearest_train_position_distance_m": 8.075434216520744,
      "prediction_path": "/root/autodl-tmp/home/jiayh/Data/FNO-Acoustic-Wave-Simulation/1/evaluation/marmousi_fixed19hz_position_240_post_r5d_r1/predictions/marm_r03_interp_left_deep.npz",
      "prediction_sha256": "e91c139fec8b76ff3b3f046256fa142c24d07f1ad1b60860bce63cc9daa05406",
      "record_id": "marm_r03_interp_left_deep",
      "role": "interpolation",
      "slice_rank": 3,
      "source_group_id": "validation:marmousi:x1150.0:z50.0",
      "source_parameters": [
        700.0,
        250.0,
        19.0,
        0.07894736842105263,
        1.0
      ],
      "source_sample_id": "validation_marmousi_00130"
    },
    {
      "case_id": "interp_left_shallow",
      "nearest_train_position_distance_domain_diagonal": 0.0015044105052729115,
      "nearest_train_position_distance_m": 4.255115479867024,
      "prediction_path": "/root/autodl-tmp/home/jiayh/Data/FNO-Acoustic-Wave-Simulation/1/evaluation/marmousi_fixed19hz_position_240_post_r5d_r1/predictions/marm_r03_interp_left_shallow.npz",
      "prediction_sha256": "1edd0076a17dabee9d2ca827dbad609af6ee23be6099def91ee6e62ea5a2ca6d",
      "record_id": "marm_r03_interp_left_shallow",
      "role": "interpolation",
      "slice_rank": 3,
      "source_group_id": "validation:marmousi:x1150.0:z50.0",
      "source_parameters": [
        400.0,
        100.0,
        19.0,
        0.07894736842105263,
        1.0
      ],
      "source_sample_id": "validation_marmousi_00130"
    },
    {
      "case_id": "interp_right_deep",
      "nearest_train_position_distance_domain_diagonal": 0.005026873923190659,
      "nearest_train_position_distance_m": 14.218146557031757,
      "prediction_path": "/root/autodl-tmp/home/jiayh/Data/FNO-Acoustic-Wave-Simulation/1/evaluation/marmousi_fixed19hz_position_240_post_r5d_r1/predictions/marm_r03_interp_right_deep.npz",
      "prediction_sha256": "caf46ff384a05576e0b83b5edc25a81ca442c45940293222ee47f7ff2ad94cde",
      "record_id": "marm_r03_interp_right_deep",
      "role": "interpolation",
      "slice_rank": 3,
      "source_group_id": "validation:marmousi:x1150.0:z50.0",
      "source_parameters": [
        1600.0,
        250.0,
        19.0,
        0.07894736842105263,
        1.0
      ],
      "source_sample_id": "validation_marmousi_00130"
    },
    {
      "case_id": "interp_right_shallow",
      "nearest_train_position_distance_domain_diagonal": 0.004278776841318993,
      "nearest_train_position_distance_m": 12.102208478722467,
      "prediction_path": "/root/autodl-tmp/home/jiayh/Data/FNO-Acoustic-Wave-Simulation/1/evaluation/marmousi_fixed19hz_position_240_post_r5d_r1/predictions/marm_r03_interp_right_shallow.npz",
      "prediction_sha256": "58858b9bf1cfd0bf20915e374015c8cd9645207bd24f68faa14870b4be4bb71a",
      "record_id": "marm_r03_interp_right_shallow",
      "role": "interpolation",
      "slice_rank": 3,
      "source_group_id": "validation:marmousi:x1150.0:z50.0",
      "source_parameters": [
        1300.0,
        100.0,
        19.0,
        0.07894736842105263,
        1.0
      ],
      "source_sample_id": "validation_marmousi_00130"
    },
    {
      "case_id": "extrap_deep",
      "nearest_train_position_distance_domain_diagonal": 0.039541448141755246,
      "nearest_train_position_distance_m": 111.84010447588538,
      "prediction_path": "/root/autodl-tmp/home/jiayh/Data/FNO-Acoustic-Wave-Simulation/1/evaluation/marmousi_fixed19hz_position_240_post_r5d_r1/predictions/marm_r04_extrap_deep.npz",
      "prediction_sha256": "f62ba5585e8d81eaee21d3a0fd523de564c26280157ef3fbd77bdda05d11d07d",
      "record_id": "marm_r04_extrap_deep",
      "role": "outside_train_position_range",
      "slice_rank": 4,
      "source_group_id": "validation:marmousi:x1100.0:z0.0",
      "source_parameters": [
        1000.0,
        400.0,
        19.0,
        0.07894736842105263,
        1.0
      ],
      "source_sample_id": "validation_marmousi_00035"
    },
    {
      "case_id": "extrap_left",
      "nearest_train_position_distance_domain_diagonal": 0.03695143285395713,
      "nearest_train_position_distance_m": 104.51443498236986,
      "prediction_path": "/root/autodl-tmp/home/jiayh/Data/FNO-Acoustic-Wave-Simulation/1/evaluation/marmousi_fixed19hz_position_240_post_r5d_r1/predictions/marm_r04_extrap_left.npz",
      "prediction_sha256": "418b57369fba49f1ac49335a944f164ccead0d36ea0fb449b9638fedc6bc53af",
      "record_id": "marm_r04_extrap_left",
      "role": "outside_train_position_range",
      "slice_rank": 4,
      "source_group_id": "validation:marmousi:x1100.0:z0.0",
      "source_parameters": [
        100.0,
        175.0,
        19.0,
        0.07894736842105263,
        1.0
      ],
      "source_sample_id": "validation_marmousi_00035"
    },
    {
      "case_id": "extrap_right",
      "nearest_train_position_distance_domain_diagonal": 0.043013956234984746,
      "nearest_train_position_distance_m": 121.66184055767637,
      "prediction_path": "/root/autodl-tmp/home/jiayh/Data/FNO-Acoustic-Wave-Simulation/1/evaluation/marmousi_fixed19hz_position_240_post_r5d_r1/predictions/marm_r04_extrap_right.npz",
      "prediction_sha256": "288fbc03c68a1d08b1d2e8d535e1cdcd2f0fde4d49559e84d2d9283b270137c6",
      "record_id": "marm_r04_extrap_right",
      "role": "outside_train_position_range",
      "slice_rank": 4,
      "source_group_id": "validation:marmousi:x1100.0:z0.0",
      "source_parameters": [
        1900.0,
        175.0,
        19.0,
        0.07894736842105263,
        1.0
      ],
      "source_sample_id": "validation_marmousi_00035"
    },
    {
      "case_id": "interp_center",
      "nearest_train_position_distance_domain_diagonal": 0.003405975057812249,
      "nearest_train_position_distance_m": 9.633552239725137,
      "prediction_path": "/root/autodl-tmp/home/jiayh/Data/FNO-Acoustic-Wave-Simulation/1/evaluation/marmousi_fixed19hz_position_240_post_r5d_r1/predictions/marm_r04_interp_center.npz",
      "prediction_sha256": "c04879639086a344f11af446f0db592868a6d6cee7c8afe24c4671a657ce3f0d",
      "record_id": "marm_r04_interp_center",
      "role": "interpolation",
      "slice_rank": 4,
      "source_group_id": "validation:marmousi:x1100.0:z0.0",
      "source_parameters": [
        1000.0,
        175.0,
        19.0,
        0.07894736842105263,
        1.0
      ],
      "source_sample_id": "validation_marmousi_00035"
    },
    {
      "case_id": "interp_left_deep",
      "nearest_train_position_distance_domain_diagonal": 0.0028550971477638463,
      "nearest_train_position_distance_m": 8.075434216520744,
      "prediction_path": "/root/autodl-tmp/home/jiayh/Data/FNO-Acoustic-Wave-Simulation/1/evaluation/marmousi_fixed19hz_position_240_post_r5d_r1/predictions/marm_r04_interp_left_deep.npz",
      "prediction_sha256": "4f2e1a5617315a22b6c7008c8d3c5bfa6fdd7399e6fc944fc18ef0061991bd9f",
      "record_id": "marm_r04_interp_left_deep",
      "role": "interpolation",
      "slice_rank": 4,
      "source_group_id": "validation:marmousi:x1100.0:z0.0",
      "source_parameters": [
        700.0,
        250.0,
        19.0,
        0.07894736842105263,
        1.0
      ],
      "source_sample_id": "validation_marmousi_00035"
    },
    {
      "case_id": "interp_left_shallow",
      "nearest_train_position_distance_domain_diagonal": 0.0015044105052729115,
      "nearest_train_position_distance_m": 4.255115479867024,
      "prediction_path": "/root/autodl-tmp/home/jiayh/Data/FNO-Acoustic-Wave-Simulation/1/evaluation/marmousi_fixed19hz_position_240_post_r5d_r1/predictions/marm_r04_interp_left_shallow.npz",
      "prediction_sha256": "44a86115de4e24bd545c8e7010a0e08124179b26c5433531642b0111fced4987",
      "record_id": "marm_r04_interp_left_shallow",
      "role": "interpolation",
      "slice_rank": 4,
      "source_group_id": "validation:marmousi:x1100.0:z0.0",
      "source_parameters": [
        400.0,
        100.0,
        19.0,
        0.07894736842105263,
        1.0
      ],
      "source_sample_id": "validation_marmousi_00035"
    },
    {
      "case_id": "interp_right_deep",
      "nearest_train_position_distance_domain_diagonal": 0.005026873923190659,
      "nearest_train_position_distance_m": 14.218146557031757,
      "prediction_path": "/root/autodl-tmp/home/jiayh/Data/FNO-Acoustic-Wave-Simulation/1/evaluation/marmousi_fixed19hz_position_240_post_r5d_r1/predictions/marm_r04_interp_right_deep.npz",
      "prediction_sha256": "3ec541878fbbf9d2455d02204abb4aeeb4465baabafb474b520cf9c771185433",
      "record_id": "marm_r04_interp_right_deep",
      "role": "interpolation",
      "slice_rank": 4,
      "source_group_id": "validation:marmousi:x1100.0:z0.0",
      "source_parameters": [
        1600.0,
        250.0,
        19.0,
        0.07894736842105263,
        1.0
      ],
      "source_sample_id": "validation_marmousi_00035"
    },
    {
      "case_id": "interp_right_shallow",
      "nearest_train_position_distance_domain_diagonal": 0.004278776841318993,
      "nearest_train_position_distance_m": 12.102208478722467,
      "prediction_path": "/root/autodl-tmp/home/jiayh/Data/FNO-Acoustic-Wave-Simulation/1/evaluation/marmousi_fixed19hz_position_240_post_r5d_r1/predictions/marm_r04_interp_right_shallow.npz",
      "prediction_sha256": "72abe2bdf0f957ff2c06b8226d51e01cb7f1c4b7b3034a095c47b5af1e7e9cbb",
      "record_id": "marm_r04_interp_right_shallow",
      "role": "interpolation",
      "slice_rank": 4,
      "source_group_id": "validation:marmousi:x1100.0:z0.0",
      "source_parameters": [
        1300.0,
        100.0,
        19.0,
        0.07894736842105263,
        1.0
      ],
      "source_sample_id": "validation_marmousi_00035"
    },
    {
      "case_id": "extrap_deep",
      "nearest_train_position_distance_domain_diagonal": 0.039541448141755246,
      "nearest_train_position_distance_m": 111.84010447588538,
      "prediction_path": "/root/autodl-tmp/home/jiayh/Data/FNO-Acoustic-Wave-Simulation/1/evaluation/marmousi_fixed19hz_position_240_post_r5d_r1/predictions/marm_r05_extrap_deep.npz",
      "prediction_sha256": "6863f09d55a2c042ae64c339a5c1b96b235a9265ba394716e215feca8623199e",
      "record_id": "marm_r05_extrap_deep",
      "role": "outside_train_position_range",
      "slice_rank": 5,
      "source_group_id": "validation:marmousi:x1000.0:z50.0",
      "source_parameters": [
        1000.0,
        400.0,
        19.0,
        0.07894736842105263,
        1.0
      ],
      "source_sample_id": "validation_marmousi_00125"
    },
    {
      "case_id": "extrap_left",
      "nearest_train_position_distance_domain_diagonal": 0.03695143285395713,
      "nearest_train_position_distance_m": 104.51443498236986,
      "prediction_path": "/root/autodl-tmp/home/jiayh/Data/FNO-Acoustic-Wave-Simulation/1/evaluation/marmousi_fixed19hz_position_240_post_r5d_r1/predictions/marm_r05_extrap_left.npz",
      "prediction_sha256": "231105b1e4e016a28108e7367806bf48a93d5bbf205d5d970f5dc9727b81f19c",
      "record_id": "marm_r05_extrap_left",
      "role": "outside_train_position_range",
      "slice_rank": 5,
      "source_group_id": "validation:marmousi:x1000.0:z50.0",
      "source_parameters": [
        100.0,
        175.0,
        19.0,
        0.07894736842105263,
        1.0
      ],
      "source_sample_id": "validation_marmousi_00125"
    },
    {
      "case_id": "extrap_right",
      "nearest_train_position_distance_domain_diagonal": 0.043013956234984746,
      "nearest_train_position_distance_m": 121.66184055767637,
      "prediction_path": "/root/autodl-tmp/home/jiayh/Data/FNO-Acoustic-Wave-Simulation/1/evaluation/marmousi_fixed19hz_position_240_post_r5d_r1/predictions/marm_r05_extrap_right.npz",
      "prediction_sha256": "a2810341cfdcc39c83700a5517156ed17a2019ab66f192f50bee7e9feb8087ec",
      "record_id": "marm_r05_extrap_right",
      "role": "outside_train_position_range",
      "slice_rank": 5,
      "source_group_id": "validation:marmousi:x1000.0:z50.0",
      "source_parameters": [
        1900.0,
        175.0,
        19.0,
        0.07894736842105263,
        1.0
      ],
      "source_sample_id": "validation_marmousi_00125"
    },
    {
      "case_id": "interp_center",
      "nearest_train_position_distance_domain_diagonal": 0.003405975057812249,
      "nearest_train_position_distance_m": 9.633552239725137,
      "prediction_path": "/root/autodl-tmp/home/jiayh/Data/FNO-Acoustic-Wave-Simulation/1/evaluation/marmousi_fixed19hz_position_240_post_r5d_r1/predictions/marm_r05_interp_center.npz",
      "prediction_sha256": "956897e2896414bb963c7a0189656c3199b33fa1a1d9426ce5389aa87319c6aa",
      "record_id": "marm_r05_interp_center",
      "role": "interpolation",
      "slice_rank": 5,
      "source_group_id": "validation:marmousi:x1000.0:z50.0",
      "source_parameters": [
        1000.0,
        175.0,
        19.0,
        0.07894736842105263,
        1.0
      ],
      "source_sample_id": "validation_marmousi_00125"
    },
    {
      "case_id": "interp_left_deep",
      "nearest_train_position_distance_domain_diagonal": 0.0028550971477638463,
      "nearest_train_position_distance_m": 8.075434216520744,
      "prediction_path": "/root/autodl-tmp/home/jiayh/Data/FNO-Acoustic-Wave-Simulation/1/evaluation/marmousi_fixed19hz_position_240_post_r5d_r1/predictions/marm_r05_interp_left_deep.npz",
      "prediction_sha256": "ac9284d07b863bd152321638f517d25f50141860dde1a80d8bc5a88625c81490",
      "record_id": "marm_r05_interp_left_deep",
      "role": "interpolation",
      "slice_rank": 5,
      "source_group_id": "validation:marmousi:x1000.0:z50.0",
      "source_parameters": [
        700.0,
        250.0,
        19.0,
        0.07894736842105263,
        1.0
      ],
      "source_sample_id": "validation_marmousi_00125"
    },
    {
      "case_id": "interp_left_shallow",
      "nearest_train_position_distance_domain_diagonal": 0.0015044105052729115,
      "nearest_train_position_distance_m": 4.255115479867024,
      "prediction_path": "/root/autodl-tmp/home/jiayh/Data/FNO-Acoustic-Wave-Simulation/1/evaluation/marmousi_fixed19hz_position_240_post_r5d_r1/predictions/marm_r05_interp_left_shallow.npz",
      "prediction_sha256": "e3bb9bb7595fd59c399bc7d89375f8ab4191e2a34a8a7d4ef6374c24f9a16132",
      "record_id": "marm_r05_interp_left_shallow",
      "role": "interpolation",
      "slice_rank": 5,
      "source_group_id": "validation:marmousi:x1000.0:z50.0",
      "source_parameters": [
        400.0,
        100.0,
        19.0,
        0.07894736842105263,
        1.0
      ],
      "source_sample_id": "validation_marmousi_00125"
    },
    {
      "case_id": "interp_right_deep",
      "nearest_train_position_distance_domain_diagonal": 0.005026873923190659,
      "nearest_train_position_distance_m": 14.218146557031757,
      "prediction_path": "/root/autodl-tmp/home/jiayh/Data/FNO-Acoustic-Wave-Simulation/1/evaluation/marmousi_fixed19hz_position_240_post_r5d_r1/predictions/marm_r05_interp_right_deep.npz",
      "prediction_sha256": "95c66b4206ef60467fac2c46aa270344cb3da8fae1019ebc34b8757e681b1940",
      "record_id": "marm_r05_interp_right_deep",
      "role": "interpolation",
      "slice_rank": 5,
      "source_group_id": "validation:marmousi:x1000.0:z50.0",
      "source_parameters": [
        1600.0,
        250.0,
        19.0,
        0.07894736842105263,
        1.0
      ],
      "source_sample_id": "validation_marmousi_00125"
    },
    {
      "case_id": "interp_right_shallow",
      "nearest_train_position_distance_domain_diagonal": 0.004278776841318993,
      "nearest_train_position_distance_m": 12.102208478722467,
      "prediction_path": "/root/autodl-tmp/home/jiayh/Data/FNO-Acoustic-Wave-Simulation/1/evaluation/marmousi_fixed19hz_position_240_post_r5d_r1/predictions/marm_r05_interp_right_shallow.npz",
      "prediction_sha256": "ac5b656a7a28b53057cf3011a33f62dd54c3238f1502ab35e4c5a92d38017388",
      "record_id": "marm_r05_interp_right_shallow",
      "role": "interpolation",
      "slice_rank": 5,
      "source_group_id": "validation:marmousi:x1000.0:z50.0",
      "source_parameters": [
        1300.0,
        100.0,
        19.0,
        0.07894736842105263,
        1.0
      ],
      "source_sample_id": "validation_marmousi_00125"
    },
    {
      "case_id": "extrap_deep",
      "nearest_train_position_distance_domain_diagonal": 0.039541448141755246,
      "nearest_train_position_distance_m": 111.84010447588538,
      "prediction_path": "/root/autodl-tmp/home/jiayh/Data/FNO-Acoustic-Wave-Simulation/1/evaluation/marmousi_fixed19hz_position_240_post_r5d_r1/predictions/marm_r06_extrap_deep.npz",
      "prediction_sha256": "1befc8f9342ffcb06ca747da76d956a3cbb348c9b8934b422a7675c3f0a58317",
      "record_id": "marm_r06_extrap_deep",
      "role": "outside_train_position_range",
      "slice_rank": 6,
      "source_group_id": "validation:marmousi:x850.0:z50.0",
      "source_parameters": [
        1000.0,
        400.0,
        19.0,
        0.07894736842105263,
        1.0
      ],
      "source_sample_id": "validation_marmousi_00120"
    },
    {
      "case_id": "extrap_left",
      "nearest_train_position_distance_domain_diagonal": 0.03695143285395713,
      "nearest_train_position_distance_m": 104.51443498236986,
      "prediction_path": "/root/autodl-tmp/home/jiayh/Data/FNO-Acoustic-Wave-Simulation/1/evaluation/marmousi_fixed19hz_position_240_post_r5d_r1/predictions/marm_r06_extrap_left.npz",
      "prediction_sha256": "2234eccfc7fde30cf461db0567f02ff32b857fc9b489f9efe322fb894f115343",
      "record_id": "marm_r06_extrap_left",
      "role": "outside_train_position_range",
      "slice_rank": 6,
      "source_group_id": "validation:marmousi:x850.0:z50.0",
      "source_parameters": [
        100.0,
        175.0,
        19.0,
        0.07894736842105263,
        1.0
      ],
      "source_sample_id": "validation_marmousi_00120"
    },
    {
      "case_id": "extrap_right",
      "nearest_train_position_distance_domain_diagonal": 0.043013956234984746,
      "nearest_train_position_distance_m": 121.66184055767637,
      "prediction_path": "/root/autodl-tmp/home/jiayh/Data/FNO-Acoustic-Wave-Simulation/1/evaluation/marmousi_fixed19hz_position_240_post_r5d_r1/predictions/marm_r06_extrap_right.npz",
      "prediction_sha256": "b0a6bfe8557b321c293a79ae8e3d993ada6ff649e194f3d7216efb6f9b67648c",
      "record_id": "marm_r06_extrap_right",
      "role": "outside_train_position_range",
      "slice_rank": 6,
      "source_group_id": "validation:marmousi:x850.0:z50.0",
      "source_parameters": [
        1900.0,
        175.0,
        19.0,
        0.07894736842105263,
        1.0
      ],
      "source_sample_id": "validation_marmousi_00120"
    },
    {
      "case_id": "interp_center",
      "nearest_train_position_distance_domain_diagonal": 0.003405975057812249,
      "nearest_train_position_distance_m": 9.633552239725137,
      "prediction_path": "/root/autodl-tmp/home/jiayh/Data/FNO-Acoustic-Wave-Simulation/1/evaluation/marmousi_fixed19hz_position_240_post_r5d_r1/predictions/marm_r06_interp_center.npz",
      "prediction_sha256": "b0967e1862cbe24bb8d1c66d24592a62d530c4a677eb4016b14a77019a04a5c3",
      "record_id": "marm_r06_interp_center",
      "role": "interpolation",
      "slice_rank": 6,
      "source_group_id": "validation:marmousi:x850.0:z50.0",
      "source_parameters": [
        1000.0,
        175.0,
        19.0,
        0.07894736842105263,
        1.0
      ],
      "source_sample_id": "validation_marmousi_00120"
    },
    {
      "case_id": "interp_left_deep",
      "nearest_train_position_distance_domain_diagonal": 0.0028550971477638463,
      "nearest_train_position_distance_m": 8.075434216520744,
      "prediction_path": "/root/autodl-tmp/home/jiayh/Data/FNO-Acoustic-Wave-Simulation/1/evaluation/marmousi_fixed19hz_position_240_post_r5d_r1/predictions/marm_r06_interp_left_deep.npz",
      "prediction_sha256": "3f4b1b7052f52118bf9f091a5b63e26ba8c592c36e6b2739c33db78a1f277283",
      "record_id": "marm_r06_interp_left_deep",
      "role": "interpolation",
      "slice_rank": 6,
      "source_group_id": "validation:marmousi:x850.0:z50.0",
      "source_parameters": [
        700.0,
        250.0,
        19.0,
        0.07894736842105263,
        1.0
      ],
      "source_sample_id": "validation_marmousi_00120"
    },
    {
      "case_id": "interp_left_shallow",
      "nearest_train_position_distance_domain_diagonal": 0.0015044105052729115,
      "nearest_train_position_distance_m": 4.255115479867024,
      "prediction_path": "/root/autodl-tmp/home/jiayh/Data/FNO-Acoustic-Wave-Simulation/1/evaluation/marmousi_fixed19hz_position_240_post_r5d_r1/predictions/marm_r06_interp_left_shallow.npz",
      "prediction_sha256": "89621f4621060736a72ed22109e7c7b4a0d85658a3b7ab43ba85a4c816b30032",
      "record_id": "marm_r06_interp_left_shallow",
      "role": "interpolation",
      "slice_rank": 6,
      "source_group_id": "validation:marmousi:x850.0:z50.0",
      "source_parameters": [
        400.0,
        100.0,
        19.0,
        0.07894736842105263,
        1.0
      ],
      "source_sample_id": "validation_marmousi_00120"
    },
    {
      "case_id": "interp_right_deep",
      "nearest_train_position_distance_domain_diagonal": 0.005026873923190659,
      "nearest_train_position_distance_m": 14.218146557031757,
      "prediction_path": "/root/autodl-tmp/home/jiayh/Data/FNO-Acoustic-Wave-Simulation/1/evaluation/marmousi_fixed19hz_position_240_post_r5d_r1/predictions/marm_r06_interp_right_deep.npz",
      "prediction_sha256": "08cea145c3f7159d8769b73c069ddc2a43cc64631f3950d9f525837d2a746c2b",
      "record_id": "marm_r06_interp_right_deep",
      "role": "interpolation",
      "slice_rank": 6,
      "source_group_id": "validation:marmousi:x850.0:z50.0",
      "source_parameters": [
        1600.0,
        250.0,
        19.0,
        0.07894736842105263,
        1.0
      ],
      "source_sample_id": "validation_marmousi_00120"
    },
    {
      "case_id": "interp_right_shallow",
      "nearest_train_position_distance_domain_diagonal": 0.004278776841318993,
      "nearest_train_position_distance_m": 12.102208478722467,
      "prediction_path": "/root/autodl-tmp/home/jiayh/Data/FNO-Acoustic-Wave-Simulation/1/evaluation/marmousi_fixed19hz_position_240_post_r5d_r1/predictions/marm_r06_interp_right_shallow.npz",
      "prediction_sha256": "cad973ddc8e6c68e5db0f5762b9e6c0dd3b43249a98e81a61da613fbdb7dafe4",
      "record_id": "marm_r06_interp_right_shallow",
      "role": "interpolation",
      "slice_rank": 6,
      "source_group_id": "validation:marmousi:x850.0:z50.0",
      "source_parameters": [
        1300.0,
        100.0,
        19.0,
        0.07894736842105263,
        1.0
      ],
      "source_sample_id": "validation_marmousi_00120"
    },
    {
      "case_id": "extrap_deep",
      "nearest_train_position_distance_domain_diagonal": 0.039541448141755246,
      "nearest_train_position_distance_m": 111.84010447588538,
      "prediction_path": "/root/autodl-tmp/home/jiayh/Data/FNO-Acoustic-Wave-Simulation/1/evaluation/marmousi_fixed19hz_position_240_post_r5d_r1/predictions/marm_r07_extrap_deep.npz",
      "prediction_sha256": "6025cfd83fd4e668303fe98c89d883b1d47dfda3dc027ec7e5c857cca50a8d4d",
      "record_id": "marm_r07_extrap_deep",
      "role": "outside_train_position_range",
      "slice_rank": 7,
      "source_group_id": "validation:marmousi:x950.0:z0.0",
      "source_parameters": [
        1000.0,
        400.0,
        19.0,
        0.07894736842105263,
        1.0
      ],
      "source_sample_id": "validation_marmousi_00030"
    },
    {
      "case_id": "extrap_left",
      "nearest_train_position_distance_domain_diagonal": 0.03695143285395713,
      "nearest_train_position_distance_m": 104.51443498236986,
      "prediction_path": "/root/autodl-tmp/home/jiayh/Data/FNO-Acoustic-Wave-Simulation/1/evaluation/marmousi_fixed19hz_position_240_post_r5d_r1/predictions/marm_r07_extrap_left.npz",
      "prediction_sha256": "1859cca0dadd2d24a7b04368fe9ceed0287bbd8d09f05694d479b626695c6976",
      "record_id": "marm_r07_extrap_left",
      "role": "outside_train_position_range",
      "slice_rank": 7,
      "source_group_id": "validation:marmousi:x950.0:z0.0",
      "source_parameters": [
        100.0,
        175.0,
        19.0,
        0.07894736842105263,
        1.0
      ],
      "source_sample_id": "validation_marmousi_00030"
    },
    {
      "case_id": "extrap_right",
      "nearest_train_position_distance_domain_diagonal": 0.043013956234984746,
      "nearest_train_position_distance_m": 121.66184055767637,
      "prediction_path": "/root/autodl-tmp/home/jiayh/Data/FNO-Acoustic-Wave-Simulation/1/evaluation/marmousi_fixed19hz_position_240_post_r5d_r1/predictions/marm_r07_extrap_right.npz",
      "prediction_sha256": "e1c425d3bf3b23908e50382a2874ea85d5264301c58baee4d8e16e6688b495bc",
      "record_id": "marm_r07_extrap_right",
      "role": "outside_train_position_range",
      "slice_rank": 7,
      "source_group_id": "validation:marmousi:x950.0:z0.0",
      "source_parameters": [
        1900.0,
        175.0,
        19.0,
        0.07894736842105263,
        1.0
      ],
      "source_sample_id": "validation_marmousi_00030"
    },
    {
      "case_id": "interp_center",
      "nearest_train_position_distance_domain_diagonal": 0.003405975057812249,
      "nearest_train_position_distance_m": 9.633552239725137,
      "prediction_path": "/root/autodl-tmp/home/jiayh/Data/FNO-Acoustic-Wave-Simulation/1/evaluation/marmousi_fixed19hz_position_240_post_r5d_r1/predictions/marm_r07_interp_center.npz",
      "prediction_sha256": "9f08e754f4b70ac5a916d9dd9c9767a6d9727510a4e47875e82e701f369d23c6",
      "record_id": "marm_r07_interp_center",
      "role": "interpolation",
      "slice_rank": 7,
      "source_group_id": "validation:marmousi:x950.0:z0.0",
      "source_parameters": [
        1000.0,
        175.0,
        19.0,
        0.07894736842105263,
        1.0
      ],
      "source_sample_id": "validation_marmousi_00030"
    },
    {
      "case_id": "interp_left_deep",
      "nearest_train_position_distance_domain_diagonal": 0.0028550971477638463,
      "nearest_train_position_distance_m": 8.075434216520744,
      "prediction_path": "/root/autodl-tmp/home/jiayh/Data/FNO-Acoustic-Wave-Simulation/1/evaluation/marmousi_fixed19hz_position_240_post_r5d_r1/predictions/marm_r07_interp_left_deep.npz",
      "prediction_sha256": "7dec20f2d1a4edb003406457f942ef5b91c233696a4b7c536a3516d6956fc486",
      "record_id": "marm_r07_interp_left_deep",
      "role": "interpolation",
      "slice_rank": 7,
      "source_group_id": "validation:marmousi:x950.0:z0.0",
      "source_parameters": [
        700.0,
        250.0,
        19.0,
        0.07894736842105263,
        1.0
      ],
      "source_sample_id": "validation_marmousi_00030"
    },
    {
      "case_id": "interp_left_shallow",
      "nearest_train_position_distance_domain_diagonal": 0.0015044105052729115,
      "nearest_train_position_distance_m": 4.255115479867024,
      "prediction_path": "/root/autodl-tmp/home/jiayh/Data/FNO-Acoustic-Wave-Simulation/1/evaluation/marmousi_fixed19hz_position_240_post_r5d_r1/predictions/marm_r07_interp_left_shallow.npz",
      "prediction_sha256": "09dbabf7747895ae71ac98afc71276dceb8ef9eb9a5baf4c7c14154c2c9700d0",
      "record_id": "marm_r07_interp_left_shallow",
      "role": "interpolation",
      "slice_rank": 7,
      "source_group_id": "validation:marmousi:x950.0:z0.0",
      "source_parameters": [
        400.0,
        100.0,
        19.0,
        0.07894736842105263,
        1.0
      ],
      "source_sample_id": "validation_marmousi_00030"
    },
    {
      "case_id": "interp_right_deep",
      "nearest_train_position_distance_domain_diagonal": 0.005026873923190659,
      "nearest_train_position_distance_m": 14.218146557031757,
      "prediction_path": "/root/autodl-tmp/home/jiayh/Data/FNO-Acoustic-Wave-Simulation/1/evaluation/marmousi_fixed19hz_position_240_post_r5d_r1/predictions/marm_r07_interp_right_deep.npz",
      "prediction_sha256": "ad2bd3c9d398274ae44c45b76253a2e5729052a943ba1f87936da363fe4e3dfc",
      "record_id": "marm_r07_interp_right_deep",
      "role": "interpolation",
      "slice_rank": 7,
      "source_group_id": "validation:marmousi:x950.0:z0.0",
      "source_parameters": [
        1600.0,
        250.0,
        19.0,
        0.07894736842105263,
        1.0
      ],
      "source_sample_id": "validation_marmousi_00030"
    },
    {
      "case_id": "interp_right_shallow",
      "nearest_train_position_distance_domain_diagonal": 0.004278776841318993,
      "nearest_train_position_distance_m": 12.102208478722467,
      "prediction_path": "/root/autodl-tmp/home/jiayh/Data/FNO-Acoustic-Wave-Simulation/1/evaluation/marmousi_fixed19hz_position_240_post_r5d_r1/predictions/marm_r07_interp_right_shallow.npz",
      "prediction_sha256": "f50e17bca694faed5dad1547feca40c429b60794abed4f0af3295b2346e2a833",
      "record_id": "marm_r07_interp_right_shallow",
      "role": "interpolation",
      "slice_rank": 7,
      "source_group_id": "validation:marmousi:x950.0:z0.0",
      "source_parameters": [
        1300.0,
        100.0,
        19.0,
        0.07894736842105263,
        1.0
      ],
      "source_sample_id": "validation_marmousi_00030"
    },
    {
      "case_id": "extrap_deep",
      "nearest_train_position_distance_domain_diagonal": 0.039541448141755246,
      "nearest_train_position_distance_m": 111.84010447588538,
      "prediction_path": "/root/autodl-tmp/home/jiayh/Data/FNO-Acoustic-Wave-Simulation/1/evaluation/marmousi_fixed19hz_position_240_post_r5d_r1/predictions/marm_r08_extrap_deep.npz",
      "prediction_sha256": "fdb9b2809eba7ef9a21ad09e568e3e8f58076a7dcb891e03a7c9f7ce272a2dc9",
      "record_id": "marm_r08_extrap_deep",
      "role": "outside_train_position_range",
      "slice_rank": 8,
      "source_group_id": "validation:marmousi:x800.0:z0.0",
      "source_parameters": [
        1000.0,
        400.0,
        19.0,
        0.07894736842105263,
        1.0
      ],
      "source_sample_id": "validation_marmousi_00025"
    },
    {
      "case_id": "extrap_left",
      "nearest_train_position_distance_domain_diagonal": 0.03695143285395713,
      "nearest_train_position_distance_m": 104.51443498236986,
      "prediction_path": "/root/autodl-tmp/home/jiayh/Data/FNO-Acoustic-Wave-Simulation/1/evaluation/marmousi_fixed19hz_position_240_post_r5d_r1/predictions/marm_r08_extrap_left.npz",
      "prediction_sha256": "f92be4ffaf70a96651d55f04cfc1b0fedc7eb570a5838ac5312f3b9c51d3a776",
      "record_id": "marm_r08_extrap_left",
      "role": "outside_train_position_range",
      "slice_rank": 8,
      "source_group_id": "validation:marmousi:x800.0:z0.0",
      "source_parameters": [
        100.0,
        175.0,
        19.0,
        0.07894736842105263,
        1.0
      ],
      "source_sample_id": "validation_marmousi_00025"
    },
    {
      "case_id": "extrap_right",
      "nearest_train_position_distance_domain_diagonal": 0.043013956234984746,
      "nearest_train_position_distance_m": 121.66184055767637,
      "prediction_path": "/root/autodl-tmp/home/jiayh/Data/FNO-Acoustic-Wave-Simulation/1/evaluation/marmousi_fixed19hz_position_240_post_r5d_r1/predictions/marm_r08_extrap_right.npz",
      "prediction_sha256": "0ae3ee5c15322414e73a71dfba652c14934604426ed067d85a91eee2b2bce7df",
      "record_id": "marm_r08_extrap_right",
      "role": "outside_train_position_range",
      "slice_rank": 8,
      "source_group_id": "validation:marmousi:x800.0:z0.0",
      "source_parameters": [
        1900.0,
        175.0,
        19.0,
        0.07894736842105263,
        1.0
      ],
      "source_sample_id": "validation_marmousi_00025"
    },
    {
      "case_id": "interp_center",
      "nearest_train_position_distance_domain_diagonal": 0.003405975057812249,
      "nearest_train_position_distance_m": 9.633552239725137,
      "prediction_path": "/root/autodl-tmp/home/jiayh/Data/FNO-Acoustic-Wave-Simulation/1/evaluation/marmousi_fixed19hz_position_240_post_r5d_r1/predictions/marm_r08_interp_center.npz",
      "prediction_sha256": "e0af55dc161b39ea30b8586082f148cc7f8b6d858d47636cbde2825a1707790c",
      "record_id": "marm_r08_interp_center",
      "role": "interpolation",
      "slice_rank": 8,
      "source_group_id": "validation:marmousi:x800.0:z0.0",
      "source_parameters": [
        1000.0,
        175.0,
        19.0,
        0.07894736842105263,
        1.0
      ],
      "source_sample_id": "validation_marmousi_00025"
    },
    {
      "case_id": "interp_left_deep",
      "nearest_train_position_distance_domain_diagonal": 0.0028550971477638463,
      "nearest_train_position_distance_m": 8.075434216520744,
      "prediction_path": "/root/autodl-tmp/home/jiayh/Data/FNO-Acoustic-Wave-Simulation/1/evaluation/marmousi_fixed19hz_position_240_post_r5d_r1/predictions/marm_r08_interp_left_deep.npz",
      "prediction_sha256": "cc8c06cf0d897119a52cf7012e5c3e338a12b8352abb2778305a7139929d2dcb",
      "record_id": "marm_r08_interp_left_deep",
      "role": "interpolation",
      "slice_rank": 8,
      "source_group_id": "validation:marmousi:x800.0:z0.0",
      "source_parameters": [
        700.0,
        250.0,
        19.0,
        0.07894736842105263,
        1.0
      ],
      "source_sample_id": "validation_marmousi_00025"
    },
    {
      "case_id": "interp_left_shallow",
      "nearest_train_position_distance_domain_diagonal": 0.0015044105052729115,
      "nearest_train_position_distance_m": 4.255115479867024,
      "prediction_path": "/root/autodl-tmp/home/jiayh/Data/FNO-Acoustic-Wave-Simulation/1/evaluation/marmousi_fixed19hz_position_240_post_r5d_r1/predictions/marm_r08_interp_left_shallow.npz",
      "prediction_sha256": "3d5196a811fd18535a72a0b1e82dff3d923b98bfcd0f895bdef2c1875b17aade",
      "record_id": "marm_r08_interp_left_shallow",
      "role": "interpolation",
      "slice_rank": 8,
      "source_group_id": "validation:marmousi:x800.0:z0.0",
      "source_parameters": [
        400.0,
        100.0,
        19.0,
        0.07894736842105263,
        1.0
      ],
      "source_sample_id": "validation_marmousi_00025"
    },
    {
      "case_id": "interp_right_deep",
      "nearest_train_position_distance_domain_diagonal": 0.005026873923190659,
      "nearest_train_position_distance_m": 14.218146557031757,
      "prediction_path": "/root/autodl-tmp/home/jiayh/Data/FNO-Acoustic-Wave-Simulation/1/evaluation/marmousi_fixed19hz_position_240_post_r5d_r1/predictions/marm_r08_interp_right_deep.npz",
      "prediction_sha256": "024038fde2efceec134448fbc8405787979559bf5c95e2e8daf589ab5cfae9cb",
      "record_id": "marm_r08_interp_right_deep",
      "role": "interpolation",
      "slice_rank": 8,
      "source_group_id": "validation:marmousi:x800.0:z0.0",
      "source_parameters": [
        1600.0,
        250.0,
        19.0,
        0.07894736842105263,
        1.0
      ],
      "source_sample_id": "validation_marmousi_00025"
    },
    {
      "case_id": "interp_right_shallow",
      "nearest_train_position_distance_domain_diagonal": 0.004278776841318993,
      "nearest_train_position_distance_m": 12.102208478722467,
      "prediction_path": "/root/autodl-tmp/home/jiayh/Data/FNO-Acoustic-Wave-Simulation/1/evaluation/marmousi_fixed19hz_position_240_post_r5d_r1/predictions/marm_r08_interp_right_shallow.npz",
      "prediction_sha256": "00178543c5193b913afd97d730390fc29da2d514c2671909c2917743b5ef2199",
      "record_id": "marm_r08_interp_right_shallow",
      "role": "interpolation",
      "slice_rank": 8,
      "source_group_id": "validation:marmousi:x800.0:z0.0",
      "source_parameters": [
        1300.0,
        100.0,
        19.0,
        0.07894736842105263,
        1.0
      ],
      "source_sample_id": "validation_marmousi_00025"
    },
    {
      "case_id": "extrap_deep",
      "nearest_train_position_distance_domain_diagonal": 0.039541448141755246,
      "nearest_train_position_distance_m": 111.84010447588538,
      "prediction_path": "/root/autodl-tmp/home/jiayh/Data/FNO-Acoustic-Wave-Simulation/1/evaluation/marmousi_fixed19hz_position_240_post_r5d_r1/predictions/marm_r09_extrap_deep.npz",
      "prediction_sha256": "bf30228c228db265be27aa90785dbdc13e944730304fd16e19c1282467ecf86f",
      "record_id": "marm_r09_extrap_deep",
      "role": "outside_train_position_range",
      "slice_rank": 9,
      "source_group_id": "validation:marmousi:x700.0:z50.0",
      "source_parameters": [
        1000.0,
        400.0,
        19.0,
        0.07894736842105263,
        1.0
      ],
      "source_sample_id": "validation_marmousi_00115"
    },
    {
      "case_id": "extrap_left",
      "nearest_train_position_distance_domain_diagonal": 0.03695143285395713,
      "nearest_train_position_distance_m": 104.51443498236986,
      "prediction_path": "/root/autodl-tmp/home/jiayh/Data/FNO-Acoustic-Wave-Simulation/1/evaluation/marmousi_fixed19hz_position_240_post_r5d_r1/predictions/marm_r09_extrap_left.npz",
      "prediction_sha256": "04d5a5fce41088eb21b6eb793661cd1b843c6edf87cb71456c44f16744058273",
      "record_id": "marm_r09_extrap_left",
      "role": "outside_train_position_range",
      "slice_rank": 9,
      "source_group_id": "validation:marmousi:x700.0:z50.0",
      "source_parameters": [
        100.0,
        175.0,
        19.0,
        0.07894736842105263,
        1.0
      ],
      "source_sample_id": "validation_marmousi_00115"
    },
    {
      "case_id": "extrap_right",
      "nearest_train_position_distance_domain_diagonal": 0.043013956234984746,
      "nearest_train_position_distance_m": 121.66184055767637,
      "prediction_path": "/root/autodl-tmp/home/jiayh/Data/FNO-Acoustic-Wave-Simulation/1/evaluation/marmousi_fixed19hz_position_240_post_r5d_r1/predictions/marm_r09_extrap_right.npz",
      "prediction_sha256": "1ea39602f2a7a5f74b7c3a554c31c0b4829b6c24d04b5d6ae2b7c64295f9cf07",
      "record_id": "marm_r09_extrap_right",
      "role": "outside_train_position_range",
      "slice_rank": 9,
      "source_group_id": "validation:marmousi:x700.0:z50.0",
      "source_parameters": [
        1900.0,
        175.0,
        19.0,
        0.07894736842105263,
        1.0
      ],
      "source_sample_id": "validation_marmousi_00115"
    },
    {
      "case_id": "interp_center",
      "nearest_train_position_distance_domain_diagonal": 0.003405975057812249,
      "nearest_train_position_distance_m": 9.633552239725137,
      "prediction_path": "/root/autodl-tmp/home/jiayh/Data/FNO-Acoustic-Wave-Simulation/1/evaluation/marmousi_fixed19hz_position_240_post_r5d_r1/predictions/marm_r09_interp_center.npz",
      "prediction_sha256": "a4087f0a43e58b297562aecaee7cd0a4e1734f1fce04182f6b70803b323d3dbc",
      "record_id": "marm_r09_interp_center",
      "role": "interpolation",
      "slice_rank": 9,
      "source_group_id": "validation:marmousi:x700.0:z50.0",
      "source_parameters": [
        1000.0,
        175.0,
        19.0,
        0.07894736842105263,
        1.0
      ],
      "source_sample_id": "validation_marmousi_00115"
    },
    {
      "case_id": "interp_left_deep",
      "nearest_train_position_distance_domain_diagonal": 0.0028550971477638463,
      "nearest_train_position_distance_m": 8.075434216520744,
      "prediction_path": "/root/autodl-tmp/home/jiayh/Data/FNO-Acoustic-Wave-Simulation/1/evaluation/marmousi_fixed19hz_position_240_post_r5d_r1/predictions/marm_r09_interp_left_deep.npz",
      "prediction_sha256": "cdb4ad50e6ba24118514a02e397d9e9a4eeb407e017c859d21592551dc04fe09",
      "record_id": "marm_r09_interp_left_deep",
      "role": "interpolation",
      "slice_rank": 9,
      "source_group_id": "validation:marmousi:x700.0:z50.0",
      "source_parameters": [
        700.0,
        250.0,
        19.0,
        0.07894736842105263,
        1.0
      ],
      "source_sample_id": "validation_marmousi_00115"
    },
    {
      "case_id": "interp_left_shallow",
      "nearest_train_position_distance_domain_diagonal": 0.0015044105052729115,
      "nearest_train_position_distance_m": 4.255115479867024,
      "prediction_path": "/root/autodl-tmp/home/jiayh/Data/FNO-Acoustic-Wave-Simulation/1/evaluation/marmousi_fixed19hz_position_240_post_r5d_r1/predictions/marm_r09_interp_left_shallow.npz",
      "prediction_sha256": "8179b0b45662a4bafca9d306b1c3fbd2da992927019bba5ce0b3b3ab2e9bc4d2",
      "record_id": "marm_r09_interp_left_shallow",
      "role": "interpolation",
      "slice_rank": 9,
      "source_group_id": "validation:marmousi:x700.0:z50.0",
      "source_parameters": [
        400.0,
        100.0,
        19.0,
        0.07894736842105263,
        1.0
      ],
      "source_sample_id": "validation_marmousi_00115"
    },
    {
      "case_id": "interp_right_deep",
      "nearest_train_position_distance_domain_diagonal": 0.005026873923190659,
      "nearest_train_position_distance_m": 14.218146557031757,
      "prediction_path": "/root/autodl-tmp/home/jiayh/Data/FNO-Acoustic-Wave-Simulation/1/evaluation/marmousi_fixed19hz_position_240_post_r5d_r1/predictions/marm_r09_interp_right_deep.npz",
      "prediction_sha256": "1751e70c559266876e79829f09c37214e3bec6f3c609a32ea20a8dad92ec157d",
      "record_id": "marm_r09_interp_right_deep",
      "role": "interpolation",
      "slice_rank": 9,
      "source_group_id": "validation:marmousi:x700.0:z50.0",
      "source_parameters": [
        1600.0,
        250.0,
        19.0,
        0.07894736842105263,
        1.0
      ],
      "source_sample_id": "validation_marmousi_00115"
    },
    {
      "case_id": "interp_right_shallow",
      "nearest_train_position_distance_domain_diagonal": 0.004278776841318993,
      "nearest_train_position_distance_m": 12.102208478722467,
      "prediction_path": "/root/autodl-tmp/home/jiayh/Data/FNO-Acoustic-Wave-Simulation/1/evaluation/marmousi_fixed19hz_position_240_post_r5d_r1/predictions/marm_r09_interp_right_shallow.npz",
      "prediction_sha256": "e51093d45a038d17ce01dc77f71fb0ffe608cc79f7010f746b0822320c68ffb9",
      "record_id": "marm_r09_interp_right_shallow",
      "role": "interpolation",
      "slice_rank": 9,
      "source_group_id": "validation:marmousi:x700.0:z50.0",
      "source_parameters": [
        1300.0,
        100.0,
        19.0,
        0.07894736842105263,
        1.0
      ],
      "source_sample_id": "validation_marmousi_00115"
    },
    {
      "case_id": "extrap_deep",
      "nearest_train_position_distance_domain_diagonal": 0.039541448141755246,
      "nearest_train_position_distance_m": 111.84010447588538,
      "prediction_path": "/root/autodl-tmp/home/jiayh/Data/FNO-Acoustic-Wave-Simulation/1/evaluation/marmousi_fixed19hz_position_240_post_r5d_r1/predictions/marm_r10_extrap_deep.npz",
      "prediction_sha256": "6d735e94d7aafa62b25447237856697389de6094c7fecb1e2990e550b119e717",
      "record_id": "marm_r10_extrap_deep",
      "role": "outside_train_position_range",
      "slice_rank": 10,
      "source_group_id": "validation:marmousi:x650.0:z0.0",
      "source_parameters": [
        1000.0,
        400.0,
        19.0,
        0.07894736842105263,
        1.0
      ],
      "source_sample_id": "validation_marmousi_00020"
    },
    {
      "case_id": "extrap_left",
      "nearest_train_position_distance_domain_diagonal": 0.03695143285395713,
      "nearest_train_position_distance_m": 104.51443498236986,
      "prediction_path": "/root/autodl-tmp/home/jiayh/Data/FNO-Acoustic-Wave-Simulation/1/evaluation/marmousi_fixed19hz_position_240_post_r5d_r1/predictions/marm_r10_extrap_left.npz",
      "prediction_sha256": "49f98d75f9793cdebd45e4e98ef862254f3a18a23a136bdc69dcccf7783770db",
      "record_id": "marm_r10_extrap_left",
      "role": "outside_train_position_range",
      "slice_rank": 10,
      "source_group_id": "validation:marmousi:x650.0:z0.0",
      "source_parameters": [
        100.0,
        175.0,
        19.0,
        0.07894736842105263,
        1.0
      ],
      "source_sample_id": "validation_marmousi_00020"
    },
    {
      "case_id": "extrap_right",
      "nearest_train_position_distance_domain_diagonal": 0.043013956234984746,
      "nearest_train_position_distance_m": 121.66184055767637,
      "prediction_path": "/root/autodl-tmp/home/jiayh/Data/FNO-Acoustic-Wave-Simulation/1/evaluation/marmousi_fixed19hz_position_240_post_r5d_r1/predictions/marm_r10_extrap_right.npz",
      "prediction_sha256": "183e9e4908cfa9c4c28ee81e2735f4912e7d085c745bbcbda1b038f6c4bae8d3",
      "record_id": "marm_r10_extrap_right",
      "role": "outside_train_position_range",
      "slice_rank": 10,
      "source_group_id": "validation:marmousi:x650.0:z0.0",
      "source_parameters": [
        1900.0,
        175.0,
        19.0,
        0.07894736842105263,
        1.0
      ],
      "source_sample_id": "validation_marmousi_00020"
    },
    {
      "case_id": "interp_center",
      "nearest_train_position_distance_domain_diagonal": 0.003405975057812249,
      "nearest_train_position_distance_m": 9.633552239725137,
      "prediction_path": "/root/autodl-tmp/home/jiayh/Data/FNO-Acoustic-Wave-Simulation/1/evaluation/marmousi_fixed19hz_position_240_post_r5d_r1/predictions/marm_r10_interp_center.npz",
      "prediction_sha256": "ceecc11587217cc4fb5c811e7daecee73d4a5997139cee02904bcb7320a67730",
      "record_id": "marm_r10_interp_center",
      "role": "interpolation",
      "slice_rank": 10,
      "source_group_id": "validation:marmousi:x650.0:z0.0",
      "source_parameters": [
        1000.0,
        175.0,
        19.0,
        0.07894736842105263,
        1.0
      ],
      "source_sample_id": "validation_marmousi_00020"
    },
    {
      "case_id": "interp_left_deep",
      "nearest_train_position_distance_domain_diagonal": 0.0028550971477638463,
      "nearest_train_position_distance_m": 8.075434216520744,
      "prediction_path": "/root/autodl-tmp/home/jiayh/Data/FNO-Acoustic-Wave-Simulation/1/evaluation/marmousi_fixed19hz_position_240_post_r5d_r1/predictions/marm_r10_interp_left_deep.npz",
      "prediction_sha256": "93270604ead17a0fe0afad058d2e5377e68775716c586c80f8310089460f52a6",
      "record_id": "marm_r10_interp_left_deep",
      "role": "interpolation",
      "slice_rank": 10,
      "source_group_id": "validation:marmousi:x650.0:z0.0",
      "source_parameters": [
        700.0,
        250.0,
        19.0,
        0.07894736842105263,
        1.0
      ],
      "source_sample_id": "validation_marmousi_00020"
    },
    {
      "case_id": "interp_left_shallow",
      "nearest_train_position_distance_domain_diagonal": 0.0015044105052729115,
      "nearest_train_position_distance_m": 4.255115479867024,
      "prediction_path": "/root/autodl-tmp/home/jiayh/Data/FNO-Acoustic-Wave-Simulation/1/evaluation/marmousi_fixed19hz_position_240_post_r5d_r1/predictions/marm_r10_interp_left_shallow.npz",
      "prediction_sha256": "05735e33e3e32fc3cf3ebbcab78e4b95dc798d95ac260d00c7fb97e64c3ffa84",
      "record_id": "marm_r10_interp_left_shallow",
      "role": "interpolation",
      "slice_rank": 10,
      "source_group_id": "validation:marmousi:x650.0:z0.0",
      "source_parameters": [
        400.0,
        100.0,
        19.0,
        0.07894736842105263,
        1.0
      ],
      "source_sample_id": "validation_marmousi_00020"
    },
    {
      "case_id": "interp_right_deep",
      "nearest_train_position_distance_domain_diagonal": 0.005026873923190659,
      "nearest_train_position_distance_m": 14.218146557031757,
      "prediction_path": "/root/autodl-tmp/home/jiayh/Data/FNO-Acoustic-Wave-Simulation/1/evaluation/marmousi_fixed19hz_position_240_post_r5d_r1/predictions/marm_r10_interp_right_deep.npz",
      "prediction_sha256": "1163d0cb6cd2234e436b6f0d037f30969f742e39f4f497bed128e9d9985c9121",
      "record_id": "marm_r10_interp_right_deep",
      "role": "interpolation",
      "slice_rank": 10,
      "source_group_id": "validation:marmousi:x650.0:z0.0",
      "source_parameters": [
        1600.0,
        250.0,
        19.0,
        0.07894736842105263,
        1.0
      ],
      "source_sample_id": "validation_marmousi_00020"
    },
    {
      "case_id": "interp_right_shallow",
      "nearest_train_position_distance_domain_diagonal": 0.004278776841318993,
      "nearest_train_position_distance_m": 12.102208478722467,
      "prediction_path": "/root/autodl-tmp/home/jiayh/Data/FNO-Acoustic-Wave-Simulation/1/evaluation/marmousi_fixed19hz_position_240_post_r5d_r1/predictions/marm_r10_interp_right_shallow.npz",
      "prediction_sha256": "c8165e40b6698d257c0d98699f039b20986529f502f1b234ec2d439f5451fb62",
      "record_id": "marm_r10_interp_right_shallow",
      "role": "interpolation",
      "slice_rank": 10,
      "source_group_id": "validation:marmousi:x650.0:z0.0",
      "source_parameters": [
        1300.0,
        100.0,
        19.0,
        0.07894736842105263,
        1.0
      ],
      "source_sample_id": "validation_marmousi_00020"
    },
    {
      "case_id": "extrap_deep",
      "nearest_train_position_distance_domain_diagonal": 0.039541448141755246,
      "nearest_train_position_distance_m": 111.84010447588538,
      "prediction_path": "/root/autodl-tmp/home/jiayh/Data/FNO-Acoustic-Wave-Simulation/1/evaluation/marmousi_fixed19hz_position_240_post_r5d_r1/predictions/marm_r11_extrap_deep.npz",
      "prediction_sha256": "2c0b6ee3c14d5c4cfec97deb9237c8c1df6ed26e5060898cdaeed1400b0d78d0",
      "record_id": "marm_r11_extrap_deep",
      "role": "outside_train_position_range",
      "slice_rank": 11,
      "source_group_id": "validation:marmousi:x550.0:z50.0",
      "source_parameters": [
        1000.0,
        400.0,
        19.0,
        0.07894736842105263,
        1.0
      ],
      "source_sample_id": "validation_marmousi_00110"
    },
    {
      "case_id": "extrap_left",
      "nearest_train_position_distance_domain_diagonal": 0.03695143285395713,
      "nearest_train_position_distance_m": 104.51443498236986,
      "prediction_path": "/root/autodl-tmp/home/jiayh/Data/FNO-Acoustic-Wave-Simulation/1/evaluation/marmousi_fixed19hz_position_240_post_r5d_r1/predictions/marm_r11_extrap_left.npz",
      "prediction_sha256": "a66af6d12d92c8dff7666237337cf2e12646378bd984f724bca77e033f43b0d8",
      "record_id": "marm_r11_extrap_left",
      "role": "outside_train_position_range",
      "slice_rank": 11,
      "source_group_id": "validation:marmousi:x550.0:z50.0",
      "source_parameters": [
        100.0,
        175.0,
        19.0,
        0.07894736842105263,
        1.0
      ],
      "source_sample_id": "validation_marmousi_00110"
    },
    {
      "case_id": "extrap_right",
      "nearest_train_position_distance_domain_diagonal": 0.043013956234984746,
      "nearest_train_position_distance_m": 121.66184055767637,
      "prediction_path": "/root/autodl-tmp/home/jiayh/Data/FNO-Acoustic-Wave-Simulation/1/evaluation/marmousi_fixed19hz_position_240_post_r5d_r1/predictions/marm_r11_extrap_right.npz",
      "prediction_sha256": "c4b46a5ce764401acb7b461f1d8e5aadb8660f2a5995afbcd0928851e2fdd8f9",
      "record_id": "marm_r11_extrap_right",
      "role": "outside_train_position_range",
      "slice_rank": 11,
      "source_group_id": "validation:marmousi:x550.0:z50.0",
      "source_parameters": [
        1900.0,
        175.0,
        19.0,
        0.07894736842105263,
        1.0
      ],
      "source_sample_id": "validation_marmousi_00110"
    },
    {
      "case_id": "interp_center",
      "nearest_train_position_distance_domain_diagonal": 0.003405975057812249,
      "nearest_train_position_distance_m": 9.633552239725137,
      "prediction_path": "/root/autodl-tmp/home/jiayh/Data/FNO-Acoustic-Wave-Simulation/1/evaluation/marmousi_fixed19hz_position_240_post_r5d_r1/predictions/marm_r11_interp_center.npz",
      "prediction_sha256": "acf73dcf759bc2d9df304c624a323fda725a3d9ee809c602a7be019f22e78344",
      "record_id": "marm_r11_interp_center",
      "role": "interpolation",
      "slice_rank": 11,
      "source_group_id": "validation:marmousi:x550.0:z50.0",
      "source_parameters": [
        1000.0,
        175.0,
        19.0,
        0.07894736842105263,
        1.0
      ],
      "source_sample_id": "validation_marmousi_00110"
    },
    {
      "case_id": "interp_left_deep",
      "nearest_train_position_distance_domain_diagonal": 0.0028550971477638463,
      "nearest_train_position_distance_m": 8.075434216520744,
      "prediction_path": "/root/autodl-tmp/home/jiayh/Data/FNO-Acoustic-Wave-Simulation/1/evaluation/marmousi_fixed19hz_position_240_post_r5d_r1/predictions/marm_r11_interp_left_deep.npz",
      "prediction_sha256": "15627ec300f05f13faafa3972bae7cff6e0e8e49e5430127ecc1f9ca3107a4ba",
      "record_id": "marm_r11_interp_left_deep",
      "role": "interpolation",
      "slice_rank": 11,
      "source_group_id": "validation:marmousi:x550.0:z50.0",
      "source_parameters": [
        700.0,
        250.0,
        19.0,
        0.07894736842105263,
        1.0
      ],
      "source_sample_id": "validation_marmousi_00110"
    },
    {
      "case_id": "interp_left_shallow",
      "nearest_train_position_distance_domain_diagonal": 0.0015044105052729115,
      "nearest_train_position_distance_m": 4.255115479867024,
      "prediction_path": "/root/autodl-tmp/home/jiayh/Data/FNO-Acoustic-Wave-Simulation/1/evaluation/marmousi_fixed19hz_position_240_post_r5d_r1/predictions/marm_r11_interp_left_shallow.npz",
      "prediction_sha256": "db4f46bc9b23fff8269a8ec0ff7d45f20e99d32e9795154ab6fa07db83d3aeef",
      "record_id": "marm_r11_interp_left_shallow",
      "role": "interpolation",
      "slice_rank": 11,
      "source_group_id": "validation:marmousi:x550.0:z50.0",
      "source_parameters": [
        400.0,
        100.0,
        19.0,
        0.07894736842105263,
        1.0
      ],
      "source_sample_id": "validation_marmousi_00110"
    },
    {
      "case_id": "interp_right_deep",
      "nearest_train_position_distance_domain_diagonal": 0.005026873923190659,
      "nearest_train_position_distance_m": 14.218146557031757,
      "prediction_path": "/root/autodl-tmp/home/jiayh/Data/FNO-Acoustic-Wave-Simulation/1/evaluation/marmousi_fixed19hz_position_240_post_r5d_r1/predictions/marm_r11_interp_right_deep.npz",
      "prediction_sha256": "db43d804dbac2db5319142396da1cabc54183989a5c5272c664b411896b9accc",
      "record_id": "marm_r11_interp_right_deep",
      "role": "interpolation",
      "slice_rank": 11,
      "source_group_id": "validation:marmousi:x550.0:z50.0",
      "source_parameters": [
        1600.0,
        250.0,
        19.0,
        0.07894736842105263,
        1.0
      ],
      "source_sample_id": "validation_marmousi_00110"
    },
    {
      "case_id": "interp_right_shallow",
      "nearest_train_position_distance_domain_diagonal": 0.004278776841318993,
      "nearest_train_position_distance_m": 12.102208478722467,
      "prediction_path": "/root/autodl-tmp/home/jiayh/Data/FNO-Acoustic-Wave-Simulation/1/evaluation/marmousi_fixed19hz_position_240_post_r5d_r1/predictions/marm_r11_interp_right_shallow.npz",
      "prediction_sha256": "00b081b37510a3082a7c53522f99c59df4f6c4ed984f7a7848eb498291e9946b",
      "record_id": "marm_r11_interp_right_shallow",
      "role": "interpolation",
      "slice_rank": 11,
      "source_group_id": "validation:marmousi:x550.0:z50.0",
      "source_parameters": [
        1300.0,
        100.0,
        19.0,
        0.07894736842105263,
        1.0
      ],
      "source_sample_id": "validation_marmousi_00110"
    },
    {
      "case_id": "extrap_deep",
      "nearest_train_position_distance_domain_diagonal": 0.039541448141755246,
      "nearest_train_position_distance_m": 111.84010447588538,
      "prediction_path": "/root/autodl-tmp/home/jiayh/Data/FNO-Acoustic-Wave-Simulation/1/evaluation/marmousi_fixed19hz_position_240_post_r5d_r1/predictions/marm_r12_extrap_deep.npz",
      "prediction_sha256": "babb0d11009b33d6ec2688d69babb06cdd52c86ffb53aaf3a20ce3b3028487c2",
      "record_id": "marm_r12_extrap_deep",
      "role": "outside_train_position_range",
      "slice_rank": 12,
      "source_group_id": "validation:marmousi:x400.0:z50.0",
      "source_parameters": [
        1000.0,
        400.0,
        19.0,
        0.07894736842105263,
        1.0
      ],
      "source_sample_id": "validation_marmousi_00105"
    },
    {
      "case_id": "extrap_left",
      "nearest_train_position_distance_domain_diagonal": 0.03695143285395713,
      "nearest_train_position_distance_m": 104.51443498236986,
      "prediction_path": "/root/autodl-tmp/home/jiayh/Data/FNO-Acoustic-Wave-Simulation/1/evaluation/marmousi_fixed19hz_position_240_post_r5d_r1/predictions/marm_r12_extrap_left.npz",
      "prediction_sha256": "cfdf86b87f315804a3c8d5a4b294b6d4639f626a845eddbb188f96d300f52b4c",
      "record_id": "marm_r12_extrap_left",
      "role": "outside_train_position_range",
      "slice_rank": 12,
      "source_group_id": "validation:marmousi:x400.0:z50.0",
      "source_parameters": [
        100.0,
        175.0,
        19.0,
        0.07894736842105263,
        1.0
      ],
      "source_sample_id": "validation_marmousi_00105"
    },
    {
      "case_id": "extrap_right",
      "nearest_train_position_distance_domain_diagonal": 0.043013956234984746,
      "nearest_train_position_distance_m": 121.66184055767637,
      "prediction_path": "/root/autodl-tmp/home/jiayh/Data/FNO-Acoustic-Wave-Simulation/1/evaluation/marmousi_fixed19hz_position_240_post_r5d_r1/predictions/marm_r12_extrap_right.npz",
      "prediction_sha256": "a166afdf88ed09704d5af038fa711d45ee6781a29eb0324324bee75e1fa43783",
      "record_id": "marm_r12_extrap_right",
      "role": "outside_train_position_range",
      "slice_rank": 12,
      "source_group_id": "validation:marmousi:x400.0:z50.0",
      "source_parameters": [
        1900.0,
        175.0,
        19.0,
        0.07894736842105263,
        1.0
      ],
      "source_sample_id": "validation_marmousi_00105"
    },
    {
      "case_id": "interp_center",
      "nearest_train_position_distance_domain_diagonal": 0.003405975057812249,
      "nearest_train_position_distance_m": 9.633552239725137,
      "prediction_path": "/root/autodl-tmp/home/jiayh/Data/FNO-Acoustic-Wave-Simulation/1/evaluation/marmousi_fixed19hz_position_240_post_r5d_r1/predictions/marm_r12_interp_center.npz",
      "prediction_sha256": "7dd64213166a6af9fa2400e3c1d485575fd2d988b5d50a0763cbf621b2699397",
      "record_id": "marm_r12_interp_center",
      "role": "interpolation",
      "slice_rank": 12,
      "source_group_id": "validation:marmousi:x400.0:z50.0",
      "source_parameters": [
        1000.0,
        175.0,
        19.0,
        0.07894736842105263,
        1.0
      ],
      "source_sample_id": "validation_marmousi_00105"
    },
    {
      "case_id": "interp_left_deep",
      "nearest_train_position_distance_domain_diagonal": 0.0028550971477638463,
      "nearest_train_position_distance_m": 8.075434216520744,
      "prediction_path": "/root/autodl-tmp/home/jiayh/Data/FNO-Acoustic-Wave-Simulation/1/evaluation/marmousi_fixed19hz_position_240_post_r5d_r1/predictions/marm_r12_interp_left_deep.npz",
      "prediction_sha256": "3924878b1a259cc9cf537b068fa312c456d906ac416734952408ab8870d092c6",
      "record_id": "marm_r12_interp_left_deep",
      "role": "interpolation",
      "slice_rank": 12,
      "source_group_id": "validation:marmousi:x400.0:z50.0",
      "source_parameters": [
        700.0,
        250.0,
        19.0,
        0.07894736842105263,
        1.0
      ],
      "source_sample_id": "validation_marmousi_00105"
    },
    {
      "case_id": "interp_left_shallow",
      "nearest_train_position_distance_domain_diagonal": 0.0015044105052729115,
      "nearest_train_position_distance_m": 4.255115479867024,
      "prediction_path": "/root/autodl-tmp/home/jiayh/Data/FNO-Acoustic-Wave-Simulation/1/evaluation/marmousi_fixed19hz_position_240_post_r5d_r1/predictions/marm_r12_interp_left_shallow.npz",
      "prediction_sha256": "0f9ce340ba3566ea7d866485ecf29c6f8a3c8dd3ccdc15025aad37f8cf0acbde",
      "record_id": "marm_r12_interp_left_shallow",
      "role": "interpolation",
      "slice_rank": 12,
      "source_group_id": "validation:marmousi:x400.0:z50.0",
      "source_parameters": [
        400.0,
        100.0,
        19.0,
        0.07894736842105263,
        1.0
      ],
      "source_sample_id": "validation_marmousi_00105"
    },
    {
      "case_id": "interp_right_deep",
      "nearest_train_position_distance_domain_diagonal": 0.005026873923190659,
      "nearest_train_position_distance_m": 14.218146557031757,
      "prediction_path": "/root/autodl-tmp/home/jiayh/Data/FNO-Acoustic-Wave-Simulation/1/evaluation/marmousi_fixed19hz_position_240_post_r5d_r1/predictions/marm_r12_interp_right_deep.npz",
      "prediction_sha256": "a3ca11c159f75f33cba54cc14593e11da94f4cf8d58a9d28486a1775b8b3f39a",
      "record_id": "marm_r12_interp_right_deep",
      "role": "interpolation",
      "slice_rank": 12,
      "source_group_id": "validation:marmousi:x400.0:z50.0",
      "source_parameters": [
        1600.0,
        250.0,
        19.0,
        0.07894736842105263,
        1.0
      ],
      "source_sample_id": "validation_marmousi_00105"
    },
    {
      "case_id": "interp_right_shallow",
      "nearest_train_position_distance_domain_diagonal": 0.004278776841318993,
      "nearest_train_position_distance_m": 12.102208478722467,
      "prediction_path": "/root/autodl-tmp/home/jiayh/Data/FNO-Acoustic-Wave-Simulation/1/evaluation/marmousi_fixed19hz_position_240_post_r5d_r1/predictions/marm_r12_interp_right_shallow.npz",
      "prediction_sha256": "f9086369ef6f14e6bce9684f7e5470317fbb20eff0a80ca7ce70da94af1c385c",
      "record_id": "marm_r12_interp_right_shallow",
      "role": "interpolation",
      "slice_rank": 12,
      "source_group_id": "validation:marmousi:x400.0:z50.0",
      "source_parameters": [
        1300.0,
        100.0,
        19.0,
        0.07894736842105263,
        1.0
      ],
      "source_sample_id": "validation_marmousi_00105"
    },
    {
      "case_id": "extrap_deep",
      "nearest_train_position_distance_domain_diagonal": 0.039541448141755246,
      "nearest_train_position_distance_m": 111.84010447588538,
      "prediction_path": "/root/autodl-tmp/home/jiayh/Data/FNO-Acoustic-Wave-Simulation/1/evaluation/marmousi_fixed19hz_position_240_post_r5d_r1/predictions/marm_r13_extrap_deep.npz",
      "prediction_sha256": "4b15abc473925e9bd985129b1845b30ec1806a740d0e0c53755eb0b26bbfd17e",
      "record_id": "marm_r13_extrap_deep",
      "role": "outside_train_position_range",
      "slice_rank": 13,
      "source_group_id": "validation:marmousi:x500.0:z0.0",
      "source_parameters": [
        1000.0,
        400.0,
        19.0,
        0.07894736842105263,
        1.0
      ],
      "source_sample_id": "validation_marmousi_00015"
    },
    {
      "case_id": "extrap_left",
      "nearest_train_position_distance_domain_diagonal": 0.03695143285395713,
      "nearest_train_position_distance_m": 104.51443498236986,
      "prediction_path": "/root/autodl-tmp/home/jiayh/Data/FNO-Acoustic-Wave-Simulation/1/evaluation/marmousi_fixed19hz_position_240_post_r5d_r1/predictions/marm_r13_extrap_left.npz",
      "prediction_sha256": "1e8bebce2bbe3ab4ae127b437756a15a2f7edff5c7b37b3e5e33491fc05d9e41",
      "record_id": "marm_r13_extrap_left",
      "role": "outside_train_position_range",
      "slice_rank": 13,
      "source_group_id": "validation:marmousi:x500.0:z0.0",
      "source_parameters": [
        100.0,
        175.0,
        19.0,
        0.07894736842105263,
        1.0
      ],
      "source_sample_id": "validation_marmousi_00015"
    },
    {
      "case_id": "extrap_right",
      "nearest_train_position_distance_domain_diagonal": 0.043013956234984746,
      "nearest_train_position_distance_m": 121.66184055767637,
      "prediction_path": "/root/autodl-tmp/home/jiayh/Data/FNO-Acoustic-Wave-Simulation/1/evaluation/marmousi_fixed19hz_position_240_post_r5d_r1/predictions/marm_r13_extrap_right.npz",
      "prediction_sha256": "b37c3bfca437f01086014b1a763282550109e6ae896c0ef866d213c01555d8a2",
      "record_id": "marm_r13_extrap_right",
      "role": "outside_train_position_range",
      "slice_rank": 13,
      "source_group_id": "validation:marmousi:x500.0:z0.0",
      "source_parameters": [
        1900.0,
        175.0,
        19.0,
        0.07894736842105263,
        1.0
      ],
      "source_sample_id": "validation_marmousi_00015"
    },
    {
      "case_id": "interp_center",
      "nearest_train_position_distance_domain_diagonal": 0.003405975057812249,
      "nearest_train_position_distance_m": 9.633552239725137,
      "prediction_path": "/root/autodl-tmp/home/jiayh/Data/FNO-Acoustic-Wave-Simulation/1/evaluation/marmousi_fixed19hz_position_240_post_r5d_r1/predictions/marm_r13_interp_center.npz",
      "prediction_sha256": "454bec78f3c6b0347a68c646f23bed17ab84c5bdd8895f7bba33d31ca31cb10f",
      "record_id": "marm_r13_interp_center",
      "role": "interpolation",
      "slice_rank": 13,
      "source_group_id": "validation:marmousi:x500.0:z0.0",
      "source_parameters": [
        1000.0,
        175.0,
        19.0,
        0.07894736842105263,
        1.0
      ],
      "source_sample_id": "validation_marmousi_00015"
    },
    {
      "case_id": "interp_left_deep",
      "nearest_train_position_distance_domain_diagonal": 0.0028550971477638463,
      "nearest_train_position_distance_m": 8.075434216520744,
      "prediction_path": "/root/autodl-tmp/home/jiayh/Data/FNO-Acoustic-Wave-Simulation/1/evaluation/marmousi_fixed19hz_position_240_post_r5d_r1/predictions/marm_r13_interp_left_deep.npz",
      "prediction_sha256": "6c816e2193257da635298d3e6e21b62152e1973f01b58f9e214e5425f1588ed5",
      "record_id": "marm_r13_interp_left_deep",
      "role": "interpolation",
      "slice_rank": 13,
      "source_group_id": "validation:marmousi:x500.0:z0.0",
      "source_parameters": [
        700.0,
        250.0,
        19.0,
        0.07894736842105263,
        1.0
      ],
      "source_sample_id": "validation_marmousi_00015"
    },
    {
      "case_id": "interp_left_shallow",
      "nearest_train_position_distance_domain_diagonal": 0.0015044105052729115,
      "nearest_train_position_distance_m": 4.255115479867024,
      "prediction_path": "/root/autodl-tmp/home/jiayh/Data/FNO-Acoustic-Wave-Simulation/1/evaluation/marmousi_fixed19hz_position_240_post_r5d_r1/predictions/marm_r13_interp_left_shallow.npz",
      "prediction_sha256": "442dcbc13c336229fdabe6755ef954b6f93f5554161a40209b373ddcc481502b",
      "record_id": "marm_r13_interp_left_shallow",
      "role": "interpolation",
      "slice_rank": 13,
      "source_group_id": "validation:marmousi:x500.0:z0.0",
      "source_parameters": [
        400.0,
        100.0,
        19.0,
        0.07894736842105263,
        1.0
      ],
      "source_sample_id": "validation_marmousi_00015"
    },
    {
      "case_id": "interp_right_deep",
      "nearest_train_position_distance_domain_diagonal": 0.005026873923190659,
      "nearest_train_position_distance_m": 14.218146557031757,
      "prediction_path": "/root/autodl-tmp/home/jiayh/Data/FNO-Acoustic-Wave-Simulation/1/evaluation/marmousi_fixed19hz_position_240_post_r5d_r1/predictions/marm_r13_interp_right_deep.npz",
      "prediction_sha256": "f874e7709b411f49bfb2b4238c4b8dc12188e77635ffaafd2ed6bd92708eee80",
      "record_id": "marm_r13_interp_right_deep",
      "role": "interpolation",
      "slice_rank": 13,
      "source_group_id": "validation:marmousi:x500.0:z0.0",
      "source_parameters": [
        1600.0,
        250.0,
        19.0,
        0.07894736842105263,
        1.0
      ],
      "source_sample_id": "validation_marmousi_00015"
    },
    {
      "case_id": "interp_right_shallow",
      "nearest_train_position_distance_domain_diagonal": 0.004278776841318993,
      "nearest_train_position_distance_m": 12.102208478722467,
      "prediction_path": "/root/autodl-tmp/home/jiayh/Data/FNO-Acoustic-Wave-Simulation/1/evaluation/marmousi_fixed19hz_position_240_post_r5d_r1/predictions/marm_r13_interp_right_shallow.npz",
      "prediction_sha256": "af4d6e0c666fd7dfbd5638fab6f38364b35abc934a34ea49f1b7445aa4e1cd8b",
      "record_id": "marm_r13_interp_right_shallow",
      "role": "interpolation",
      "slice_rank": 13,
      "source_group_id": "validation:marmousi:x500.0:z0.0",
      "source_parameters": [
        1300.0,
        100.0,
        19.0,
        0.07894736842105263,
        1.0
      ],
      "source_sample_id": "validation_marmousi_00015"
    },
    {
      "case_id": "extrap_deep",
      "nearest_train_position_distance_domain_diagonal": 0.039541448141755246,
      "nearest_train_position_distance_m": 111.84010447588538,
      "prediction_path": "/root/autodl-tmp/home/jiayh/Data/FNO-Acoustic-Wave-Simulation/1/evaluation/marmousi_fixed19hz_position_240_post_r5d_r1/predictions/marm_r14_extrap_deep.npz",
      "prediction_sha256": "1315502ccfcbe13db3d1c963a91bfd2c58bdabc8d4cc01d731f0b9cf4b75e4e7",
      "record_id": "marm_r14_extrap_deep",
      "role": "outside_train_position_range",
      "slice_rank": 14,
      "source_group_id": "validation:marmousi:x250.0:z50.0",
      "source_parameters": [
        1000.0,
        400.0,
        19.0,
        0.07894736842105263,
        1.0
      ],
      "source_sample_id": "validation_marmousi_00100"
    },
    {
      "case_id": "extrap_left",
      "nearest_train_position_distance_domain_diagonal": 0.03695143285395713,
      "nearest_train_position_distance_m": 104.51443498236986,
      "prediction_path": "/root/autodl-tmp/home/jiayh/Data/FNO-Acoustic-Wave-Simulation/1/evaluation/marmousi_fixed19hz_position_240_post_r5d_r1/predictions/marm_r14_extrap_left.npz",
      "prediction_sha256": "6a2e1f720ac98a10ace126593cd6a74aa09508a2399c1148ef5b15d5699ae667",
      "record_id": "marm_r14_extrap_left",
      "role": "outside_train_position_range",
      "slice_rank": 14,
      "source_group_id": "validation:marmousi:x250.0:z50.0",
      "source_parameters": [
        100.0,
        175.0,
        19.0,
        0.07894736842105263,
        1.0
      ],
      "source_sample_id": "validation_marmousi_00100"
    },
    {
      "case_id": "extrap_right",
      "nearest_train_position_distance_domain_diagonal": 0.043013956234984746,
      "nearest_train_position_distance_m": 121.66184055767637,
      "prediction_path": "/root/autodl-tmp/home/jiayh/Data/FNO-Acoustic-Wave-Simulation/1/evaluation/marmousi_fixed19hz_position_240_post_r5d_r1/predictions/marm_r14_extrap_right.npz",
      "prediction_sha256": "c565ec0b4a80c35cb2b8e3a2485eacf55cdac2f8e3632d4c5bb2c1f4e93aa302",
      "record_id": "marm_r14_extrap_right",
      "role": "outside_train_position_range",
      "slice_rank": 14,
      "source_group_id": "validation:marmousi:x250.0:z50.0",
      "source_parameters": [
        1900.0,
        175.0,
        19.0,
        0.07894736842105263,
        1.0
      ],
      "source_sample_id": "validation_marmousi_00100"
    },
    {
      "case_id": "interp_center",
      "nearest_train_position_distance_domain_diagonal": 0.003405975057812249,
      "nearest_train_position_distance_m": 9.633552239725137,
      "prediction_path": "/root/autodl-tmp/home/jiayh/Data/FNO-Acoustic-Wave-Simulation/1/evaluation/marmousi_fixed19hz_position_240_post_r5d_r1/predictions/marm_r14_interp_center.npz",
      "prediction_sha256": "a1c94aba0ec35ae2fce645e022e0030ac01967ee60c4929ce0d8e68b0defcf5f",
      "record_id": "marm_r14_interp_center",
      "role": "interpolation",
      "slice_rank": 14,
      "source_group_id": "validation:marmousi:x250.0:z50.0",
      "source_parameters": [
        1000.0,
        175.0,
        19.0,
        0.07894736842105263,
        1.0
      ],
      "source_sample_id": "validation_marmousi_00100"
    },
    {
      "case_id": "interp_left_deep",
      "nearest_train_position_distance_domain_diagonal": 0.0028550971477638463,
      "nearest_train_position_distance_m": 8.075434216520744,
      "prediction_path": "/root/autodl-tmp/home/jiayh/Data/FNO-Acoustic-Wave-Simulation/1/evaluation/marmousi_fixed19hz_position_240_post_r5d_r1/predictions/marm_r14_interp_left_deep.npz",
      "prediction_sha256": "c07dfd1d5f74f54ba96c135a23566424fe40c6bf6114549fbf5314b2c5c7cb59",
      "record_id": "marm_r14_interp_left_deep",
      "role": "interpolation",
      "slice_rank": 14,
      "source_group_id": "validation:marmousi:x250.0:z50.0",
      "source_parameters": [
        700.0,
        250.0,
        19.0,
        0.07894736842105263,
        1.0
      ],
      "source_sample_id": "validation_marmousi_00100"
    },
    {
      "case_id": "interp_left_shallow",
      "nearest_train_position_distance_domain_diagonal": 0.0015044105052729115,
      "nearest_train_position_distance_m": 4.255115479867024,
      "prediction_path": "/root/autodl-tmp/home/jiayh/Data/FNO-Acoustic-Wave-Simulation/1/evaluation/marmousi_fixed19hz_position_240_post_r5d_r1/predictions/marm_r14_interp_left_shallow.npz",
      "prediction_sha256": "ab1f59397e4cc801b465b4d9652018ac1713b622d3cebb0cef6f745756897b72",
      "record_id": "marm_r14_interp_left_shallow",
      "role": "interpolation",
      "slice_rank": 14,
      "source_group_id": "validation:marmousi:x250.0:z50.0",
      "source_parameters": [
        400.0,
        100.0,
        19.0,
        0.07894736842105263,
        1.0
      ],
      "source_sample_id": "validation_marmousi_00100"
    },
    {
      "case_id": "interp_right_deep",
      "nearest_train_position_distance_domain_diagonal": 0.005026873923190659,
      "nearest_train_position_distance_m": 14.218146557031757,
      "prediction_path": "/root/autodl-tmp/home/jiayh/Data/FNO-Acoustic-Wave-Simulation/1/evaluation/marmousi_fixed19hz_position_240_post_r5d_r1/predictions/marm_r14_interp_right_deep.npz",
      "prediction_sha256": "17785913f1c87a1a7c41fec0d59697963e62c1b836b2e834eb89fe7eb3daa25f",
      "record_id": "marm_r14_interp_right_deep",
      "role": "interpolation",
      "slice_rank": 14,
      "source_group_id": "validation:marmousi:x250.0:z50.0",
      "source_parameters": [
        1600.0,
        250.0,
        19.0,
        0.07894736842105263,
        1.0
      ],
      "source_sample_id": "validation_marmousi_00100"
    },
    {
      "case_id": "interp_right_shallow",
      "nearest_train_position_distance_domain_diagonal": 0.004278776841318993,
      "nearest_train_position_distance_m": 12.102208478722467,
      "prediction_path": "/root/autodl-tmp/home/jiayh/Data/FNO-Acoustic-Wave-Simulation/1/evaluation/marmousi_fixed19hz_position_240_post_r5d_r1/predictions/marm_r14_interp_right_shallow.npz",
      "prediction_sha256": "69483789e5915f4cbeae9f63298e5c7345428e8af50f7f33bc20229b38e02582",
      "record_id": "marm_r14_interp_right_shallow",
      "role": "interpolation",
      "slice_rank": 14,
      "source_group_id": "validation:marmousi:x250.0:z50.0",
      "source_parameters": [
        1300.0,
        100.0,
        19.0,
        0.07894736842105263,
        1.0
      ],
      "source_sample_id": "validation_marmousi_00100"
    },
    {
      "case_id": "extrap_deep",
      "nearest_train_position_distance_domain_diagonal": 0.039541448141755246,
      "nearest_train_position_distance_m": 111.84010447588538,
      "prediction_path": "/root/autodl-tmp/home/jiayh/Data/FNO-Acoustic-Wave-Simulation/1/evaluation/marmousi_fixed19hz_position_240_post_r5d_r1/predictions/marm_r15_extrap_deep.npz",
      "prediction_sha256": "d3323c745f08db3bc4b0d31529cd6ff82947ddf0a47d661eb2df915fe5d3b58f",
      "record_id": "marm_r15_extrap_deep",
      "role": "outside_train_position_range",
      "slice_rank": 15,
      "source_group_id": "validation:marmousi:x350.0:z0.0",
      "source_parameters": [
        1000.0,
        400.0,
        19.0,
        0.07894736842105263,
        1.0
      ],
      "source_sample_id": "validation_marmousi_00010"
    },
    {
      "case_id": "extrap_left",
      "nearest_train_position_distance_domain_diagonal": 0.03695143285395713,
      "nearest_train_position_distance_m": 104.51443498236986,
      "prediction_path": "/root/autodl-tmp/home/jiayh/Data/FNO-Acoustic-Wave-Simulation/1/evaluation/marmousi_fixed19hz_position_240_post_r5d_r1/predictions/marm_r15_extrap_left.npz",
      "prediction_sha256": "19654ceef61caeb50710d8a60542859730427f2ca2899665b27d874e2dd71139",
      "record_id": "marm_r15_extrap_left",
      "role": "outside_train_position_range",
      "slice_rank": 15,
      "source_group_id": "validation:marmousi:x350.0:z0.0",
      "source_parameters": [
        100.0,
        175.0,
        19.0,
        0.07894736842105263,
        1.0
      ],
      "source_sample_id": "validation_marmousi_00010"
    },
    {
      "case_id": "extrap_right",
      "nearest_train_position_distance_domain_diagonal": 0.043013956234984746,
      "nearest_train_position_distance_m": 121.66184055767637,
      "prediction_path": "/root/autodl-tmp/home/jiayh/Data/FNO-Acoustic-Wave-Simulation/1/evaluation/marmousi_fixed19hz_position_240_post_r5d_r1/predictions/marm_r15_extrap_right.npz",
      "prediction_sha256": "5b293aafbe4bf520fb5a452c1bb6f8929c9d00fb80e310e4997b59451d226947",
      "record_id": "marm_r15_extrap_right",
      "role": "outside_train_position_range",
      "slice_rank": 15,
      "source_group_id": "validation:marmousi:x350.0:z0.0",
      "source_parameters": [
        1900.0,
        175.0,
        19.0,
        0.07894736842105263,
        1.0
      ],
      "source_sample_id": "validation_marmousi_00010"
    },
    {
      "case_id": "interp_center",
      "nearest_train_position_distance_domain_diagonal": 0.003405975057812249,
      "nearest_train_position_distance_m": 9.633552239725137,
      "prediction_path": "/root/autodl-tmp/home/jiayh/Data/FNO-Acoustic-Wave-Simulation/1/evaluation/marmousi_fixed19hz_position_240_post_r5d_r1/predictions/marm_r15_interp_center.npz",
      "prediction_sha256": "5b6630982d4425246da422fdacc15b70e70ef8d67e6c86c3f30efaa00447fed5",
      "record_id": "marm_r15_interp_center",
      "role": "interpolation",
      "slice_rank": 15,
      "source_group_id": "validation:marmousi:x350.0:z0.0",
      "source_parameters": [
        1000.0,
        175.0,
        19.0,
        0.07894736842105263,
        1.0
      ],
      "source_sample_id": "validation_marmousi_00010"
    },
    {
      "case_id": "interp_left_deep",
      "nearest_train_position_distance_domain_diagonal": 0.0028550971477638463,
      "nearest_train_position_distance_m": 8.075434216520744,
      "prediction_path": "/root/autodl-tmp/home/jiayh/Data/FNO-Acoustic-Wave-Simulation/1/evaluation/marmousi_fixed19hz_position_240_post_r5d_r1/predictions/marm_r15_interp_left_deep.npz",
      "prediction_sha256": "f6205f0e516807b1d0708b594d3ff75609c7a3c07129a538f998009d411d320a",
      "record_id": "marm_r15_interp_left_deep",
      "role": "interpolation",
      "slice_rank": 15,
      "source_group_id": "validation:marmousi:x350.0:z0.0",
      "source_parameters": [
        700.0,
        250.0,
        19.0,
        0.07894736842105263,
        1.0
      ],
      "source_sample_id": "validation_marmousi_00010"
    },
    {
      "case_id": "interp_left_shallow",
      "nearest_train_position_distance_domain_diagonal": 0.0015044105052729115,
      "nearest_train_position_distance_m": 4.255115479867024,
      "prediction_path": "/root/autodl-tmp/home/jiayh/Data/FNO-Acoustic-Wave-Simulation/1/evaluation/marmousi_fixed19hz_position_240_post_r5d_r1/predictions/marm_r15_interp_left_shallow.npz",
      "prediction_sha256": "9d21c57fd9b95e3a326218b52b84c4f24b438b06c094e7beae43631e7add247f",
      "record_id": "marm_r15_interp_left_shallow",
      "role": "interpolation",
      "slice_rank": 15,
      "source_group_id": "validation:marmousi:x350.0:z0.0",
      "source_parameters": [
        400.0,
        100.0,
        19.0,
        0.07894736842105263,
        1.0
      ],
      "source_sample_id": "validation_marmousi_00010"
    },
    {
      "case_id": "interp_right_deep",
      "nearest_train_position_distance_domain_diagonal": 0.005026873923190659,
      "nearest_train_position_distance_m": 14.218146557031757,
      "prediction_path": "/root/autodl-tmp/home/jiayh/Data/FNO-Acoustic-Wave-Simulation/1/evaluation/marmousi_fixed19hz_position_240_post_r5d_r1/predictions/marm_r15_interp_right_deep.npz",
      "prediction_sha256": "a487d7c843a426b7edc8b3b81797dfa13fb99b84f9e7ec0876ee74488eb4ccbc",
      "record_id": "marm_r15_interp_right_deep",
      "role": "interpolation",
      "slice_rank": 15,
      "source_group_id": "validation:marmousi:x350.0:z0.0",
      "source_parameters": [
        1600.0,
        250.0,
        19.0,
        0.07894736842105263,
        1.0
      ],
      "source_sample_id": "validation_marmousi_00010"
    },
    {
      "case_id": "interp_right_shallow",
      "nearest_train_position_distance_domain_diagonal": 0.004278776841318993,
      "nearest_train_position_distance_m": 12.102208478722467,
      "prediction_path": "/root/autodl-tmp/home/jiayh/Data/FNO-Acoustic-Wave-Simulation/1/evaluation/marmousi_fixed19hz_position_240_post_r5d_r1/predictions/marm_r15_interp_right_shallow.npz",
      "prediction_sha256": "f7f1d8abce0fac86c5c3de4587af71e35d25b14fd78160417cb132fb0c9d97ee",
      "record_id": "marm_r15_interp_right_shallow",
      "role": "interpolation",
      "slice_rank": 15,
      "source_group_id": "validation:marmousi:x350.0:z0.0",
      "source_parameters": [
        1300.0,
        100.0,
        19.0,
        0.07894736842105263,
        1.0
      ],
      "source_sample_id": "validation_marmousi_00010"
    },
    {
      "case_id": "extrap_deep",
      "nearest_train_position_distance_domain_diagonal": 0.039541448141755246,
      "nearest_train_position_distance_m": 111.84010447588538,
      "prediction_path": "/root/autodl-tmp/home/jiayh/Data/FNO-Acoustic-Wave-Simulation/1/evaluation/marmousi_fixed19hz_position_240_post_r5d_r1/predictions/marm_r16_extrap_deep.npz",
      "prediction_sha256": "8974bfb73ef987ed227d306f7a2d04ca5afc7ec96376cabb09528643fb9e6d3f",
      "record_id": "marm_r16_extrap_deep",
      "role": "outside_train_position_range",
      "slice_rank": 16,
      "source_group_id": "validation:marmousi:x200.0:z0.0",
      "source_parameters": [
        1000.0,
        400.0,
        19.0,
        0.07894736842105263,
        1.0
      ],
      "source_sample_id": "validation_marmousi_00005"
    },
    {
      "case_id": "extrap_left",
      "nearest_train_position_distance_domain_diagonal": 0.03695143285395713,
      "nearest_train_position_distance_m": 104.51443498236986,
      "prediction_path": "/root/autodl-tmp/home/jiayh/Data/FNO-Acoustic-Wave-Simulation/1/evaluation/marmousi_fixed19hz_position_240_post_r5d_r1/predictions/marm_r16_extrap_left.npz",
      "prediction_sha256": "7989a43a78dd1e0c61424a4391652cbcd4685798736540cb1ac3323ec8256960",
      "record_id": "marm_r16_extrap_left",
      "role": "outside_train_position_range",
      "slice_rank": 16,
      "source_group_id": "validation:marmousi:x200.0:z0.0",
      "source_parameters": [
        100.0,
        175.0,
        19.0,
        0.07894736842105263,
        1.0
      ],
      "source_sample_id": "validation_marmousi_00005"
    },
    {
      "case_id": "extrap_right",
      "nearest_train_position_distance_domain_diagonal": 0.043013956234984746,
      "nearest_train_position_distance_m": 121.66184055767637,
      "prediction_path": "/root/autodl-tmp/home/jiayh/Data/FNO-Acoustic-Wave-Simulation/1/evaluation/marmousi_fixed19hz_position_240_post_r5d_r1/predictions/marm_r16_extrap_right.npz",
      "prediction_sha256": "341785cebc0385a8804050120fef6d2ba0e61ed1be33c7d0f6a98c7e374fa9d0",
      "record_id": "marm_r16_extrap_right",
      "role": "outside_train_position_range",
      "slice_rank": 16,
      "source_group_id": "validation:marmousi:x200.0:z0.0",
      "source_parameters": [
        1900.0,
        175.0,
        19.0,
        0.07894736842105263,
        1.0
      ],
      "source_sample_id": "validation_marmousi_00005"
    },
    {
      "case_id": "interp_center",
      "nearest_train_position_distance_domain_diagonal": 0.003405975057812249,
      "nearest_train_position_distance_m": 9.633552239725137,
      "prediction_path": "/root/autodl-tmp/home/jiayh/Data/FNO-Acoustic-Wave-Simulation/1/evaluation/marmousi_fixed19hz_position_240_post_r5d_r1/predictions/marm_r16_interp_center.npz",
      "prediction_sha256": "f46309ef10acf37cd331734cb3705010641c968f5d97177b99ce91b1b2d99691",
      "record_id": "marm_r16_interp_center",
      "role": "interpolation",
      "slice_rank": 16,
      "source_group_id": "validation:marmousi:x200.0:z0.0",
      "source_parameters": [
        1000.0,
        175.0,
        19.0,
        0.07894736842105263,
        1.0
      ],
      "source_sample_id": "validation_marmousi_00005"
    },
    {
      "case_id": "interp_left_deep",
      "nearest_train_position_distance_domain_diagonal": 0.0028550971477638463,
      "nearest_train_position_distance_m": 8.075434216520744,
      "prediction_path": "/root/autodl-tmp/home/jiayh/Data/FNO-Acoustic-Wave-Simulation/1/evaluation/marmousi_fixed19hz_position_240_post_r5d_r1/predictions/marm_r16_interp_left_deep.npz",
      "prediction_sha256": "bbc0fe9f8c62cf8979dce47926964ab3bd977f62af760a88ba3b4aaa15070776",
      "record_id": "marm_r16_interp_left_deep",
      "role": "interpolation",
      "slice_rank": 16,
      "source_group_id": "validation:marmousi:x200.0:z0.0",
      "source_parameters": [
        700.0,
        250.0,
        19.0,
        0.07894736842105263,
        1.0
      ],
      "source_sample_id": "validation_marmousi_00005"
    },
    {
      "case_id": "interp_left_shallow",
      "nearest_train_position_distance_domain_diagonal": 0.0015044105052729115,
      "nearest_train_position_distance_m": 4.255115479867024,
      "prediction_path": "/root/autodl-tmp/home/jiayh/Data/FNO-Acoustic-Wave-Simulation/1/evaluation/marmousi_fixed19hz_position_240_post_r5d_r1/predictions/marm_r16_interp_left_shallow.npz",
      "prediction_sha256": "b8642b90ac609f135ed7ce7d3271a189b101afbaa913864eebe156cf25c6c8a4",
      "record_id": "marm_r16_interp_left_shallow",
      "role": "interpolation",
      "slice_rank": 16,
      "source_group_id": "validation:marmousi:x200.0:z0.0",
      "source_parameters": [
        400.0,
        100.0,
        19.0,
        0.07894736842105263,
        1.0
      ],
      "source_sample_id": "validation_marmousi_00005"
    },
    {
      "case_id": "interp_right_deep",
      "nearest_train_position_distance_domain_diagonal": 0.005026873923190659,
      "nearest_train_position_distance_m": 14.218146557031757,
      "prediction_path": "/root/autodl-tmp/home/jiayh/Data/FNO-Acoustic-Wave-Simulation/1/evaluation/marmousi_fixed19hz_position_240_post_r5d_r1/predictions/marm_r16_interp_right_deep.npz",
      "prediction_sha256": "a72902b7e33e8ebb28f52cf4981579bca2c4b78f23ceac0b3aa84636c33ee13b",
      "record_id": "marm_r16_interp_right_deep",
      "role": "interpolation",
      "slice_rank": 16,
      "source_group_id": "validation:marmousi:x200.0:z0.0",
      "source_parameters": [
        1600.0,
        250.0,
        19.0,
        0.07894736842105263,
        1.0
      ],
      "source_sample_id": "validation_marmousi_00005"
    },
    {
      "case_id": "interp_right_shallow",
      "nearest_train_position_distance_domain_diagonal": 0.004278776841318993,
      "nearest_train_position_distance_m": 12.102208478722467,
      "prediction_path": "/root/autodl-tmp/home/jiayh/Data/FNO-Acoustic-Wave-Simulation/1/evaluation/marmousi_fixed19hz_position_240_post_r5d_r1/predictions/marm_r16_interp_right_shallow.npz",
      "prediction_sha256": "d5a248be14b8f4639f5cd379ba34b416ab54d2741d45cd8b52738d66ad54cc8c",
      "record_id": "marm_r16_interp_right_shallow",
      "role": "interpolation",
      "slice_rank": 16,
      "source_group_id": "validation:marmousi:x200.0:z0.0",
      "source_parameters": [
        1300.0,
        100.0,
        19.0,
        0.07894736842105263,
        1.0
      ],
      "source_sample_id": "validation_marmousi_00005"
    },
    {
      "case_id": "extrap_deep",
      "nearest_train_position_distance_domain_diagonal": 0.039541448141755246,
      "nearest_train_position_distance_m": 111.84010447588538,
      "prediction_path": "/root/autodl-tmp/home/jiayh/Data/FNO-Acoustic-Wave-Simulation/1/evaluation/marmousi_fixed19hz_position_240_post_r5d_r1/predictions/marm_r17_extrap_deep.npz",
      "prediction_sha256": "ed9d74856153d7f10a3c6a38be651167d073e8fd0fd386a893434f4389cbe0df",
      "record_id": "marm_r17_extrap_deep",
      "role": "outside_train_position_range",
      "slice_rank": 17,
      "source_group_id": "validation:marmousi:x100.0:z50.0",
      "source_parameters": [
        1000.0,
        400.0,
        19.0,
        0.07894736842105263,
        1.0
      ],
      "source_sample_id": "validation_marmousi_00095"
    },
    {
      "case_id": "extrap_left",
      "nearest_train_position_distance_domain_diagonal": 0.03695143285395713,
      "nearest_train_position_distance_m": 104.51443498236986,
      "prediction_path": "/root/autodl-tmp/home/jiayh/Data/FNO-Acoustic-Wave-Simulation/1/evaluation/marmousi_fixed19hz_position_240_post_r5d_r1/predictions/marm_r17_extrap_left.npz",
      "prediction_sha256": "0d428dac9f41d38b06a44568133a92988f30eda03ea5a7f9614e1cd305ff01e0",
      "record_id": "marm_r17_extrap_left",
      "role": "outside_train_position_range",
      "slice_rank": 17,
      "source_group_id": "validation:marmousi:x100.0:z50.0",
      "source_parameters": [
        100.0,
        175.0,
        19.0,
        0.07894736842105263,
        1.0
      ],
      "source_sample_id": "validation_marmousi_00095"
    },
    {
      "case_id": "extrap_right",
      "nearest_train_position_distance_domain_diagonal": 0.043013956234984746,
      "nearest_train_position_distance_m": 121.66184055767637,
      "prediction_path": "/root/autodl-tmp/home/jiayh/Data/FNO-Acoustic-Wave-Simulation/1/evaluation/marmousi_fixed19hz_position_240_post_r5d_r1/predictions/marm_r17_extrap_right.npz",
      "prediction_sha256": "198cabe4b15d227edfa7c1821486cd8c5dae3d7d266eda5120b596560c1800e9",
      "record_id": "marm_r17_extrap_right",
      "role": "outside_train_position_range",
      "slice_rank": 17,
      "source_group_id": "validation:marmousi:x100.0:z50.0",
      "source_parameters": [
        1900.0,
        175.0,
        19.0,
        0.07894736842105263,
        1.0
      ],
      "source_sample_id": "validation_marmousi_00095"
    },
    {
      "case_id": "interp_center",
      "nearest_train_position_distance_domain_diagonal": 0.003405975057812249,
      "nearest_train_position_distance_m": 9.633552239725137,
      "prediction_path": "/root/autodl-tmp/home/jiayh/Data/FNO-Acoustic-Wave-Simulation/1/evaluation/marmousi_fixed19hz_position_240_post_r5d_r1/predictions/marm_r17_interp_center.npz",
      "prediction_sha256": "f988dfc0a3a611895280eb900ef71b6c9f98e098011101506bf714f57ef2e744",
      "record_id": "marm_r17_interp_center",
      "role": "interpolation",
      "slice_rank": 17,
      "source_group_id": "validation:marmousi:x100.0:z50.0",
      "source_parameters": [
        1000.0,
        175.0,
        19.0,
        0.07894736842105263,
        1.0
      ],
      "source_sample_id": "validation_marmousi_00095"
    },
    {
      "case_id": "interp_left_deep",
      "nearest_train_position_distance_domain_diagonal": 0.0028550971477638463,
      "nearest_train_position_distance_m": 8.075434216520744,
      "prediction_path": "/root/autodl-tmp/home/jiayh/Data/FNO-Acoustic-Wave-Simulation/1/evaluation/marmousi_fixed19hz_position_240_post_r5d_r1/predictions/marm_r17_interp_left_deep.npz",
      "prediction_sha256": "bd0d70cc82289200f529361f85925b6c01ddbc67d33b4e4af09a32548f4916d0",
      "record_id": "marm_r17_interp_left_deep",
      "role": "interpolation",
      "slice_rank": 17,
      "source_group_id": "validation:marmousi:x100.0:z50.0",
      "source_parameters": [
        700.0,
        250.0,
        19.0,
        0.07894736842105263,
        1.0
      ],
      "source_sample_id": "validation_marmousi_00095"
    },
    {
      "case_id": "interp_left_shallow",
      "nearest_train_position_distance_domain_diagonal": 0.0015044105052729115,
      "nearest_train_position_distance_m": 4.255115479867024,
      "prediction_path": "/root/autodl-tmp/home/jiayh/Data/FNO-Acoustic-Wave-Simulation/1/evaluation/marmousi_fixed19hz_position_240_post_r5d_r1/predictions/marm_r17_interp_left_shallow.npz",
      "prediction_sha256": "828b6c5b07afc6b3e6b67ae7d4197498d4a0ea72b61f1451a76a32e321dd7aa0",
      "record_id": "marm_r17_interp_left_shallow",
      "role": "interpolation",
      "slice_rank": 17,
      "source_group_id": "validation:marmousi:x100.0:z50.0",
      "source_parameters": [
        400.0,
        100.0,
        19.0,
        0.07894736842105263,
        1.0
      ],
      "source_sample_id": "validation_marmousi_00095"
    },
    {
      "case_id": "interp_right_deep",
      "nearest_train_position_distance_domain_diagonal": 0.005026873923190659,
      "nearest_train_position_distance_m": 14.218146557031757,
      "prediction_path": "/root/autodl-tmp/home/jiayh/Data/FNO-Acoustic-Wave-Simulation/1/evaluation/marmousi_fixed19hz_position_240_post_r5d_r1/predictions/marm_r17_interp_right_deep.npz",
      "prediction_sha256": "d65afdda81e87701eeeb90cd0bf143bbaf5569a66d7b29ff0f0236ffada79336",
      "record_id": "marm_r17_interp_right_deep",
      "role": "interpolation",
      "slice_rank": 17,
      "source_group_id": "validation:marmousi:x100.0:z50.0",
      "source_parameters": [
        1600.0,
        250.0,
        19.0,
        0.07894736842105263,
        1.0
      ],
      "source_sample_id": "validation_marmousi_00095"
    },
    {
      "case_id": "interp_right_shallow",
      "nearest_train_position_distance_domain_diagonal": 0.004278776841318993,
      "nearest_train_position_distance_m": 12.102208478722467,
      "prediction_path": "/root/autodl-tmp/home/jiayh/Data/FNO-Acoustic-Wave-Simulation/1/evaluation/marmousi_fixed19hz_position_240_post_r5d_r1/predictions/marm_r17_interp_right_shallow.npz",
      "prediction_sha256": "8996fc83f2ba0c2404d88111f098fc388eb9c0de12662232494bdd05c395340a",
      "record_id": "marm_r17_interp_right_shallow",
      "role": "interpolation",
      "slice_rank": 17,
      "source_group_id": "validation:marmousi:x100.0:z50.0",
      "source_parameters": [
        1300.0,
        100.0,
        19.0,
        0.07894736842105263,
        1.0
      ],
      "source_sample_id": "validation_marmousi_00095"
    },
    {
      "case_id": "extrap_deep",
      "nearest_train_position_distance_domain_diagonal": 0.039541448141755246,
      "nearest_train_position_distance_m": 111.84010447588538,
      "prediction_path": "/root/autodl-tmp/home/jiayh/Data/FNO-Acoustic-Wave-Simulation/1/evaluation/marmousi_fixed19hz_position_240_post_r5d_r1/predictions/marm_r18_extrap_deep.npz",
      "prediction_sha256": "95aefc29262f195e1cff8190717f3d83ac7871dafa43bff8e07af99f053cc3ec",
      "record_id": "marm_r18_extrap_deep",
      "role": "outside_train_position_range",
      "slice_rank": 18,
      "source_group_id": "validation:marmousi:x50.0:z0.0",
      "source_parameters": [
        1000.0,
        400.0,
        19.0,
        0.07894736842105263,
        1.0
      ],
      "source_sample_id": "validation_marmousi_00000"
    },
    {
      "case_id": "extrap_left",
      "nearest_train_position_distance_domain_diagonal": 0.03695143285395713,
      "nearest_train_position_distance_m": 104.51443498236986,
      "prediction_path": "/root/autodl-tmp/home/jiayh/Data/FNO-Acoustic-Wave-Simulation/1/evaluation/marmousi_fixed19hz_position_240_post_r5d_r1/predictions/marm_r18_extrap_left.npz",
      "prediction_sha256": "5947b9a62738dcc450a619f11559bee7a80440d8f5007892ea1ecc2c666d7fb1",
      "record_id": "marm_r18_extrap_left",
      "role": "outside_train_position_range",
      "slice_rank": 18,
      "source_group_id": "validation:marmousi:x50.0:z0.0",
      "source_parameters": [
        100.0,
        175.0,
        19.0,
        0.07894736842105263,
        1.0
      ],
      "source_sample_id": "validation_marmousi_00000"
    },
    {
      "case_id": "extrap_right",
      "nearest_train_position_distance_domain_diagonal": 0.043013956234984746,
      "nearest_train_position_distance_m": 121.66184055767637,
      "prediction_path": "/root/autodl-tmp/home/jiayh/Data/FNO-Acoustic-Wave-Simulation/1/evaluation/marmousi_fixed19hz_position_240_post_r5d_r1/predictions/marm_r18_extrap_right.npz",
      "prediction_sha256": "5b1f6e9607ee65c63d41fcc3f14508d60e7ddbf70faa2d5194243e88a3def27d",
      "record_id": "marm_r18_extrap_right",
      "role": "outside_train_position_range",
      "slice_rank": 18,
      "source_group_id": "validation:marmousi:x50.0:z0.0",
      "source_parameters": [
        1900.0,
        175.0,
        19.0,
        0.07894736842105263,
        1.0
      ],
      "source_sample_id": "validation_marmousi_00000"
    },
    {
      "case_id": "interp_center",
      "nearest_train_position_distance_domain_diagonal": 0.003405975057812249,
      "nearest_train_position_distance_m": 9.633552239725137,
      "prediction_path": "/root/autodl-tmp/home/jiayh/Data/FNO-Acoustic-Wave-Simulation/1/evaluation/marmousi_fixed19hz_position_240_post_r5d_r1/predictions/marm_r18_interp_center.npz",
      "prediction_sha256": "7102950e201ec672d9cb86962096b6e137f15f41f226361374056f3f98f2ce1e",
      "record_id": "marm_r18_interp_center",
      "role": "interpolation",
      "slice_rank": 18,
      "source_group_id": "validation:marmousi:x50.0:z0.0",
      "source_parameters": [
        1000.0,
        175.0,
        19.0,
        0.07894736842105263,
        1.0
      ],
      "source_sample_id": "validation_marmousi_00000"
    },
    {
      "case_id": "interp_left_deep",
      "nearest_train_position_distance_domain_diagonal": 0.0028550971477638463,
      "nearest_train_position_distance_m": 8.075434216520744,
      "prediction_path": "/root/autodl-tmp/home/jiayh/Data/FNO-Acoustic-Wave-Simulation/1/evaluation/marmousi_fixed19hz_position_240_post_r5d_r1/predictions/marm_r18_interp_left_deep.npz",
      "prediction_sha256": "dc7e272486757f51485ba3c0b96c5ae0175ef2fcee72dfdecaaac23f5332f4d1",
      "record_id": "marm_r18_interp_left_deep",
      "role": "interpolation",
      "slice_rank": 18,
      "source_group_id": "validation:marmousi:x50.0:z0.0",
      "source_parameters": [
        700.0,
        250.0,
        19.0,
        0.07894736842105263,
        1.0
      ],
      "source_sample_id": "validation_marmousi_00000"
    },
    {
      "case_id": "interp_left_shallow",
      "nearest_train_position_distance_domain_diagonal": 0.0015044105052729115,
      "nearest_train_position_distance_m": 4.255115479867024,
      "prediction_path": "/root/autodl-tmp/home/jiayh/Data/FNO-Acoustic-Wave-Simulation/1/evaluation/marmousi_fixed19hz_position_240_post_r5d_r1/predictions/marm_r18_interp_left_shallow.npz",
      "prediction_sha256": "a2ed5db2c9858b178efae1b20518a846e39f513518028cb970278a3ccb8acb0e",
      "record_id": "marm_r18_interp_left_shallow",
      "role": "interpolation",
      "slice_rank": 18,
      "source_group_id": "validation:marmousi:x50.0:z0.0",
      "source_parameters": [
        400.0,
        100.0,
        19.0,
        0.07894736842105263,
        1.0
      ],
      "source_sample_id": "validation_marmousi_00000"
    },
    {
      "case_id": "interp_right_deep",
      "nearest_train_position_distance_domain_diagonal": 0.005026873923190659,
      "nearest_train_position_distance_m": 14.218146557031757,
      "prediction_path": "/root/autodl-tmp/home/jiayh/Data/FNO-Acoustic-Wave-Simulation/1/evaluation/marmousi_fixed19hz_position_240_post_r5d_r1/predictions/marm_r18_interp_right_deep.npz",
      "prediction_sha256": "d0eb3132b26b3d56bb050db2b62a0381434d46a4ad868679c85b56e7f2338dae",
      "record_id": "marm_r18_interp_right_deep",
      "role": "interpolation",
      "slice_rank": 18,
      "source_group_id": "validation:marmousi:x50.0:z0.0",
      "source_parameters": [
        1600.0,
        250.0,
        19.0,
        0.07894736842105263,
        1.0
      ],
      "source_sample_id": "validation_marmousi_00000"
    },
    {
      "case_id": "interp_right_shallow",
      "nearest_train_position_distance_domain_diagonal": 0.004278776841318993,
      "nearest_train_position_distance_m": 12.102208478722467,
      "prediction_path": "/root/autodl-tmp/home/jiayh/Data/FNO-Acoustic-Wave-Simulation/1/evaluation/marmousi_fixed19hz_position_240_post_r5d_r1/predictions/marm_r18_interp_right_shallow.npz",
      "prediction_sha256": "9ad17ea785d69c9b775f2bbb1c0fd99466e4ceb582f656185f90c4c7a1175f20",
      "record_id": "marm_r18_interp_right_shallow",
      "role": "interpolation",
      "slice_rank": 18,
      "source_group_id": "validation:marmousi:x50.0:z0.0",
      "source_parameters": [
        1300.0,
        100.0,
        19.0,
        0.07894736842105263,
        1.0
      ],
      "source_sample_id": "validation_marmousi_00000"
    },
    {
      "case_id": "extrap_deep",
      "nearest_train_position_distance_domain_diagonal": 0.039541448141755246,
      "nearest_train_position_distance_m": 111.84010447588538,
      "prediction_path": "/root/autodl-tmp/home/jiayh/Data/FNO-Acoustic-Wave-Simulation/1/evaluation/marmousi_fixed19hz_position_240_post_r5d_r1/predictions/marm_r19_extrap_deep.npz",
      "prediction_sha256": "ad4515d26a6a9bf5a9e674140461170a3843aa22c67fc52836707a3e5ea593b6",
      "record_id": "marm_r19_extrap_deep",
      "role": "outside_train_position_range",
      "slice_rank": 19,
      "source_group_id": "validation:marmousi:x7050.0:z0.0",
      "source_parameters": [
        1000.0,
        400.0,
        19.0,
        0.07894736842105263,
        1.0
      ],
      "source_sample_id": "validation_marmousi_00085"
    },
    {
      "case_id": "extrap_left",
      "nearest_train_position_distance_domain_diagonal": 0.03695143285395713,
      "nearest_train_position_distance_m": 104.51443498236986,
      "prediction_path": "/root/autodl-tmp/home/jiayh/Data/FNO-Acoustic-Wave-Simulation/1/evaluation/marmousi_fixed19hz_position_240_post_r5d_r1/predictions/marm_r19_extrap_left.npz",
      "prediction_sha256": "4e4c0ed6b621b2ddfbf6a1608a3550b436a8e36552e624bfc93770b0d56d8fac",
      "record_id": "marm_r19_extrap_left",
      "role": "outside_train_position_range",
      "slice_rank": 19,
      "source_group_id": "validation:marmousi:x7050.0:z0.0",
      "source_parameters": [
        100.0,
        175.0,
        19.0,
        0.07894736842105263,
        1.0
      ],
      "source_sample_id": "validation_marmousi_00085"
    },
    {
      "case_id": "extrap_right",
      "nearest_train_position_distance_domain_diagonal": 0.043013956234984746,
      "nearest_train_position_distance_m": 121.66184055767637,
      "prediction_path": "/root/autodl-tmp/home/jiayh/Data/FNO-Acoustic-Wave-Simulation/1/evaluation/marmousi_fixed19hz_position_240_post_r5d_r1/predictions/marm_r19_extrap_right.npz",
      "prediction_sha256": "1575352aceddc36944d47323ebbaacfb438bc069c3ab1cd8cb593ec53dbb9a11",
      "record_id": "marm_r19_extrap_right",
      "role": "outside_train_position_range",
      "slice_rank": 19,
      "source_group_id": "validation:marmousi:x7050.0:z0.0",
      "source_parameters": [
        1900.0,
        175.0,
        19.0,
        0.07894736842105263,
        1.0
      ],
      "source_sample_id": "validation_marmousi_00085"
    },
    {
      "case_id": "interp_center",
      "nearest_train_position_distance_domain_diagonal": 0.003405975057812249,
      "nearest_train_position_distance_m": 9.633552239725137,
      "prediction_path": "/root/autodl-tmp/home/jiayh/Data/FNO-Acoustic-Wave-Simulation/1/evaluation/marmousi_fixed19hz_position_240_post_r5d_r1/predictions/marm_r19_interp_center.npz",
      "prediction_sha256": "29ceefc116ab0eae26717cf8d7b437f68b7d5d6b66e00f76548b237ed20afb9a",
      "record_id": "marm_r19_interp_center",
      "role": "interpolation",
      "slice_rank": 19,
      "source_group_id": "validation:marmousi:x7050.0:z0.0",
      "source_parameters": [
        1000.0,
        175.0,
        19.0,
        0.07894736842105263,
        1.0
      ],
      "source_sample_id": "validation_marmousi_00085"
    },
    {
      "case_id": "interp_left_deep",
      "nearest_train_position_distance_domain_diagonal": 0.0028550971477638463,
      "nearest_train_position_distance_m": 8.075434216520744,
      "prediction_path": "/root/autodl-tmp/home/jiayh/Data/FNO-Acoustic-Wave-Simulation/1/evaluation/marmousi_fixed19hz_position_240_post_r5d_r1/predictions/marm_r19_interp_left_deep.npz",
      "prediction_sha256": "1c3dc90dd7b78c85b833a9de2752c16d31c8bea3e6609bfcbdd7f9d920b5a390",
      "record_id": "marm_r19_interp_left_deep",
      "role": "interpolation",
      "slice_rank": 19,
      "source_group_id": "validation:marmousi:x7050.0:z0.0",
      "source_parameters": [
        700.0,
        250.0,
        19.0,
        0.07894736842105263,
        1.0
      ],
      "source_sample_id": "validation_marmousi_00085"
    },
    {
      "case_id": "interp_left_shallow",
      "nearest_train_position_distance_domain_diagonal": 0.0015044105052729115,
      "nearest_train_position_distance_m": 4.255115479867024,
      "prediction_path": "/root/autodl-tmp/home/jiayh/Data/FNO-Acoustic-Wave-Simulation/1/evaluation/marmousi_fixed19hz_position_240_post_r5d_r1/predictions/marm_r19_interp_left_shallow.npz",
      "prediction_sha256": "9168ed7c6756c71d46ae3dc47389ec0e5b4904b62be3a94f8c242c10ea27c618",
      "record_id": "marm_r19_interp_left_shallow",
      "role": "interpolation",
      "slice_rank": 19,
      "source_group_id": "validation:marmousi:x7050.0:z0.0",
      "source_parameters": [
        400.0,
        100.0,
        19.0,
        0.07894736842105263,
        1.0
      ],
      "source_sample_id": "validation_marmousi_00085"
    },
    {
      "case_id": "interp_right_deep",
      "nearest_train_position_distance_domain_diagonal": 0.005026873923190659,
      "nearest_train_position_distance_m": 14.218146557031757,
      "prediction_path": "/root/autodl-tmp/home/jiayh/Data/FNO-Acoustic-Wave-Simulation/1/evaluation/marmousi_fixed19hz_position_240_post_r5d_r1/predictions/marm_r19_interp_right_deep.npz",
      "prediction_sha256": "2bb840da67ca03114d4b04ec887bcfa8ca7475eebae21235fb55c0251a004b35",
      "record_id": "marm_r19_interp_right_deep",
      "role": "interpolation",
      "slice_rank": 19,
      "source_group_id": "validation:marmousi:x7050.0:z0.0",
      "source_parameters": [
        1600.0,
        250.0,
        19.0,
        0.07894736842105263,
        1.0
      ],
      "source_sample_id": "validation_marmousi_00085"
    },
    {
      "case_id": "interp_right_shallow",
      "nearest_train_position_distance_domain_diagonal": 0.004278776841318993,
      "nearest_train_position_distance_m": 12.102208478722467,
      "prediction_path": "/root/autodl-tmp/home/jiayh/Data/FNO-Acoustic-Wave-Simulation/1/evaluation/marmousi_fixed19hz_position_240_post_r5d_r1/predictions/marm_r19_interp_right_shallow.npz",
      "prediction_sha256": "0a7f87b1fc9d3a4eb24693996bf899888b9b37c5272a36cdc533072c4d9b4d47",
      "record_id": "marm_r19_interp_right_shallow",
      "role": "interpolation",
      "slice_rank": 19,
      "source_group_id": "validation:marmousi:x7050.0:z0.0",
      "source_parameters": [
        1300.0,
        100.0,
        19.0,
        0.07894736842105263,
        1.0
      ],
      "source_sample_id": "validation_marmousi_00085"
    },
    {
      "case_id": "extrap_deep",
      "nearest_train_position_distance_domain_diagonal": 0.039541448141755246,
      "nearest_train_position_distance_m": 111.84010447588538,
      "prediction_path": "/root/autodl-tmp/home/jiayh/Data/FNO-Acoustic-Wave-Simulation/1/evaluation/marmousi_fixed19hz_position_240_post_r5d_r1/predictions/marm_r20_extrap_deep.npz",
      "prediction_sha256": "43eeaa356693073452d243e0f1fab3030aaa952533679f6ab34df50471fd9510",
      "record_id": "marm_r20_extrap_deep",
      "role": "outside_train_position_range",
      "slice_rank": 20,
      "source_group_id": "validation:marmousi:x7200.0:z0.0",
      "source_parameters": [
        1000.0,
        400.0,
        19.0,
        0.07894736842105263,
        1.0
      ],
      "source_sample_id": "validation_marmousi_00090"
    },
    {
      "case_id": "extrap_left",
      "nearest_train_position_distance_domain_diagonal": 0.03695143285395713,
      "nearest_train_position_distance_m": 104.51443498236986,
      "prediction_path": "/root/autodl-tmp/home/jiayh/Data/FNO-Acoustic-Wave-Simulation/1/evaluation/marmousi_fixed19hz_position_240_post_r5d_r1/predictions/marm_r20_extrap_left.npz",
      "prediction_sha256": "5401e65039b8b75c9fda9426991b8d36b731674436b966f0f7ee5790a57f4711",
      "record_id": "marm_r20_extrap_left",
      "role": "outside_train_position_range",
      "slice_rank": 20,
      "source_group_id": "validation:marmousi:x7200.0:z0.0",
      "source_parameters": [
        100.0,
        175.0,
        19.0,
        0.07894736842105263,
        1.0
      ],
      "source_sample_id": "validation_marmousi_00090"
    },
    {
      "case_id": "extrap_right",
      "nearest_train_position_distance_domain_diagonal": 0.043013956234984746,
      "nearest_train_position_distance_m": 121.66184055767637,
      "prediction_path": "/root/autodl-tmp/home/jiayh/Data/FNO-Acoustic-Wave-Simulation/1/evaluation/marmousi_fixed19hz_position_240_post_r5d_r1/predictions/marm_r20_extrap_right.npz",
      "prediction_sha256": "aed976c2dc0c6c54c56ad7d295c80e4ea0996943e3fa8bd632b34e6563609203",
      "record_id": "marm_r20_extrap_right",
      "role": "outside_train_position_range",
      "slice_rank": 20,
      "source_group_id": "validation:marmousi:x7200.0:z0.0",
      "source_parameters": [
        1900.0,
        175.0,
        19.0,
        0.07894736842105263,
        1.0
      ],
      "source_sample_id": "validation_marmousi_00090"
    },
    {
      "case_id": "interp_center",
      "nearest_train_position_distance_domain_diagonal": 0.003405975057812249,
      "nearest_train_position_distance_m": 9.633552239725137,
      "prediction_path": "/root/autodl-tmp/home/jiayh/Data/FNO-Acoustic-Wave-Simulation/1/evaluation/marmousi_fixed19hz_position_240_post_r5d_r1/predictions/marm_r20_interp_center.npz",
      "prediction_sha256": "b409d1d91301e7c3353d5c985e0871c930e4977f38f29aa44d12320c4c864616",
      "record_id": "marm_r20_interp_center",
      "role": "interpolation",
      "slice_rank": 20,
      "source_group_id": "validation:marmousi:x7200.0:z0.0",
      "source_parameters": [
        1000.0,
        175.0,
        19.0,
        0.07894736842105263,
        1.0
      ],
      "source_sample_id": "validation_marmousi_00090"
    },
    {
      "case_id": "interp_left_deep",
      "nearest_train_position_distance_domain_diagonal": 0.0028550971477638463,
      "nearest_train_position_distance_m": 8.075434216520744,
      "prediction_path": "/root/autodl-tmp/home/jiayh/Data/FNO-Acoustic-Wave-Simulation/1/evaluation/marmousi_fixed19hz_position_240_post_r5d_r1/predictions/marm_r20_interp_left_deep.npz",
      "prediction_sha256": "59be79ee7f912975780d8b6e264b151bdbca15a759f46a94c6485fb05aa44fa7",
      "record_id": "marm_r20_interp_left_deep",
      "role": "interpolation",
      "slice_rank": 20,
      "source_group_id": "validation:marmousi:x7200.0:z0.0",
      "source_parameters": [
        700.0,
        250.0,
        19.0,
        0.07894736842105263,
        1.0
      ],
      "source_sample_id": "validation_marmousi_00090"
    },
    {
      "case_id": "interp_left_shallow",
      "nearest_train_position_distance_domain_diagonal": 0.0015044105052729115,
      "nearest_train_position_distance_m": 4.255115479867024,
      "prediction_path": "/root/autodl-tmp/home/jiayh/Data/FNO-Acoustic-Wave-Simulation/1/evaluation/marmousi_fixed19hz_position_240_post_r5d_r1/predictions/marm_r20_interp_left_shallow.npz",
      "prediction_sha256": "7677dc4b7e347ee6ebc23878c96bf595884ff0ae7f2c4f30af1cec1ebdb3ffc4",
      "record_id": "marm_r20_interp_left_shallow",
      "role": "interpolation",
      "slice_rank": 20,
      "source_group_id": "validation:marmousi:x7200.0:z0.0",
      "source_parameters": [
        400.0,
        100.0,
        19.0,
        0.07894736842105263,
        1.0
      ],
      "source_sample_id": "validation_marmousi_00090"
    },
    {
      "case_id": "interp_right_deep",
      "nearest_train_position_distance_domain_diagonal": 0.005026873923190659,
      "nearest_train_position_distance_m": 14.218146557031757,
      "prediction_path": "/root/autodl-tmp/home/jiayh/Data/FNO-Acoustic-Wave-Simulation/1/evaluation/marmousi_fixed19hz_position_240_post_r5d_r1/predictions/marm_r20_interp_right_deep.npz",
      "prediction_sha256": "6819398cf3312c9e70621b6b48bd48ee7199b48d0a97bbd6a12f063f8b73619a",
      "record_id": "marm_r20_interp_right_deep",
      "role": "interpolation",
      "slice_rank": 20,
      "source_group_id": "validation:marmousi:x7200.0:z0.0",
      "source_parameters": [
        1600.0,
        250.0,
        19.0,
        0.07894736842105263,
        1.0
      ],
      "source_sample_id": "validation_marmousi_00090"
    },
    {
      "case_id": "interp_right_shallow",
      "nearest_train_position_distance_domain_diagonal": 0.004278776841318993,
      "nearest_train_position_distance_m": 12.102208478722467,
      "prediction_path": "/root/autodl-tmp/home/jiayh/Data/FNO-Acoustic-Wave-Simulation/1/evaluation/marmousi_fixed19hz_position_240_post_r5d_r1/predictions/marm_r20_interp_right_shallow.npz",
      "prediction_sha256": "42bd0a41b093fedaa8352b15c9feece66bcfc4195ce0ae428459e34cbee0b5bc",
      "record_id": "marm_r20_interp_right_shallow",
      "role": "interpolation",
      "slice_rank": 20,
      "source_group_id": "validation:marmousi:x7200.0:z0.0",
      "source_parameters": [
        1300.0,
        100.0,
        19.0,
        0.07894736842105263,
        1.0
      ],
      "source_sample_id": "validation_marmousi_00090"
    },
    {
      "case_id": "extrap_deep",
      "nearest_train_position_distance_domain_diagonal": 0.039541448141755246,
      "nearest_train_position_distance_m": 111.84010447588538,
      "prediction_path": "/root/autodl-tmp/home/jiayh/Data/FNO-Acoustic-Wave-Simulation/1/evaluation/marmousi_fixed19hz_position_240_post_r5d_r1/predictions/marm_r21_extrap_deep.npz",
      "prediction_sha256": "f124e64813726d1449efb003b41a7b89fbf4f25d5c026d77c709ee3ec9c1b9e0",
      "record_id": "marm_r21_extrap_deep",
      "role": "outside_train_position_range",
      "slice_rank": 21,
      "source_group_id": "validation:marmousi:x6900.0:z0.0",
      "source_parameters": [
        1000.0,
        400.0,
        19.0,
        0.07894736842105263,
        1.0
      ],
      "source_sample_id": "validation_marmousi_00080"
    },
    {
      "case_id": "extrap_left",
      "nearest_train_position_distance_domain_diagonal": 0.03695143285395713,
      "nearest_train_position_distance_m": 104.51443498236986,
      "prediction_path": "/root/autodl-tmp/home/jiayh/Data/FNO-Acoustic-Wave-Simulation/1/evaluation/marmousi_fixed19hz_position_240_post_r5d_r1/predictions/marm_r21_extrap_left.npz",
      "prediction_sha256": "879b7aec08b840a4630d4da58242b2783a4b456047397fdd818e49a11d25da6a",
      "record_id": "marm_r21_extrap_left",
      "role": "outside_train_position_range",
      "slice_rank": 21,
      "source_group_id": "validation:marmousi:x6900.0:z0.0",
      "source_parameters": [
        100.0,
        175.0,
        19.0,
        0.07894736842105263,
        1.0
      ],
      "source_sample_id": "validation_marmousi_00080"
    },
    {
      "case_id": "extrap_right",
      "nearest_train_position_distance_domain_diagonal": 0.043013956234984746,
      "nearest_train_position_distance_m": 121.66184055767637,
      "prediction_path": "/root/autodl-tmp/home/jiayh/Data/FNO-Acoustic-Wave-Simulation/1/evaluation/marmousi_fixed19hz_position_240_post_r5d_r1/predictions/marm_r21_extrap_right.npz",
      "prediction_sha256": "1b30f05c0ee0b2d9b83f6a5315dbd2663d34f04c99538a40b8afbe99081ab9b9",
      "record_id": "marm_r21_extrap_right",
      "role": "outside_train_position_range",
      "slice_rank": 21,
      "source_group_id": "validation:marmousi:x6900.0:z0.0",
      "source_parameters": [
        1900.0,
        175.0,
        19.0,
        0.07894736842105263,
        1.0
      ],
      "source_sample_id": "validation_marmousi_00080"
    },
    {
      "case_id": "interp_center",
      "nearest_train_position_distance_domain_diagonal": 0.003405975057812249,
      "nearest_train_position_distance_m": 9.633552239725137,
      "prediction_path": "/root/autodl-tmp/home/jiayh/Data/FNO-Acoustic-Wave-Simulation/1/evaluation/marmousi_fixed19hz_position_240_post_r5d_r1/predictions/marm_r21_interp_center.npz",
      "prediction_sha256": "d38f38efd48c3ed3aa80e7f53f6704686ffba76d9c2fd8cdc5aefd2069f7c47a",
      "record_id": "marm_r21_interp_center",
      "role": "interpolation",
      "slice_rank": 21,
      "source_group_id": "validation:marmousi:x6900.0:z0.0",
      "source_parameters": [
        1000.0,
        175.0,
        19.0,
        0.07894736842105263,
        1.0
      ],
      "source_sample_id": "validation_marmousi_00080"
    },
    {
      "case_id": "interp_left_deep",
      "nearest_train_position_distance_domain_diagonal": 0.0028550971477638463,
      "nearest_train_position_distance_m": 8.075434216520744,
      "prediction_path": "/root/autodl-tmp/home/jiayh/Data/FNO-Acoustic-Wave-Simulation/1/evaluation/marmousi_fixed19hz_position_240_post_r5d_r1/predictions/marm_r21_interp_left_deep.npz",
      "prediction_sha256": "267426b474bb7653432cf982408873fb134a1b8f3abf2bb5fb651c9c7cf7f2eb",
      "record_id": "marm_r21_interp_left_deep",
      "role": "interpolation",
      "slice_rank": 21,
      "source_group_id": "validation:marmousi:x6900.0:z0.0",
      "source_parameters": [
        700.0,
        250.0,
        19.0,
        0.07894736842105263,
        1.0
      ],
      "source_sample_id": "validation_marmousi_00080"
    },
    {
      "case_id": "interp_left_shallow",
      "nearest_train_position_distance_domain_diagonal": 0.0015044105052729115,
      "nearest_train_position_distance_m": 4.255115479867024,
      "prediction_path": "/root/autodl-tmp/home/jiayh/Data/FNO-Acoustic-Wave-Simulation/1/evaluation/marmousi_fixed19hz_position_240_post_r5d_r1/predictions/marm_r21_interp_left_shallow.npz",
      "prediction_sha256": "e9de6eab59cfa8ef62b444eb7d55a1a23f098241314ff4552b093815043ed5c6",
      "record_id": "marm_r21_interp_left_shallow",
      "role": "interpolation",
      "slice_rank": 21,
      "source_group_id": "validation:marmousi:x6900.0:z0.0",
      "source_parameters": [
        400.0,
        100.0,
        19.0,
        0.07894736842105263,
        1.0
      ],
      "source_sample_id": "validation_marmousi_00080"
    },
    {
      "case_id": "interp_right_deep",
      "nearest_train_position_distance_domain_diagonal": 0.005026873923190659,
      "nearest_train_position_distance_m": 14.218146557031757,
      "prediction_path": "/root/autodl-tmp/home/jiayh/Data/FNO-Acoustic-Wave-Simulation/1/evaluation/marmousi_fixed19hz_position_240_post_r5d_r1/predictions/marm_r21_interp_right_deep.npz",
      "prediction_sha256": "8f2463bbf299d72997988301fb80fe7b690cf62f79209e0238471a9c51288a79",
      "record_id": "marm_r21_interp_right_deep",
      "role": "interpolation",
      "slice_rank": 21,
      "source_group_id": "validation:marmousi:x6900.0:z0.0",
      "source_parameters": [
        1600.0,
        250.0,
        19.0,
        0.07894736842105263,
        1.0
      ],
      "source_sample_id": "validation_marmousi_00080"
    },
    {
      "case_id": "interp_right_shallow",
      "nearest_train_position_distance_domain_diagonal": 0.004278776841318993,
      "nearest_train_position_distance_m": 12.102208478722467,
      "prediction_path": "/root/autodl-tmp/home/jiayh/Data/FNO-Acoustic-Wave-Simulation/1/evaluation/marmousi_fixed19hz_position_240_post_r5d_r1/predictions/marm_r21_interp_right_shallow.npz",
      "prediction_sha256": "5510e10af21f5650aff633ce066febc5da4c40a1cc27df04999c4f7f13bfc7e5",
      "record_id": "marm_r21_interp_right_shallow",
      "role": "interpolation",
      "slice_rank": 21,
      "source_group_id": "validation:marmousi:x6900.0:z0.0",
      "source_parameters": [
        1300.0,
        100.0,
        19.0,
        0.07894736842105263,
        1.0
      ],
      "source_sample_id": "validation_marmousi_00080"
    },
    {
      "case_id": "extrap_deep",
      "nearest_train_position_distance_domain_diagonal": 0.039541448141755246,
      "nearest_train_position_distance_m": 111.84010447588538,
      "prediction_path": "/root/autodl-tmp/home/jiayh/Data/FNO-Acoustic-Wave-Simulation/1/evaluation/marmousi_fixed19hz_position_240_post_r5d_r1/predictions/marm_r22_extrap_deep.npz",
      "prediction_sha256": "dfc66dfa55e3a1d9d3ff22ac5ee1f362cff33ffc0627f1c45e210f6820896e8b",
      "record_id": "marm_r22_extrap_deep",
      "role": "outside_train_position_range",
      "slice_rank": 22,
      "source_group_id": "validation:marmousi:x6750.0:z0.0",
      "source_parameters": [
        1000.0,
        400.0,
        19.0,
        0.07894736842105263,
        1.0
      ],
      "source_sample_id": "validation_marmousi_00075"
    },
    {
      "case_id": "extrap_left",
      "nearest_train_position_distance_domain_diagonal": 0.03695143285395713,
      "nearest_train_position_distance_m": 104.51443498236986,
      "prediction_path": "/root/autodl-tmp/home/jiayh/Data/FNO-Acoustic-Wave-Simulation/1/evaluation/marmousi_fixed19hz_position_240_post_r5d_r1/predictions/marm_r22_extrap_left.npz",
      "prediction_sha256": "7c1fbd45c82872f451a9e9546d8111d8acaa29b43bf8cd81a86f4d7d009fe7a8",
      "record_id": "marm_r22_extrap_left",
      "role": "outside_train_position_range",
      "slice_rank": 22,
      "source_group_id": "validation:marmousi:x6750.0:z0.0",
      "source_parameters": [
        100.0,
        175.0,
        19.0,
        0.07894736842105263,
        1.0
      ],
      "source_sample_id": "validation_marmousi_00075"
    },
    {
      "case_id": "extrap_right",
      "nearest_train_position_distance_domain_diagonal": 0.043013956234984746,
      "nearest_train_position_distance_m": 121.66184055767637,
      "prediction_path": "/root/autodl-tmp/home/jiayh/Data/FNO-Acoustic-Wave-Simulation/1/evaluation/marmousi_fixed19hz_position_240_post_r5d_r1/predictions/marm_r22_extrap_right.npz",
      "prediction_sha256": "21456f9b9e9691c8b9fcdb3be54708f5cc7d9e6e6e6ee210d54af7cd7ea2c61a",
      "record_id": "marm_r22_extrap_right",
      "role": "outside_train_position_range",
      "slice_rank": 22,
      "source_group_id": "validation:marmousi:x6750.0:z0.0",
      "source_parameters": [
        1900.0,
        175.0,
        19.0,
        0.07894736842105263,
        1.0
      ],
      "source_sample_id": "validation_marmousi_00075"
    },
    {
      "case_id": "interp_center",
      "nearest_train_position_distance_domain_diagonal": 0.003405975057812249,
      "nearest_train_position_distance_m": 9.633552239725137,
      "prediction_path": "/root/autodl-tmp/home/jiayh/Data/FNO-Acoustic-Wave-Simulation/1/evaluation/marmousi_fixed19hz_position_240_post_r5d_r1/predictions/marm_r22_interp_center.npz",
      "prediction_sha256": "d63627d464201657906914e121300c6af47256fec8107450e8a71801a134f278",
      "record_id": "marm_r22_interp_center",
      "role": "interpolation",
      "slice_rank": 22,
      "source_group_id": "validation:marmousi:x6750.0:z0.0",
      "source_parameters": [
        1000.0,
        175.0,
        19.0,
        0.07894736842105263,
        1.0
      ],
      "source_sample_id": "validation_marmousi_00075"
    },
    {
      "case_id": "interp_left_deep",
      "nearest_train_position_distance_domain_diagonal": 0.0028550971477638463,
      "nearest_train_position_distance_m": 8.075434216520744,
      "prediction_path": "/root/autodl-tmp/home/jiayh/Data/FNO-Acoustic-Wave-Simulation/1/evaluation/marmousi_fixed19hz_position_240_post_r5d_r1/predictions/marm_r22_interp_left_deep.npz",
      "prediction_sha256": "ed275066f44715a2fd2661cbb296a711d43f4929113bc2e3fd4eed5f3f172703",
      "record_id": "marm_r22_interp_left_deep",
      "role": "interpolation",
      "slice_rank": 22,
      "source_group_id": "validation:marmousi:x6750.0:z0.0",
      "source_parameters": [
        700.0,
        250.0,
        19.0,
        0.07894736842105263,
        1.0
      ],
      "source_sample_id": "validation_marmousi_00075"
    },
    {
      "case_id": "interp_left_shallow",
      "nearest_train_position_distance_domain_diagonal": 0.0015044105052729115,
      "nearest_train_position_distance_m": 4.255115479867024,
      "prediction_path": "/root/autodl-tmp/home/jiayh/Data/FNO-Acoustic-Wave-Simulation/1/evaluation/marmousi_fixed19hz_position_240_post_r5d_r1/predictions/marm_r22_interp_left_shallow.npz",
      "prediction_sha256": "79adaa1e28db996342f9e86b57cc5181350e2ffe11568e9ffadf298f52642ebb",
      "record_id": "marm_r22_interp_left_shallow",
      "role": "interpolation",
      "slice_rank": 22,
      "source_group_id": "validation:marmousi:x6750.0:z0.0",
      "source_parameters": [
        400.0,
        100.0,
        19.0,
        0.07894736842105263,
        1.0
      ],
      "source_sample_id": "validation_marmousi_00075"
    },
    {
      "case_id": "interp_right_deep",
      "nearest_train_position_distance_domain_diagonal": 0.005026873923190659,
      "nearest_train_position_distance_m": 14.218146557031757,
      "prediction_path": "/root/autodl-tmp/home/jiayh/Data/FNO-Acoustic-Wave-Simulation/1/evaluation/marmousi_fixed19hz_position_240_post_r5d_r1/predictions/marm_r22_interp_right_deep.npz",
      "prediction_sha256": "66f401b559bd351d1e5ab7c149f25d17bf8709c15853f10ac176e2e51645c334",
      "record_id": "marm_r22_interp_right_deep",
      "role": "interpolation",
      "slice_rank": 22,
      "source_group_id": "validation:marmousi:x6750.0:z0.0",
      "source_parameters": [
        1600.0,
        250.0,
        19.0,
        0.07894736842105263,
        1.0
      ],
      "source_sample_id": "validation_marmousi_00075"
    },
    {
      "case_id": "interp_right_shallow",
      "nearest_train_position_distance_domain_diagonal": 0.004278776841318993,
      "nearest_train_position_distance_m": 12.102208478722467,
      "prediction_path": "/root/autodl-tmp/home/jiayh/Data/FNO-Acoustic-Wave-Simulation/1/evaluation/marmousi_fixed19hz_position_240_post_r5d_r1/predictions/marm_r22_interp_right_shallow.npz",
      "prediction_sha256": "831175fa0c2033057a4faf158b078506feb01b34ce8c5054a97b853028fd68a8",
      "record_id": "marm_r22_interp_right_shallow",
      "role": "interpolation",
      "slice_rank": 22,
      "source_group_id": "validation:marmousi:x6750.0:z0.0",
      "source_parameters": [
        1300.0,
        100.0,
        19.0,
        0.07894736842105263,
        1.0
      ],
      "source_sample_id": "validation_marmousi_00075"
    },
    {
      "case_id": "extrap_deep",
      "nearest_train_position_distance_domain_diagonal": 0.039541448141755246,
      "nearest_train_position_distance_m": 111.84010447588538,
      "prediction_path": "/root/autodl-tmp/home/jiayh/Data/FNO-Acoustic-Wave-Simulation/1/evaluation/marmousi_fixed19hz_position_240_post_r5d_r1/predictions/marm_r23_extrap_deep.npz",
      "prediction_sha256": "a54536f98699f2cefe9b67a387a0a613e32f5f09bc555e5df650a6beb73ab68a",
      "record_id": "marm_r23_extrap_deep",
      "role": "outside_train_position_range",
      "slice_rank": 23,
      "source_group_id": "validation:marmousi:x6600.0:z0.0",
      "source_parameters": [
        1000.0,
        400.0,
        19.0,
        0.07894736842105263,
        1.0
      ],
      "source_sample_id": "validation_marmousi_00070"
    },
    {
      "case_id": "extrap_left",
      "nearest_train_position_distance_domain_diagonal": 0.03695143285395713,
      "nearest_train_position_distance_m": 104.51443498236986,
      "prediction_path": "/root/autodl-tmp/home/jiayh/Data/FNO-Acoustic-Wave-Simulation/1/evaluation/marmousi_fixed19hz_position_240_post_r5d_r1/predictions/marm_r23_extrap_left.npz",
      "prediction_sha256": "cd248fb1762d43840752b8b79af51c6d9957daebcc3eb40a1623066e81121b74",
      "record_id": "marm_r23_extrap_left",
      "role": "outside_train_position_range",
      "slice_rank": 23,
      "source_group_id": "validation:marmousi:x6600.0:z0.0",
      "source_parameters": [
        100.0,
        175.0,
        19.0,
        0.07894736842105263,
        1.0
      ],
      "source_sample_id": "validation_marmousi_00070"
    },
    {
      "case_id": "extrap_right",
      "nearest_train_position_distance_domain_diagonal": 0.043013956234984746,
      "nearest_train_position_distance_m": 121.66184055767637,
      "prediction_path": "/root/autodl-tmp/home/jiayh/Data/FNO-Acoustic-Wave-Simulation/1/evaluation/marmousi_fixed19hz_position_240_post_r5d_r1/predictions/marm_r23_extrap_right.npz",
      "prediction_sha256": "3394b9c59117a5fed3f172d216c574298d705092cfae42980fd2532dec8ee514",
      "record_id": "marm_r23_extrap_right",
      "role": "outside_train_position_range",
      "slice_rank": 23,
      "source_group_id": "validation:marmousi:x6600.0:z0.0",
      "source_parameters": [
        1900.0,
        175.0,
        19.0,
        0.07894736842105263,
        1.0
      ],
      "source_sample_id": "validation_marmousi_00070"
    },
    {
      "case_id": "interp_center",
      "nearest_train_position_distance_domain_diagonal": 0.003405975057812249,
      "nearest_train_position_distance_m": 9.633552239725137,
      "prediction_path": "/root/autodl-tmp/home/jiayh/Data/FNO-Acoustic-Wave-Simulation/1/evaluation/marmousi_fixed19hz_position_240_post_r5d_r1/predictions/marm_r23_interp_center.npz",
      "prediction_sha256": "9153f98d89c0b18ccf50a64161104adbccffb227b23336c370c3b9aa324ec562",
      "record_id": "marm_r23_interp_center",
      "role": "interpolation",
      "slice_rank": 23,
      "source_group_id": "validation:marmousi:x6600.0:z0.0",
      "source_parameters": [
        1000.0,
        175.0,
        19.0,
        0.07894736842105263,
        1.0
      ],
      "source_sample_id": "validation_marmousi_00070"
    },
    {
      "case_id": "interp_left_deep",
      "nearest_train_position_distance_domain_diagonal": 0.0028550971477638463,
      "nearest_train_position_distance_m": 8.075434216520744,
      "prediction_path": "/root/autodl-tmp/home/jiayh/Data/FNO-Acoustic-Wave-Simulation/1/evaluation/marmousi_fixed19hz_position_240_post_r5d_r1/predictions/marm_r23_interp_left_deep.npz",
      "prediction_sha256": "1efe7b430e7a75b824f92ce5b74ea69a479ff6a238e1e817d2d32841e4ad56d3",
      "record_id": "marm_r23_interp_left_deep",
      "role": "interpolation",
      "slice_rank": 23,
      "source_group_id": "validation:marmousi:x6600.0:z0.0",
      "source_parameters": [
        700.0,
        250.0,
        19.0,
        0.07894736842105263,
        1.0
      ],
      "source_sample_id": "validation_marmousi_00070"
    },
    {
      "case_id": "interp_left_shallow",
      "nearest_train_position_distance_domain_diagonal": 0.0015044105052729115,
      "nearest_train_position_distance_m": 4.255115479867024,
      "prediction_path": "/root/autodl-tmp/home/jiayh/Data/FNO-Acoustic-Wave-Simulation/1/evaluation/marmousi_fixed19hz_position_240_post_r5d_r1/predictions/marm_r23_interp_left_shallow.npz",
      "prediction_sha256": "6d02ea5f2a54a6b935eec0b048f8d6089c00834bbebd87669130637198a5c178",
      "record_id": "marm_r23_interp_left_shallow",
      "role": "interpolation",
      "slice_rank": 23,
      "source_group_id": "validation:marmousi:x6600.0:z0.0",
      "source_parameters": [
        400.0,
        100.0,
        19.0,
        0.07894736842105263,
        1.0
      ],
      "source_sample_id": "validation_marmousi_00070"
    },
    {
      "case_id": "interp_right_deep",
      "nearest_train_position_distance_domain_diagonal": 0.005026873923190659,
      "nearest_train_position_distance_m": 14.218146557031757,
      "prediction_path": "/root/autodl-tmp/home/jiayh/Data/FNO-Acoustic-Wave-Simulation/1/evaluation/marmousi_fixed19hz_position_240_post_r5d_r1/predictions/marm_r23_interp_right_deep.npz",
      "prediction_sha256": "b88dc88c2bce250baf7c3014c6ed0749e889a4216c37850b6705be2ef1bb8584",
      "record_id": "marm_r23_interp_right_deep",
      "role": "interpolation",
      "slice_rank": 23,
      "source_group_id": "validation:marmousi:x6600.0:z0.0",
      "source_parameters": [
        1600.0,
        250.0,
        19.0,
        0.07894736842105263,
        1.0
      ],
      "source_sample_id": "validation_marmousi_00070"
    },
    {
      "case_id": "interp_right_shallow",
      "nearest_train_position_distance_domain_diagonal": 0.004278776841318993,
      "nearest_train_position_distance_m": 12.102208478722467,
      "prediction_path": "/root/autodl-tmp/home/jiayh/Data/FNO-Acoustic-Wave-Simulation/1/evaluation/marmousi_fixed19hz_position_240_post_r5d_r1/predictions/marm_r23_interp_right_shallow.npz",
      "prediction_sha256": "249284a7e913f1093fb44a5f38362f9a9a5a33fe40eb37ff16c5b4cbe876cbf4",
      "record_id": "marm_r23_interp_right_shallow",
      "role": "interpolation",
      "slice_rank": 23,
      "source_group_id": "validation:marmousi:x6600.0:z0.0",
      "source_parameters": [
        1300.0,
        100.0,
        19.0,
        0.07894736842105263,
        1.0
      ],
      "source_sample_id": "validation_marmousi_00070"
    },
    {
      "case_id": "extrap_deep",
      "nearest_train_position_distance_domain_diagonal": 0.039541448141755246,
      "nearest_train_position_distance_m": 111.84010447588538,
      "prediction_path": "/root/autodl-tmp/home/jiayh/Data/FNO-Acoustic-Wave-Simulation/1/evaluation/marmousi_fixed19hz_position_240_post_r5d_r1/predictions/marm_r24_extrap_deep.npz",
      "prediction_sha256": "4313cba005ecf470338c3725926addc3b306c743374fbc582150a0a776ed1cb7",
      "record_id": "marm_r24_extrap_deep",
      "role": "outside_train_position_range",
      "slice_rank": 24,
      "source_group_id": "validation:marmousi:x6450.0:z0.0",
      "source_parameters": [
        1000.0,
        400.0,
        19.0,
        0.07894736842105263,
        1.0
      ],
      "source_sample_id": "validation_marmousi_00065"
    },
    {
      "case_id": "extrap_left",
      "nearest_train_position_distance_domain_diagonal": 0.03695143285395713,
      "nearest_train_position_distance_m": 104.51443498236986,
      "prediction_path": "/root/autodl-tmp/home/jiayh/Data/FNO-Acoustic-Wave-Simulation/1/evaluation/marmousi_fixed19hz_position_240_post_r5d_r1/predictions/marm_r24_extrap_left.npz",
      "prediction_sha256": "6f3223e60e9b43b8c21d64e954435e5b7490d993d61fa5c0b593f4cd39f80b63",
      "record_id": "marm_r24_extrap_left",
      "role": "outside_train_position_range",
      "slice_rank": 24,
      "source_group_id": "validation:marmousi:x6450.0:z0.0",
      "source_parameters": [
        100.0,
        175.0,
        19.0,
        0.07894736842105263,
        1.0
      ],
      "source_sample_id": "validation_marmousi_00065"
    },
    {
      "case_id": "extrap_right",
      "nearest_train_position_distance_domain_diagonal": 0.043013956234984746,
      "nearest_train_position_distance_m": 121.66184055767637,
      "prediction_path": "/root/autodl-tmp/home/jiayh/Data/FNO-Acoustic-Wave-Simulation/1/evaluation/marmousi_fixed19hz_position_240_post_r5d_r1/predictions/marm_r24_extrap_right.npz",
      "prediction_sha256": "e288773b20d32aab2a54abecbcf7ce4bae597f45aa31f0a43b80d1a3255c09e3",
      "record_id": "marm_r24_extrap_right",
      "role": "outside_train_position_range",
      "slice_rank": 24,
      "source_group_id": "validation:marmousi:x6450.0:z0.0",
      "source_parameters": [
        1900.0,
        175.0,
        19.0,
        0.07894736842105263,
        1.0
      ],
      "source_sample_id": "validation_marmousi_00065"
    },
    {
      "case_id": "interp_center",
      "nearest_train_position_distance_domain_diagonal": 0.003405975057812249,
      "nearest_train_position_distance_m": 9.633552239725137,
      "prediction_path": "/root/autodl-tmp/home/jiayh/Data/FNO-Acoustic-Wave-Simulation/1/evaluation/marmousi_fixed19hz_position_240_post_r5d_r1/predictions/marm_r24_interp_center.npz",
      "prediction_sha256": "f3e3b5aa064b0f8cd8c75f45c7d3564c71d074773209ffa87b2cb4fbbdb4a830",
      "record_id": "marm_r24_interp_center",
      "role": "interpolation",
      "slice_rank": 24,
      "source_group_id": "validation:marmousi:x6450.0:z0.0",
      "source_parameters": [
        1000.0,
        175.0,
        19.0,
        0.07894736842105263,
        1.0
      ],
      "source_sample_id": "validation_marmousi_00065"
    },
    {
      "case_id": "interp_left_deep",
      "nearest_train_position_distance_domain_diagonal": 0.0028550971477638463,
      "nearest_train_position_distance_m": 8.075434216520744,
      "prediction_path": "/root/autodl-tmp/home/jiayh/Data/FNO-Acoustic-Wave-Simulation/1/evaluation/marmousi_fixed19hz_position_240_post_r5d_r1/predictions/marm_r24_interp_left_deep.npz",
      "prediction_sha256": "eff19d5298b5b4361fd0ea1df309a74442b1425311c5795b556dd7a21ee4cd38",
      "record_id": "marm_r24_interp_left_deep",
      "role": "interpolation",
      "slice_rank": 24,
      "source_group_id": "validation:marmousi:x6450.0:z0.0",
      "source_parameters": [
        700.0,
        250.0,
        19.0,
        0.07894736842105263,
        1.0
      ],
      "source_sample_id": "validation_marmousi_00065"
    },
    {
      "case_id": "interp_left_shallow",
      "nearest_train_position_distance_domain_diagonal": 0.0015044105052729115,
      "nearest_train_position_distance_m": 4.255115479867024,
      "prediction_path": "/root/autodl-tmp/home/jiayh/Data/FNO-Acoustic-Wave-Simulation/1/evaluation/marmousi_fixed19hz_position_240_post_r5d_r1/predictions/marm_r24_interp_left_shallow.npz",
      "prediction_sha256": "2f8f31294e688e8b0ac840318c626208c6b2c2a6dd967007fc5f5a3b030c06fd",
      "record_id": "marm_r24_interp_left_shallow",
      "role": "interpolation",
      "slice_rank": 24,
      "source_group_id": "validation:marmousi:x6450.0:z0.0",
      "source_parameters": [
        400.0,
        100.0,
        19.0,
        0.07894736842105263,
        1.0
      ],
      "source_sample_id": "validation_marmousi_00065"
    },
    {
      "case_id": "interp_right_deep",
      "nearest_train_position_distance_domain_diagonal": 0.005026873923190659,
      "nearest_train_position_distance_m": 14.218146557031757,
      "prediction_path": "/root/autodl-tmp/home/jiayh/Data/FNO-Acoustic-Wave-Simulation/1/evaluation/marmousi_fixed19hz_position_240_post_r5d_r1/predictions/marm_r24_interp_right_deep.npz",
      "prediction_sha256": "a0d7ce9e9ac8943a7f23f37b111c6169df3fd2bf3b79cf5153de5309736f284d",
      "record_id": "marm_r24_interp_right_deep",
      "role": "interpolation",
      "slice_rank": 24,
      "source_group_id": "validation:marmousi:x6450.0:z0.0",
      "source_parameters": [
        1600.0,
        250.0,
        19.0,
        0.07894736842105263,
        1.0
      ],
      "source_sample_id": "validation_marmousi_00065"
    },
    {
      "case_id": "interp_right_shallow",
      "nearest_train_position_distance_domain_diagonal": 0.004278776841318993,
      "nearest_train_position_distance_m": 12.102208478722467,
      "prediction_path": "/root/autodl-tmp/home/jiayh/Data/FNO-Acoustic-Wave-Simulation/1/evaluation/marmousi_fixed19hz_position_240_post_r5d_r1/predictions/marm_r24_interp_right_shallow.npz",
      "prediction_sha256": "eaccb5881f39ed037f16ddaa7baae5330c8503544490cb76179f9ac14b34a0db",
      "record_id": "marm_r24_interp_right_shallow",
      "role": "interpolation",
      "slice_rank": 24,
      "source_group_id": "validation:marmousi:x6450.0:z0.0",
      "source_parameters": [
        1300.0,
        100.0,
        19.0,
        0.07894736842105263,
        1.0
      ],
      "source_sample_id": "validation_marmousi_00065"
    },
    {
      "case_id": "extrap_deep",
      "nearest_train_position_distance_domain_diagonal": 0.039541448141755246,
      "nearest_train_position_distance_m": 111.84010447588538,
      "prediction_path": "/root/autodl-tmp/home/jiayh/Data/FNO-Acoustic-Wave-Simulation/1/evaluation/marmousi_fixed19hz_position_240_post_r5d_r1/predictions/marm_r25_extrap_deep.npz",
      "prediction_sha256": "c5c6146f9a0226f53e0e50e0e2cfe0a600042552d28582a9a3d1c200add04c7c",
      "record_id": "marm_r25_extrap_deep",
      "role": "outside_train_position_range",
      "slice_rank": 25,
      "source_group_id": "validation:marmousi:x5850.0:z0.0",
      "source_parameters": [
        1000.0,
        400.0,
        19.0,
        0.07894736842105263,
        1.0
      ],
      "source_sample_id": "validation_marmousi_00045"
    },
    {
      "case_id": "extrap_left",
      "nearest_train_position_distance_domain_diagonal": 0.03695143285395713,
      "nearest_train_position_distance_m": 104.51443498236986,
      "prediction_path": "/root/autodl-tmp/home/jiayh/Data/FNO-Acoustic-Wave-Simulation/1/evaluation/marmousi_fixed19hz_position_240_post_r5d_r1/predictions/marm_r25_extrap_left.npz",
      "prediction_sha256": "96e314726311d2e93736b46c3719c645b798933a73b89db273b2e9c7659f2a78",
      "record_id": "marm_r25_extrap_left",
      "role": "outside_train_position_range",
      "slice_rank": 25,
      "source_group_id": "validation:marmousi:x5850.0:z0.0",
      "source_parameters": [
        100.0,
        175.0,
        19.0,
        0.07894736842105263,
        1.0
      ],
      "source_sample_id": "validation_marmousi_00045"
    },
    {
      "case_id": "extrap_right",
      "nearest_train_position_distance_domain_diagonal": 0.043013956234984746,
      "nearest_train_position_distance_m": 121.66184055767637,
      "prediction_path": "/root/autodl-tmp/home/jiayh/Data/FNO-Acoustic-Wave-Simulation/1/evaluation/marmousi_fixed19hz_position_240_post_r5d_r1/predictions/marm_r25_extrap_right.npz",
      "prediction_sha256": "14c02a03afbd14051d8a2f7d20bad33b777e7617f13914a07b7a00105b925370",
      "record_id": "marm_r25_extrap_right",
      "role": "outside_train_position_range",
      "slice_rank": 25,
      "source_group_id": "validation:marmousi:x5850.0:z0.0",
      "source_parameters": [
        1900.0,
        175.0,
        19.0,
        0.07894736842105263,
        1.0
      ],
      "source_sample_id": "validation_marmousi_00045"
    },
    {
      "case_id": "interp_center",
      "nearest_train_position_distance_domain_diagonal": 0.003405975057812249,
      "nearest_train_position_distance_m": 9.633552239725137,
      "prediction_path": "/root/autodl-tmp/home/jiayh/Data/FNO-Acoustic-Wave-Simulation/1/evaluation/marmousi_fixed19hz_position_240_post_r5d_r1/predictions/marm_r25_interp_center.npz",
      "prediction_sha256": "ba17241254c229b45a06889776f8037c13ff6655cde045898eb60bcb38698f1d",
      "record_id": "marm_r25_interp_center",
      "role": "interpolation",
      "slice_rank": 25,
      "source_group_id": "validation:marmousi:x5850.0:z0.0",
      "source_parameters": [
        1000.0,
        175.0,
        19.0,
        0.07894736842105263,
        1.0
      ],
      "source_sample_id": "validation_marmousi_00045"
    },
    {
      "case_id": "interp_left_deep",
      "nearest_train_position_distance_domain_diagonal": 0.0028550971477638463,
      "nearest_train_position_distance_m": 8.075434216520744,
      "prediction_path": "/root/autodl-tmp/home/jiayh/Data/FNO-Acoustic-Wave-Simulation/1/evaluation/marmousi_fixed19hz_position_240_post_r5d_r1/predictions/marm_r25_interp_left_deep.npz",
      "prediction_sha256": "cae9e8c28583b1cc8af611ed4f868bf6ccdbf8c156d35f7b628308a87562648b",
      "record_id": "marm_r25_interp_left_deep",
      "role": "interpolation",
      "slice_rank": 25,
      "source_group_id": "validation:marmousi:x5850.0:z0.0",
      "source_parameters": [
        700.0,
        250.0,
        19.0,
        0.07894736842105263,
        1.0
      ],
      "source_sample_id": "validation_marmousi_00045"
    },
    {
      "case_id": "interp_left_shallow",
      "nearest_train_position_distance_domain_diagonal": 0.0015044105052729115,
      "nearest_train_position_distance_m": 4.255115479867024,
      "prediction_path": "/root/autodl-tmp/home/jiayh/Data/FNO-Acoustic-Wave-Simulation/1/evaluation/marmousi_fixed19hz_position_240_post_r5d_r1/predictions/marm_r25_interp_left_shallow.npz",
      "prediction_sha256": "d44191c2bfdabd2cd543f1244529ffc28214f42e59c00d4bb0b93c3ca8c975f0",
      "record_id": "marm_r25_interp_left_shallow",
      "role": "interpolation",
      "slice_rank": 25,
      "source_group_id": "validation:marmousi:x5850.0:z0.0",
      "source_parameters": [
        400.0,
        100.0,
        19.0,
        0.07894736842105263,
        1.0
      ],
      "source_sample_id": "validation_marmousi_00045"
    },
    {
      "case_id": "interp_right_deep",
      "nearest_train_position_distance_domain_diagonal": 0.005026873923190659,
      "nearest_train_position_distance_m": 14.218146557031757,
      "prediction_path": "/root/autodl-tmp/home/jiayh/Data/FNO-Acoustic-Wave-Simulation/1/evaluation/marmousi_fixed19hz_position_240_post_r5d_r1/predictions/marm_r25_interp_right_deep.npz",
      "prediction_sha256": "49624f3808048a0511c2704bd4fc6259b241c955aeaf974de94a27af515f2048",
      "record_id": "marm_r25_interp_right_deep",
      "role": "interpolation",
      "slice_rank": 25,
      "source_group_id": "validation:marmousi:x5850.0:z0.0",
      "source_parameters": [
        1600.0,
        250.0,
        19.0,
        0.07894736842105263,
        1.0
      ],
      "source_sample_id": "validation_marmousi_00045"
    },
    {
      "case_id": "interp_right_shallow",
      "nearest_train_position_distance_domain_diagonal": 0.004278776841318993,
      "nearest_train_position_distance_m": 12.102208478722467,
      "prediction_path": "/root/autodl-tmp/home/jiayh/Data/FNO-Acoustic-Wave-Simulation/1/evaluation/marmousi_fixed19hz_position_240_post_r5d_r1/predictions/marm_r25_interp_right_shallow.npz",
      "prediction_sha256": "9883c088e6dc2afdf4cf989d94f240c3c8763ba0ab4e01f0a72ae2ef391c012c",
      "record_id": "marm_r25_interp_right_shallow",
      "role": "interpolation",
      "slice_rank": 25,
      "source_group_id": "validation:marmousi:x5850.0:z0.0",
      "source_parameters": [
        1300.0,
        100.0,
        19.0,
        0.07894736842105263,
        1.0
      ],
      "source_sample_id": "validation_marmousi_00045"
    },
    {
      "case_id": "extrap_deep",
      "nearest_train_position_distance_domain_diagonal": 0.039541448141755246,
      "nearest_train_position_distance_m": 111.84010447588538,
      "prediction_path": "/root/autodl-tmp/home/jiayh/Data/FNO-Acoustic-Wave-Simulation/1/evaluation/marmousi_fixed19hz_position_240_post_r5d_r1/predictions/marm_r26_extrap_deep.npz",
      "prediction_sha256": "5243a987e8d37ab4d7767cdc95042b7776a5a97923771b5ee0128740eea423f0",
      "record_id": "marm_r26_extrap_deep",
      "role": "outside_train_position_range",
      "slice_rank": 26,
      "source_group_id": "validation:marmousi:x6300.0:z0.0",
      "source_parameters": [
        1000.0,
        400.0,
        19.0,
        0.07894736842105263,
        1.0
      ],
      "source_sample_id": "validation_marmousi_00060"
    },
    {
      "case_id": "extrap_left",
      "nearest_train_position_distance_domain_diagonal": 0.03695143285395713,
      "nearest_train_position_distance_m": 104.51443498236986,
      "prediction_path": "/root/autodl-tmp/home/jiayh/Data/FNO-Acoustic-Wave-Simulation/1/evaluation/marmousi_fixed19hz_position_240_post_r5d_r1/predictions/marm_r26_extrap_left.npz",
      "prediction_sha256": "5eba361c5464d3ce2f0df60fdd70ea15e37877371beeca08d0d090ca753cbcc6",
      "record_id": "marm_r26_extrap_left",
      "role": "outside_train_position_range",
      "slice_rank": 26,
      "source_group_id": "validation:marmousi:x6300.0:z0.0",
      "source_parameters": [
        100.0,
        175.0,
        19.0,
        0.07894736842105263,
        1.0
      ],
      "source_sample_id": "validation_marmousi_00060"
    },
    {
      "case_id": "extrap_right",
      "nearest_train_position_distance_domain_diagonal": 0.043013956234984746,
      "nearest_train_position_distance_m": 121.66184055767637,
      "prediction_path": "/root/autodl-tmp/home/jiayh/Data/FNO-Acoustic-Wave-Simulation/1/evaluation/marmousi_fixed19hz_position_240_post_r5d_r1/predictions/marm_r26_extrap_right.npz",
      "prediction_sha256": "d2ed5ac8f3feb48466bbc619c4fd482695ac18554b8f2b5ca87b4df109b2cc0b",
      "record_id": "marm_r26_extrap_right",
      "role": "outside_train_position_range",
      "slice_rank": 26,
      "source_group_id": "validation:marmousi:x6300.0:z0.0",
      "source_parameters": [
        1900.0,
        175.0,
        19.0,
        0.07894736842105263,
        1.0
      ],
      "source_sample_id": "validation_marmousi_00060"
    },
    {
      "case_id": "interp_center",
      "nearest_train_position_distance_domain_diagonal": 0.003405975057812249,
      "nearest_train_position_distance_m": 9.633552239725137,
      "prediction_path": "/root/autodl-tmp/home/jiayh/Data/FNO-Acoustic-Wave-Simulation/1/evaluation/marmousi_fixed19hz_position_240_post_r5d_r1/predictions/marm_r26_interp_center.npz",
      "prediction_sha256": "185131b67447fca8f07cb79e4b8e3135eafd8048db3771e412dd70bfdced14df",
      "record_id": "marm_r26_interp_center",
      "role": "interpolation",
      "slice_rank": 26,
      "source_group_id": "validation:marmousi:x6300.0:z0.0",
      "source_parameters": [
        1000.0,
        175.0,
        19.0,
        0.07894736842105263,
        1.0
      ],
      "source_sample_id": "validation_marmousi_00060"
    },
    {
      "case_id": "interp_left_deep",
      "nearest_train_position_distance_domain_diagonal": 0.0028550971477638463,
      "nearest_train_position_distance_m": 8.075434216520744,
      "prediction_path": "/root/autodl-tmp/home/jiayh/Data/FNO-Acoustic-Wave-Simulation/1/evaluation/marmousi_fixed19hz_position_240_post_r5d_r1/predictions/marm_r26_interp_left_deep.npz",
      "prediction_sha256": "5670e18b0ae14684bd7410c2ab08abe1b95cd26afd3a6abfb7c71b5bfbd94f57",
      "record_id": "marm_r26_interp_left_deep",
      "role": "interpolation",
      "slice_rank": 26,
      "source_group_id": "validation:marmousi:x6300.0:z0.0",
      "source_parameters": [
        700.0,
        250.0,
        19.0,
        0.07894736842105263,
        1.0
      ],
      "source_sample_id": "validation_marmousi_00060"
    },
    {
      "case_id": "interp_left_shallow",
      "nearest_train_position_distance_domain_diagonal": 0.0015044105052729115,
      "nearest_train_position_distance_m": 4.255115479867024,
      "prediction_path": "/root/autodl-tmp/home/jiayh/Data/FNO-Acoustic-Wave-Simulation/1/evaluation/marmousi_fixed19hz_position_240_post_r5d_r1/predictions/marm_r26_interp_left_shallow.npz",
      "prediction_sha256": "0c9ca97b29523e085b59a9aa9855c2aca64f0003a1b02d04736328d3741dde4c",
      "record_id": "marm_r26_interp_left_shallow",
      "role": "interpolation",
      "slice_rank": 26,
      "source_group_id": "validation:marmousi:x6300.0:z0.0",
      "source_parameters": [
        400.0,
        100.0,
        19.0,
        0.07894736842105263,
        1.0
      ],
      "source_sample_id": "validation_marmousi_00060"
    },
    {
      "case_id": "interp_right_deep",
      "nearest_train_position_distance_domain_diagonal": 0.005026873923190659,
      "nearest_train_position_distance_m": 14.218146557031757,
      "prediction_path": "/root/autodl-tmp/home/jiayh/Data/FNO-Acoustic-Wave-Simulation/1/evaluation/marmousi_fixed19hz_position_240_post_r5d_r1/predictions/marm_r26_interp_right_deep.npz",
      "prediction_sha256": "dee318682a9d37c188c10cfcd5cd3b7e086dc94b0f9ad28b39c26ee0b5029f9a",
      "record_id": "marm_r26_interp_right_deep",
      "role": "interpolation",
      "slice_rank": 26,
      "source_group_id": "validation:marmousi:x6300.0:z0.0",
      "source_parameters": [
        1600.0,
        250.0,
        19.0,
        0.07894736842105263,
        1.0
      ],
      "source_sample_id": "validation_marmousi_00060"
    },
    {
      "case_id": "interp_right_shallow",
      "nearest_train_position_distance_domain_diagonal": 0.004278776841318993,
      "nearest_train_position_distance_m": 12.102208478722467,
      "prediction_path": "/root/autodl-tmp/home/jiayh/Data/FNO-Acoustic-Wave-Simulation/1/evaluation/marmousi_fixed19hz_position_240_post_r5d_r1/predictions/marm_r26_interp_right_shallow.npz",
      "prediction_sha256": "6f18ecaa159dc7b42fa4b2cb9af1b940be2e6e98c030d035bcf8d720082c7ecc",
      "record_id": "marm_r26_interp_right_shallow",
      "role": "interpolation",
      "slice_rank": 26,
      "source_group_id": "validation:marmousi:x6300.0:z0.0",
      "source_parameters": [
        1300.0,
        100.0,
        19.0,
        0.07894736842105263,
        1.0
      ],
      "source_sample_id": "validation_marmousi_00060"
    },
    {
      "case_id": "extrap_deep",
      "nearest_train_position_distance_domain_diagonal": 0.039541448141755246,
      "nearest_train_position_distance_m": 111.84010447588538,
      "prediction_path": "/root/autodl-tmp/home/jiayh/Data/FNO-Acoustic-Wave-Simulation/1/evaluation/marmousi_fixed19hz_position_240_post_r5d_r1/predictions/marm_r27_extrap_deep.npz",
      "prediction_sha256": "eff1d1e1c3f2710f48a1de849b89db5d0f13be6867bcdda135967a2c49f12800",
      "record_id": "marm_r27_extrap_deep",
      "role": "outside_train_position_range",
      "slice_rank": 27,
      "source_group_id": "validation:marmousi:x5900.0:z50.0",
      "source_parameters": [
        1000.0,
        400.0,
        19.0,
        0.07894736842105263,
        1.0
      ],
      "source_sample_id": "validation_marmousi_00140"
    },
    {
      "case_id": "extrap_left",
      "nearest_train_position_distance_domain_diagonal": 0.03695143285395713,
      "nearest_train_position_distance_m": 104.51443498236986,
      "prediction_path": "/root/autodl-tmp/home/jiayh/Data/FNO-Acoustic-Wave-Simulation/1/evaluation/marmousi_fixed19hz_position_240_post_r5d_r1/predictions/marm_r27_extrap_left.npz",
      "prediction_sha256": "bb7d2c5754742a5df5ca7d09d24568b32795a5ac3a42e4f4338fc3dc167a338b",
      "record_id": "marm_r27_extrap_left",
      "role": "outside_train_position_range",
      "slice_rank": 27,
      "source_group_id": "validation:marmousi:x5900.0:z50.0",
      "source_parameters": [
        100.0,
        175.0,
        19.0,
        0.07894736842105263,
        1.0
      ],
      "source_sample_id": "validation_marmousi_00140"
    },
    {
      "case_id": "extrap_right",
      "nearest_train_position_distance_domain_diagonal": 0.043013956234984746,
      "nearest_train_position_distance_m": 121.66184055767637,
      "prediction_path": "/root/autodl-tmp/home/jiayh/Data/FNO-Acoustic-Wave-Simulation/1/evaluation/marmousi_fixed19hz_position_240_post_r5d_r1/predictions/marm_r27_extrap_right.npz",
      "prediction_sha256": "a7cdd9547dd5a5bc5a6d64ad30ae44c4eeea4ae76aea201685db628b7ba83a4b",
      "record_id": "marm_r27_extrap_right",
      "role": "outside_train_position_range",
      "slice_rank": 27,
      "source_group_id": "validation:marmousi:x5900.0:z50.0",
      "source_parameters": [
        1900.0,
        175.0,
        19.0,
        0.07894736842105263,
        1.0
      ],
      "source_sample_id": "validation_marmousi_00140"
    },
    {
      "case_id": "interp_center",
      "nearest_train_position_distance_domain_diagonal": 0.003405975057812249,
      "nearest_train_position_distance_m": 9.633552239725137,
      "prediction_path": "/root/autodl-tmp/home/jiayh/Data/FNO-Acoustic-Wave-Simulation/1/evaluation/marmousi_fixed19hz_position_240_post_r5d_r1/predictions/marm_r27_interp_center.npz",
      "prediction_sha256": "9cc3d8831218f62e7179495aa1fdd5ee2bfed8751082a928a2fc05c7f481406d",
      "record_id": "marm_r27_interp_center",
      "role": "interpolation",
      "slice_rank": 27,
      "source_group_id": "validation:marmousi:x5900.0:z50.0",
      "source_parameters": [
        1000.0,
        175.0,
        19.0,
        0.07894736842105263,
        1.0
      ],
      "source_sample_id": "validation_marmousi_00140"
    },
    {
      "case_id": "interp_left_deep",
      "nearest_train_position_distance_domain_diagonal": 0.0028550971477638463,
      "nearest_train_position_distance_m": 8.075434216520744,
      "prediction_path": "/root/autodl-tmp/home/jiayh/Data/FNO-Acoustic-Wave-Simulation/1/evaluation/marmousi_fixed19hz_position_240_post_r5d_r1/predictions/marm_r27_interp_left_deep.npz",
      "prediction_sha256": "c909fa48b99f2022184443874eaffec419d22551e0724630e5fb9f5a53b00f41",
      "record_id": "marm_r27_interp_left_deep",
      "role": "interpolation",
      "slice_rank": 27,
      "source_group_id": "validation:marmousi:x5900.0:z50.0",
      "source_parameters": [
        700.0,
        250.0,
        19.0,
        0.07894736842105263,
        1.0
      ],
      "source_sample_id": "validation_marmousi_00140"
    },
    {
      "case_id": "interp_left_shallow",
      "nearest_train_position_distance_domain_diagonal": 0.0015044105052729115,
      "nearest_train_position_distance_m": 4.255115479867024,
      "prediction_path": "/root/autodl-tmp/home/jiayh/Data/FNO-Acoustic-Wave-Simulation/1/evaluation/marmousi_fixed19hz_position_240_post_r5d_r1/predictions/marm_r27_interp_left_shallow.npz",
      "prediction_sha256": "0958e022c0c92e0125f9d454122db1ca115293547f804a59f700f18f85ca6251",
      "record_id": "marm_r27_interp_left_shallow",
      "role": "interpolation",
      "slice_rank": 27,
      "source_group_id": "validation:marmousi:x5900.0:z50.0",
      "source_parameters": [
        400.0,
        100.0,
        19.0,
        0.07894736842105263,
        1.0
      ],
      "source_sample_id": "validation_marmousi_00140"
    },
    {
      "case_id": "interp_right_deep",
      "nearest_train_position_distance_domain_diagonal": 0.005026873923190659,
      "nearest_train_position_distance_m": 14.218146557031757,
      "prediction_path": "/root/autodl-tmp/home/jiayh/Data/FNO-Acoustic-Wave-Simulation/1/evaluation/marmousi_fixed19hz_position_240_post_r5d_r1/predictions/marm_r27_interp_right_deep.npz",
      "prediction_sha256": "00c02ae912651fb5230a29ce10a8b18607b51a15049ab024da82b841c1edab29",
      "record_id": "marm_r27_interp_right_deep",
      "role": "interpolation",
      "slice_rank": 27,
      "source_group_id": "validation:marmousi:x5900.0:z50.0",
      "source_parameters": [
        1600.0,
        250.0,
        19.0,
        0.07894736842105263,
        1.0
      ],
      "source_sample_id": "validation_marmousi_00140"
    },
    {
      "case_id": "interp_right_shallow",
      "nearest_train_position_distance_domain_diagonal": 0.004278776841318993,
      "nearest_train_position_distance_m": 12.102208478722467,
      "prediction_path": "/root/autodl-tmp/home/jiayh/Data/FNO-Acoustic-Wave-Simulation/1/evaluation/marmousi_fixed19hz_position_240_post_r5d_r1/predictions/marm_r27_interp_right_shallow.npz",
      "prediction_sha256": "57f6ee7ce02ac1b5c3d83aa7c6a1809604a28100ec210e67746d0679248b0bef",
      "record_id": "marm_r27_interp_right_shallow",
      "role": "interpolation",
      "slice_rank": 27,
      "source_group_id": "validation:marmousi:x5900.0:z50.0",
      "source_parameters": [
        1300.0,
        100.0,
        19.0,
        0.07894736842105263,
        1.0
      ],
      "source_sample_id": "validation_marmousi_00140"
    },
    {
      "case_id": "extrap_deep",
      "nearest_train_position_distance_domain_diagonal": 0.039541448141755246,
      "nearest_train_position_distance_m": 111.84010447588538,
      "prediction_path": "/root/autodl-tmp/home/jiayh/Data/FNO-Acoustic-Wave-Simulation/1/evaluation/marmousi_fixed19hz_position_240_post_r5d_r1/predictions/marm_r28_extrap_deep.npz",
      "prediction_sha256": "6ac6a49a35eca36e13d58d78df5a5819d929546ba9fb402eaba94829ce23d226",
      "record_id": "marm_r28_extrap_deep",
      "role": "outside_train_position_range",
      "slice_rank": 28,
      "source_group_id": "validation:marmousi:x6000.0:z0.0",
      "source_parameters": [
        1000.0,
        400.0,
        19.0,
        0.07894736842105263,
        1.0
      ],
      "source_sample_id": "validation_marmousi_00050"
    },
    {
      "case_id": "extrap_left",
      "nearest_train_position_distance_domain_diagonal": 0.03695143285395713,
      "nearest_train_position_distance_m": 104.51443498236986,
      "prediction_path": "/root/autodl-tmp/home/jiayh/Data/FNO-Acoustic-Wave-Simulation/1/evaluation/marmousi_fixed19hz_position_240_post_r5d_r1/predictions/marm_r28_extrap_left.npz",
      "prediction_sha256": "042199bffb9a7fac9766679b21acde1ea8077d7db23e92a3560f2daa9cabf549",
      "record_id": "marm_r28_extrap_left",
      "role": "outside_train_position_range",
      "slice_rank": 28,
      "source_group_id": "validation:marmousi:x6000.0:z0.0",
      "source_parameters": [
        100.0,
        175.0,
        19.0,
        0.07894736842105263,
        1.0
      ],
      "source_sample_id": "validation_marmousi_00050"
    },
    {
      "case_id": "extrap_right",
      "nearest_train_position_distance_domain_diagonal": 0.043013956234984746,
      "nearest_train_position_distance_m": 121.66184055767637,
      "prediction_path": "/root/autodl-tmp/home/jiayh/Data/FNO-Acoustic-Wave-Simulation/1/evaluation/marmousi_fixed19hz_position_240_post_r5d_r1/predictions/marm_r28_extrap_right.npz",
      "prediction_sha256": "1dc5180fd4e5ec3b332d710d734359921ce21f0c5a6902eb08d4a57d3d95dc49",
      "record_id": "marm_r28_extrap_right",
      "role": "outside_train_position_range",
      "slice_rank": 28,
      "source_group_id": "validation:marmousi:x6000.0:z0.0",
      "source_parameters": [
        1900.0,
        175.0,
        19.0,
        0.07894736842105263,
        1.0
      ],
      "source_sample_id": "validation_marmousi_00050"
    },
    {
      "case_id": "interp_center",
      "nearest_train_position_distance_domain_diagonal": 0.003405975057812249,
      "nearest_train_position_distance_m": 9.633552239725137,
      "prediction_path": "/root/autodl-tmp/home/jiayh/Data/FNO-Acoustic-Wave-Simulation/1/evaluation/marmousi_fixed19hz_position_240_post_r5d_r1/predictions/marm_r28_interp_center.npz",
      "prediction_sha256": "f3163c0574dd6ec1e8277c585546efe6c27d9ea8c13c3991bbc3b4670e055a69",
      "record_id": "marm_r28_interp_center",
      "role": "interpolation",
      "slice_rank": 28,
      "source_group_id": "validation:marmousi:x6000.0:z0.0",
      "source_parameters": [
        1000.0,
        175.0,
        19.0,
        0.07894736842105263,
        1.0
      ],
      "source_sample_id": "validation_marmousi_00050"
    },
    {
      "case_id": "interp_left_deep",
      "nearest_train_position_distance_domain_diagonal": 0.0028550971477638463,
      "nearest_train_position_distance_m": 8.075434216520744,
      "prediction_path": "/root/autodl-tmp/home/jiayh/Data/FNO-Acoustic-Wave-Simulation/1/evaluation/marmousi_fixed19hz_position_240_post_r5d_r1/predictions/marm_r28_interp_left_deep.npz",
      "prediction_sha256": "8ca49e2f91741c3ceaef909230206d0c28313548f0e0db035f746d367485b1af",
      "record_id": "marm_r28_interp_left_deep",
      "role": "interpolation",
      "slice_rank": 28,
      "source_group_id": "validation:marmousi:x6000.0:z0.0",
      "source_parameters": [
        700.0,
        250.0,
        19.0,
        0.07894736842105263,
        1.0
      ],
      "source_sample_id": "validation_marmousi_00050"
    },
    {
      "case_id": "interp_left_shallow",
      "nearest_train_position_distance_domain_diagonal": 0.0015044105052729115,
      "nearest_train_position_distance_m": 4.255115479867024,
      "prediction_path": "/root/autodl-tmp/home/jiayh/Data/FNO-Acoustic-Wave-Simulation/1/evaluation/marmousi_fixed19hz_position_240_post_r5d_r1/predictions/marm_r28_interp_left_shallow.npz",
      "prediction_sha256": "72dded011761f25463af3f70a9245da7d888e1cf1bff0c45ee69eb849eb4d412",
      "record_id": "marm_r28_interp_left_shallow",
      "role": "interpolation",
      "slice_rank": 28,
      "source_group_id": "validation:marmousi:x6000.0:z0.0",
      "source_parameters": [
        400.0,
        100.0,
        19.0,
        0.07894736842105263,
        1.0
      ],
      "source_sample_id": "validation_marmousi_00050"
    },
    {
      "case_id": "interp_right_deep",
      "nearest_train_position_distance_domain_diagonal": 0.005026873923190659,
      "nearest_train_position_distance_m": 14.218146557031757,
      "prediction_path": "/root/autodl-tmp/home/jiayh/Data/FNO-Acoustic-Wave-Simulation/1/evaluation/marmousi_fixed19hz_position_240_post_r5d_r1/predictions/marm_r28_interp_right_deep.npz",
      "prediction_sha256": "e824093fda2752cebaa863f42b27ed12108c2b80722705277bc5def3e93e4227",
      "record_id": "marm_r28_interp_right_deep",
      "role": "interpolation",
      "slice_rank": 28,
      "source_group_id": "validation:marmousi:x6000.0:z0.0",
      "source_parameters": [
        1600.0,
        250.0,
        19.0,
        0.07894736842105263,
        1.0
      ],
      "source_sample_id": "validation_marmousi_00050"
    },
    {
      "case_id": "interp_right_shallow",
      "nearest_train_position_distance_domain_diagonal": 0.004278776841318993,
      "nearest_train_position_distance_m": 12.102208478722467,
      "prediction_path": "/root/autodl-tmp/home/jiayh/Data/FNO-Acoustic-Wave-Simulation/1/evaluation/marmousi_fixed19hz_position_240_post_r5d_r1/predictions/marm_r28_interp_right_shallow.npz",
      "prediction_sha256": "136323fcd188554b7f7ac0541cd41bfe8b85cbd246777df2f46ce00592f06526",
      "record_id": "marm_r28_interp_right_shallow",
      "role": "interpolation",
      "slice_rank": 28,
      "source_group_id": "validation:marmousi:x6000.0:z0.0",
      "source_parameters": [
        1300.0,
        100.0,
        19.0,
        0.07894736842105263,
        1.0
      ],
      "source_sample_id": "validation_marmousi_00050"
    },
    {
      "case_id": "extrap_deep",
      "nearest_train_position_distance_domain_diagonal": 0.039541448141755246,
      "nearest_train_position_distance_m": 111.84010447588538,
      "prediction_path": "/root/autodl-tmp/home/jiayh/Data/FNO-Acoustic-Wave-Simulation/1/evaluation/marmousi_fixed19hz_position_240_post_r5d_r1/predictions/marm_r29_extrap_deep.npz",
      "prediction_sha256": "c0b366dee0f2d5e8c91adb0e3336974137358484daa486cfaec4b59fc9f7e4e1",
      "record_id": "marm_r29_extrap_deep",
      "role": "outside_train_position_range",
      "slice_rank": 29,
      "source_group_id": "validation:marmousi:x6050.0:z50.0",
      "source_parameters": [
        1000.0,
        400.0,
        19.0,
        0.07894736842105263,
        1.0
      ],
      "source_sample_id": "validation_marmousi_00145"
    },
    {
      "case_id": "extrap_left",
      "nearest_train_position_distance_domain_diagonal": 0.03695143285395713,
      "nearest_train_position_distance_m": 104.51443498236986,
      "prediction_path": "/root/autodl-tmp/home/jiayh/Data/FNO-Acoustic-Wave-Simulation/1/evaluation/marmousi_fixed19hz_position_240_post_r5d_r1/predictions/marm_r29_extrap_left.npz",
      "prediction_sha256": "325b967c2e49302acdd43bab924cbd818a3bae8c65db782d405cf1b9dd5f86f0",
      "record_id": "marm_r29_extrap_left",
      "role": "outside_train_position_range",
      "slice_rank": 29,
      "source_group_id": "validation:marmousi:x6050.0:z50.0",
      "source_parameters": [
        100.0,
        175.0,
        19.0,
        0.07894736842105263,
        1.0
      ],
      "source_sample_id": "validation_marmousi_00145"
    },
    {
      "case_id": "extrap_right",
      "nearest_train_position_distance_domain_diagonal": 0.043013956234984746,
      "nearest_train_position_distance_m": 121.66184055767637,
      "prediction_path": "/root/autodl-tmp/home/jiayh/Data/FNO-Acoustic-Wave-Simulation/1/evaluation/marmousi_fixed19hz_position_240_post_r5d_r1/predictions/marm_r29_extrap_right.npz",
      "prediction_sha256": "f4e0996de0dce7715160fd319143d05ac792c52f5813e70af93ce4b6c5b4fe62",
      "record_id": "marm_r29_extrap_right",
      "role": "outside_train_position_range",
      "slice_rank": 29,
      "source_group_id": "validation:marmousi:x6050.0:z50.0",
      "source_parameters": [
        1900.0,
        175.0,
        19.0,
        0.07894736842105263,
        1.0
      ],
      "source_sample_id": "validation_marmousi_00145"
    },
    {
      "case_id": "interp_center",
      "nearest_train_position_distance_domain_diagonal": 0.003405975057812249,
      "nearest_train_position_distance_m": 9.633552239725137,
      "prediction_path": "/root/autodl-tmp/home/jiayh/Data/FNO-Acoustic-Wave-Simulation/1/evaluation/marmousi_fixed19hz_position_240_post_r5d_r1/predictions/marm_r29_interp_center.npz",
      "prediction_sha256": "a5353fa4f2119729ccbe1414f27c32baa5207bf4b1c1e292541fa4de69db2b70",
      "record_id": "marm_r29_interp_center",
      "role": "interpolation",
      "slice_rank": 29,
      "source_group_id": "validation:marmousi:x6050.0:z50.0",
      "source_parameters": [
        1000.0,
        175.0,
        19.0,
        0.07894736842105263,
        1.0
      ],
      "source_sample_id": "validation_marmousi_00145"
    },
    {
      "case_id": "interp_left_deep",
      "nearest_train_position_distance_domain_diagonal": 0.0028550971477638463,
      "nearest_train_position_distance_m": 8.075434216520744,
      "prediction_path": "/root/autodl-tmp/home/jiayh/Data/FNO-Acoustic-Wave-Simulation/1/evaluation/marmousi_fixed19hz_position_240_post_r5d_r1/predictions/marm_r29_interp_left_deep.npz",
      "prediction_sha256": "979ac9ec567d030741a7d7b3caae868e84d923590ff5e36ae6ef7799b22594fd",
      "record_id": "marm_r29_interp_left_deep",
      "role": "interpolation",
      "slice_rank": 29,
      "source_group_id": "validation:marmousi:x6050.0:z50.0",
      "source_parameters": [
        700.0,
        250.0,
        19.0,
        0.07894736842105263,
        1.0
      ],
      "source_sample_id": "validation_marmousi_00145"
    },
    {
      "case_id": "interp_left_shallow",
      "nearest_train_position_distance_domain_diagonal": 0.0015044105052729115,
      "nearest_train_position_distance_m": 4.255115479867024,
      "prediction_path": "/root/autodl-tmp/home/jiayh/Data/FNO-Acoustic-Wave-Simulation/1/evaluation/marmousi_fixed19hz_position_240_post_r5d_r1/predictions/marm_r29_interp_left_shallow.npz",
      "prediction_sha256": "f776e28f1daf5824342a4a815696cb2c3672634b62fc6877f6d166b2c50d4da7",
      "record_id": "marm_r29_interp_left_shallow",
      "role": "interpolation",
      "slice_rank": 29,
      "source_group_id": "validation:marmousi:x6050.0:z50.0",
      "source_parameters": [
        400.0,
        100.0,
        19.0,
        0.07894736842105263,
        1.0
      ],
      "source_sample_id": "validation_marmousi_00145"
    },
    {
      "case_id": "interp_right_deep",
      "nearest_train_position_distance_domain_diagonal": 0.005026873923190659,
      "nearest_train_position_distance_m": 14.218146557031757,
      "prediction_path": "/root/autodl-tmp/home/jiayh/Data/FNO-Acoustic-Wave-Simulation/1/evaluation/marmousi_fixed19hz_position_240_post_r5d_r1/predictions/marm_r29_interp_right_deep.npz",
      "prediction_sha256": "935f889d68c28a1a8d3074a27c9c47f7d2b3f09f8d04564ce3d0aa5981c08a19",
      "record_id": "marm_r29_interp_right_deep",
      "role": "interpolation",
      "slice_rank": 29,
      "source_group_id": "validation:marmousi:x6050.0:z50.0",
      "source_parameters": [
        1600.0,
        250.0,
        19.0,
        0.07894736842105263,
        1.0
      ],
      "source_sample_id": "validation_marmousi_00145"
    },
    {
      "case_id": "interp_right_shallow",
      "nearest_train_position_distance_domain_diagonal": 0.004278776841318993,
      "nearest_train_position_distance_m": 12.102208478722467,
      "prediction_path": "/root/autodl-tmp/home/jiayh/Data/FNO-Acoustic-Wave-Simulation/1/evaluation/marmousi_fixed19hz_position_240_post_r5d_r1/predictions/marm_r29_interp_right_shallow.npz",
      "prediction_sha256": "dd99e6a426d3c0d24516d4ac1ddba50488ab6ca5176f3acadf6e2966136b7eac",
      "record_id": "marm_r29_interp_right_shallow",
      "role": "interpolation",
      "slice_rank": 29,
      "source_group_id": "validation:marmousi:x6050.0:z50.0",
      "source_parameters": [
        1300.0,
        100.0,
        19.0,
        0.07894736842105263,
        1.0
      ],
      "source_sample_id": "validation_marmousi_00145"
    },
    {
      "case_id": "extrap_deep",
      "nearest_train_position_distance_domain_diagonal": 0.039541448141755246,
      "nearest_train_position_distance_m": 111.84010447588538,
      "prediction_path": "/root/autodl-tmp/home/jiayh/Data/FNO-Acoustic-Wave-Simulation/1/evaluation/marmousi_fixed19hz_position_240_post_r5d_r1/predictions/marm_r30_extrap_deep.npz",
      "prediction_sha256": "f4af4b8b12d4014028dedbe60c3a18c227dfac574c74444ddeeca576a397d20d",
      "record_id": "marm_r30_extrap_deep",
      "role": "outside_train_position_range",
      "slice_rank": 30,
      "source_group_id": "validation:marmousi:x6150.0:z0.0",
      "source_parameters": [
        1000.0,
        400.0,
        19.0,
        0.07894736842105263,
        1.0
      ],
      "source_sample_id": "validation_marmousi_00055"
    },
    {
      "case_id": "extrap_left",
      "nearest_train_position_distance_domain_diagonal": 0.03695143285395713,
      "nearest_train_position_distance_m": 104.51443498236986,
      "prediction_path": "/root/autodl-tmp/home/jiayh/Data/FNO-Acoustic-Wave-Simulation/1/evaluation/marmousi_fixed19hz_position_240_post_r5d_r1/predictions/marm_r30_extrap_left.npz",
      "prediction_sha256": "3a56ca56ba2050b7743007040aa34ea8b468e535a4c12bad3afaf8895626c194",
      "record_id": "marm_r30_extrap_left",
      "role": "outside_train_position_range",
      "slice_rank": 30,
      "source_group_id": "validation:marmousi:x6150.0:z0.0",
      "source_parameters": [
        100.0,
        175.0,
        19.0,
        0.07894736842105263,
        1.0
      ],
      "source_sample_id": "validation_marmousi_00055"
    },
    {
      "case_id": "extrap_right",
      "nearest_train_position_distance_domain_diagonal": 0.043013956234984746,
      "nearest_train_position_distance_m": 121.66184055767637,
      "prediction_path": "/root/autodl-tmp/home/jiayh/Data/FNO-Acoustic-Wave-Simulation/1/evaluation/marmousi_fixed19hz_position_240_post_r5d_r1/predictions/marm_r30_extrap_right.npz",
      "prediction_sha256": "b50f0e9034688f070af5b1ab82274a57911e9f442ab8ab71cea072e134995a24",
      "record_id": "marm_r30_extrap_right",
      "role": "outside_train_position_range",
      "slice_rank": 30,
      "source_group_id": "validation:marmousi:x6150.0:z0.0",
      "source_parameters": [
        1900.0,
        175.0,
        19.0,
        0.07894736842105263,
        1.0
      ],
      "source_sample_id": "validation_marmousi_00055"
    },
    {
      "case_id": "interp_center",
      "nearest_train_position_distance_domain_diagonal": 0.003405975057812249,
      "nearest_train_position_distance_m": 9.633552239725137,
      "prediction_path": "/root/autodl-tmp/home/jiayh/Data/FNO-Acoustic-Wave-Simulation/1/evaluation/marmousi_fixed19hz_position_240_post_r5d_r1/predictions/marm_r30_interp_center.npz",
      "prediction_sha256": "76f81fa00eeb17fac9e4219aa2bb681a98ad768f38c5204e4efa69bc4c097989",
      "record_id": "marm_r30_interp_center",
      "role": "interpolation",
      "slice_rank": 30,
      "source_group_id": "validation:marmousi:x6150.0:z0.0",
      "source_parameters": [
        1000.0,
        175.0,
        19.0,
        0.07894736842105263,
        1.0
      ],
      "source_sample_id": "validation_marmousi_00055"
    },
    {
      "case_id": "interp_left_deep",
      "nearest_train_position_distance_domain_diagonal": 0.0028550971477638463,
      "nearest_train_position_distance_m": 8.075434216520744,
      "prediction_path": "/root/autodl-tmp/home/jiayh/Data/FNO-Acoustic-Wave-Simulation/1/evaluation/marmousi_fixed19hz_position_240_post_r5d_r1/predictions/marm_r30_interp_left_deep.npz",
      "prediction_sha256": "c46eed67f8d83a912bdf3e107dc0c50f1446ef48af2840637c34df2553cfc773",
      "record_id": "marm_r30_interp_left_deep",
      "role": "interpolation",
      "slice_rank": 30,
      "source_group_id": "validation:marmousi:x6150.0:z0.0",
      "source_parameters": [
        700.0,
        250.0,
        19.0,
        0.07894736842105263,
        1.0
      ],
      "source_sample_id": "validation_marmousi_00055"
    },
    {
      "case_id": "interp_left_shallow",
      "nearest_train_position_distance_domain_diagonal": 0.0015044105052729115,
      "nearest_train_position_distance_m": 4.255115479867024,
      "prediction_path": "/root/autodl-tmp/home/jiayh/Data/FNO-Acoustic-Wave-Simulation/1/evaluation/marmousi_fixed19hz_position_240_post_r5d_r1/predictions/marm_r30_interp_left_shallow.npz",
      "prediction_sha256": "17c7bafb51f53b3a15c1e9e0ecb8c3341728e08469d1275a6d5a401e5cb7bff5",
      "record_id": "marm_r30_interp_left_shallow",
      "role": "interpolation",
      "slice_rank": 30,
      "source_group_id": "validation:marmousi:x6150.0:z0.0",
      "source_parameters": [
        400.0,
        100.0,
        19.0,
        0.07894736842105263,
        1.0
      ],
      "source_sample_id": "validation_marmousi_00055"
    },
    {
      "case_id": "interp_right_deep",
      "nearest_train_position_distance_domain_diagonal": 0.005026873923190659,
      "nearest_train_position_distance_m": 14.218146557031757,
      "prediction_path": "/root/autodl-tmp/home/jiayh/Data/FNO-Acoustic-Wave-Simulation/1/evaluation/marmousi_fixed19hz_position_240_post_r5d_r1/predictions/marm_r30_interp_right_deep.npz",
      "prediction_sha256": "f74f7a119134e27b3ad391e693e6b0f02e055471664b432025c79118b44d2ce8",
      "record_id": "marm_r30_interp_right_deep",
      "role": "interpolation",
      "slice_rank": 30,
      "source_group_id": "validation:marmousi:x6150.0:z0.0",
      "source_parameters": [
        1600.0,
        250.0,
        19.0,
        0.07894736842105263,
        1.0
      ],
      "source_sample_id": "validation_marmousi_00055"
    },
    {
      "case_id": "interp_right_shallow",
      "nearest_train_position_distance_domain_diagonal": 0.004278776841318993,
      "nearest_train_position_distance_m": 12.102208478722467,
      "prediction_path": "/root/autodl-tmp/home/jiayh/Data/FNO-Acoustic-Wave-Simulation/1/evaluation/marmousi_fixed19hz_position_240_post_r5d_r1/predictions/marm_r30_interp_right_shallow.npz",
      "prediction_sha256": "24e48b9e3f67e86c757fc9847a9b56ffd6b90370220be8cb33f871c371b9f539",
      "record_id": "marm_r30_interp_right_shallow",
      "role": "interpolation",
      "slice_rank": 30,
      "source_group_id": "validation:marmousi:x6150.0:z0.0",
      "source_parameters": [
        1300.0,
        100.0,
        19.0,
        0.07894736842105263,
        1.0
      ],
      "source_sample_id": "validation_marmousi_00055"
    }
  ],
  "schema": "sealed_marmousi_fixed_frequency_source_position_predictions_v1",
  "source_frequency_varied": false,
  "status": "complete",
  "time_axis_sha256": "c9561c394a77954aecefcedb0dc6ec3f11d8280d18bdd6bd89999a8304fd7af9",
  "truth_wavefield_access": false
}
