arm,dx_m,dt_s,c_mps,f0_hz,band_low_hz,band_high_hz,ppw_min,q_mode_max,q_full_spectrum,all_modes_spectral_stable,all_modes_strict_stable,all_modes_monotone,full_spectrum_stable,full_spectrum_strict,full_spectrum_safe,full_spectrum_monotone,grid_aliased_modes,valid_modes,invalid_modes,max_abs_spatial_error,min_signed_spatial_error,max_signed_spatial_error,max_abs_total_error,min_signed_total_error,max_signed_total_error,max_abs_temporal_increment,min_signed_temporal_increment,max_signed_temporal_increment,max_abs_phase_1s_rad,weighted_abs_spatial_error,weighted_abs_total_error,weighted_abs_temporal_increment,weighted_abs_phase_1s_rad,max_angular_anisotropy,max_abs_teacher_delta_phase_1s_rad,quadrature_valid_energy_fraction,worst_total_frequency_hz,worst_total_angle_deg
teacher,5.0,0.000125,1500.0,8.0,3.6468322988295747,14.328992703762552,20.936572877256406,0.00012665171799361137,0.018285714285714284,True,True,True,True,True,True,True,0,23478,0,1.0232106828489407e-08,-1.0232106828489407e-08,-1.1435297153639112e-14,1.0254385895969165e-08,-1.0254385895969165e-08,-1.0491607582707729e-13,2.2279289524362866e-11,-2.2279289524362866e-11,-9.325873406851315e-14,9.232199630775412e-07,3.71912079167646e-10,3.760462626960066e-10,4.13418352836059e-12,2.8488893627818263e-08,9.586022642338321e-09,0.0,0.9999999999999999,14.328992703762552,0.0
r6,5.0,0.000625,1500.0,8.0,3.6468322988295747,14.328992703762552,20.936572877256406,0.0031662929498402844,0.45714285714285713,True,True,True,True,True,True,True,0,23478,0,1.0232106828489407e-08,-1.0232106828489407e-08,-1.1435297153639112e-14,2.416285127537776e-08,-2.416285127537776e-08,-5.843459049970079e-11,1.3930745335066774e-08,-1.3930745335066774e-08,-5.842282213563976e-11,2.1754229739950733e-06,3.71912079167646e-10,2.9564246134062587e-09,2.584512534238613e-09,2.034309334848401e-07,9.586021865182204e-09,1.25220309088176e-06,0.9999999999999999,14.328992703762552,0.0
time_refined,5.0,0.0003125,1500.0,8.0,3.6468322988295747,14.328992703762552,20.936572877256406,0.0007915732374600711,0.11428571428571428,True,True,True,True,True,True,True,0,23478,0,1.0232106828489407e-08,-1.0232106828489407e-08,-1.1435297153639112e-14,1.1102470609536397e-08,-1.1102470609536397e-08,-3.6628478028433165e-12,8.703641141138974e-10,-8.703641141138974e-10,-3.651190461084752e-12,9.995744855120772e-07,3.71912079167646e-10,5.334106268683564e-10,1.6149854770071042e-10,3.915758054530556e-08,9.586022309271414e-09,7.635455242112134e-08,0.9999999999999999,14.328992703762552,0.0
space_refined,2.5,0.000125,1500.0,8.0,3.6468322988295747,14.328992703762552,41.87314575451281,0.00012665171815662258,0.07314285714285713,True,True,True,True,True,True,True,0,23478,0,4.058731128964155e-11,-4.058731128964155e-11,4.440892098500626e-16,6.286660081400441e-11,-6.286660081400441e-11,-9.35918009759007e-14,2.2279289524362866e-11,-2.2279289524362866e-11,-9.336975637097567e-14,5.659987976962146e-09,1.4676356058525832e-12,5.601824640993721e-12,4.134189183490835e-12,3.9163408405687164e-10,3.804445647404009e-11,9.175599751005791e-07,0.9999999999999999,14.328992703762552,0.0
coarse_125us,10.0,0.000125,1500.0,8.0,3.6468322988295747,14.328992703762552,10.468286438628203,0.00012665167752794936,0.004571428571428571,True,True,True,True,True,True,True,0,23478,0,2.4634966601100317e-06,-2.4634966601100317e-06,-2.9338753648744387e-12,2.4635189388444445e-06,-2.4635189388444445e-06,-3.027356143547877e-12,2.2279289524362866e-11,-2.2279289524362866e-11,-9.325873406851315e-14,0.00022179483850464512,9.141637117237724e-08,9.142050535090685e-08,4.1341785295983726e-12,6.924632415963058e-06,2.303098832978634e-06,0.00022087161854156758,0.9999999999999999,14.328992703762552,0.0
coarse_250us,10.0,0.00025,1500.0,8.0,3.6468322988295747,14.328992703762552,10.468286438628203,0.0005066067101117974,0.018285714285714284,True,True,True,True,True,True,True,0,23478,0,2.4634966601100317e-06,-2.4634966601100317e-06,-2.9338753648744387e-12,2.463853141843053e-06,-2.463853141843053e-06,-4.4295678236494496e-12,3.5648584084668755e-10,-3.5648584084668755e-10,-1.4953593918676233e-12,0.00022182492737424356,9.141637117237724e-08,9.148251926623412e-08,6.614809385687282e-11,6.928836708332801e-06,2.303098829758987e-06,0.00022090170741116601,0.9999999999999999,14.328992703762552,0.0
teacher,5.0,0.000125,1600.0,8.0,3.6468322988295747,14.328992703762552,22.332344402406836,0.00012665171805948937,0.020805079365079363,True,True,True,True,True,True,True,0,23478,0,6.120847051427347e-09,-6.120847051427347e-09,-6.8833827526759706e-15,6.143126229929408e-09,-6.143126229929408e-09,-1.0036416142611415e-13,2.2279289524362866e-11,-2.2279289524362866e-11,-9.336975637097567e-14,5.530761986834786e-07,2.22292338812313e-10,2.2642650993626178e-10,4.134171123948759e-12,1.714152107634038e-08,5.734838048887525e-09,0.0,0.9999999999999999,14.328992703762552,0.0
r6,5.0,0.000625,1600.0,8.0,3.6468322988295747,14.328992703762552,22.332344402406836,0.003166292951487234,0.5201269841269841,True,True,True,True,True,True,True,0,23478,0,6.120847051427347e-09,-6.120847051427347e-09,-6.8833827526759706e-15,2.0051591720360307e-08,-2.0051591720360307e-08,-5.84298165406949e-11,1.3930745224044472e-08,-1.3930745224044472e-08,-5.842293315794223e-11,1.8052792195965393e-06,2.22292338812313e-10,2.8068048749496054e-09,2.584512536137292e-09,1.9208356182089577e-07,5.734837604798315e-09,1.2522030908817599e-06,0.9999999999999999,14.328992703762552,0.0
time_refined,5.0,0.0003125,1600.0,8.0,3.6468322988295747,14.328992703762552,22.332344402406836,0.0007915732378718085,0.13003174603174603,True,True,True,True,True,True,True,0,23478,0,6.120847051427347e-09,-6.120847051427347e-09,-6.8833827526759706e-15,6.991210832474337e-09,-6.991210832474337e-09,-3.658295888442353e-12,8.703640030915949e-10,-8.703640030915949e-10,-3.651190461084752e-12,6.294307111224861e-07,2.22292338812313e-10,3.8379088081348035e-10,1.6149854200116737e-10,2.7810208335169302e-08,5.7348379378652226e-09,7.635454242559295e-08,0.9999999999999999,14.328992703762552,0.0
space_refined,2.5,0.000125,1600.0,8.0,3.6468322988295747,14.328992703762552,44.66468880481367,0.0001266517181568822,0.08322031746031745,True,True,True,True,True,True,True,0,23478,0,2.4234836359937617e-11,-2.4234836359937617e-11,2.220446049250313e-16,4.6513792817393096e-11,-4.6513792817393096e-11,-9.325873406851315e-14,2.2279289524362866e-11,-2.2279289524362866e-11,-9.336975637097567e-14,4.187716604692052e-09,8.761162601649322e-13,5.010289783807514e-12,4.134174076076954e-12,3.4675391372351854e-10,2.271638432915779e-11,5.488884820787865e-07,0.9999999999999999,14.328992703762552,0.0
coarse_125us,10.0,0.000125,1600.0,8.0,3.6468322988295747,14.328992703762552,11.166172201203418,0.00012665169379252704,0.005201269841269841,True,True,True,True,True,True,True,0,23478,0,1.4846501836807136e-06,-1.4846501836807136e-06,-1.7511547767412594e-12,1.484672462637171e-06,-1.484672462637171e-06,-1.844524533112235e-12,2.2279178502060404e-11,-2.2279178502060404e-11,-9.325873406851315e-14,0.00013366761013713392,5.490863226488911e-08,5.4912766432298566e-08,4.134167409463642e-12,4.160254747739162e-06,1.3884622233062416e-06,0.00013311453393845043,0.9999999999999999,14.328992703762552,0.0
coarse_250us,10.0,0.00025,1600.0,8.0,3.6468322988295747,14.328992703762552,11.166172201203418,0.0005066067751701082,0.020805079365079363,True,True,True,True,True,True,True,0,23478,0,1.4846501836807136e-06,-1.4846501836807136e-06,-1.7511547767412594e-12,1.485006666857025e-06,-1.485006666857025e-06,-3.2467362132138078e-12,3.5648584084668755e-10,-3.5648584084668755e-10,-1.4952483695651608e-12,0.0001336976991166832,5.490863226488911e-08,5.497478037910356e-08,6.614811421447071e-11,4.164459042711299e-06,1.3884622207527286e-06,0.0001331446229179997,0.9999999999999999,14.328992703762552,0.0
teacher,5.0,0.000125,1800.0,8.0,3.6468322988295747,14.328992703762552,25.123887452707688,0.00012665171811908653,0.02633142857142857,True,True,True,True,True,True,True,0,23478,0,2.394588416443355e-09,-2.394588416443355e-09,-2.55351295663786e-15,2.4168675949454155e-09,-2.4168675949454155e-09,-9.625633623500107e-14,2.227940054666533e-11,-2.227940054666533e-11,-9.336975637097567e-14,2.1759473793997754e-07,8.685445533178201e-11,9.098867693954112e-11,4.134221607759115e-12,6.868881256341035e-09,2.243859320572028e-09,0.0,0.9999999999999999,14.328992703762552,0.0
r6,5.0,0.000625,1800.0,8.0,3.6468322988295747,14.328992703762552,25.123887452707688,0.003166292952977163,0.6582857142857143,True,True,True,True,True,True,True,0,23478,0,2.394588416443355e-09,-2.394588416443355e-09,-2.55351295663786e-15,1.6325333640487827e-08,-1.6325333640487827e-08,-5.842559769320133e-11,1.3930745446089077e-08,-1.3930745446089077e-08,-5.842293315794223e-11,1.4697978088306805e-06,8.685445533178201e-11,2.671367001954328e-09,2.5845125466225457e-09,1.8181092002332193e-07,2.243859320572028e-09,1.2522030808862315e-06,0.9999999999999999,14.328992703762552,0.0
time_refined,5.0,0.0003125,1800.0,8.0,3.6468322988295747,14.328992703762552,25.123887452707688,0.0007915732382442908,0.16457142857142856,True,True,True,True,True,True,True,0,23478,0,2.394588416443355e-09,-2.394588416443355e-09,-2.55351295663786e-15,3.2649523085126475e-09,-3.2649523085126475e-09,-3.654077040948778e-12,8.703641141138974e-10,-8.703641141138974e-10,-3.651301483387215e-12,2.939492603745135e-07,8.685445533178201e-11,2.4835300289193183e-10,1.6149854756014984e-10,1.7537566145830538e-08,2.243859098527423e-09,7.635455242112137e-08,0.9999999999999999,14.328992703762552,0.0
space_refined,2.5,0.000125,1800.0,8.0,3.6468322988295747,14.328992703762552,50.247774905415376,0.00012665171815711681,0.10532571428571429,True,True,True,True,True,True,True,0,23478,0,9.454215188497983e-12,-9.454215188497983e-12,4.440892098500626e-16,3.173350471286085e-11,-3.173350471286085e-11,-9.325873406851315e-14,2.227940054666533e-11,-2.227940054666533e-11,-9.348077867343818e-14,2.857021897415091e-09,3.416645062868794e-13,4.475885220400531e-12,4.134221943373795e-12,3.06205730470783e-10,8.862466316372775e-12,2.1473771604256246e-07,0.9999999999999999,14.328992703762552,0.0
coarse_125us,10.0,0.000125,1800.0,8.0,3.6468322988295747,14.328992703762552,12.561943726353844,0.00012665170858929198,0.006582857142857143,True,True,True,True,True,True,True,0,23478,0,5.874328095067938e-07,-5.874328095067938e-07,-6.826761378420088e-13,5.874550886852958e-07,-5.874550886852958e-07,-7.762679388179095e-13,2.227940054666533e-11,-2.227940054666533e-11,-9.336975637097567e-14,5.2889589955741934e-05,2.1615218442392482e-08,2.1619352662910235e-08,4.1342205177498375e-12,1.6384316631118484e-06,5.496600298249277e-07,5.267199521780196e-05,0.9999999999999999,14.328992703762552,0.0
coarse_250us,10.0,0.00025,1800.0,8.0,3.6468322988295747,14.328992703762552,12.561943726353844,0.0005066068343571679,0.02633142857142857,True,True,True,True,True,True,True,0,23478,0,5.874328095067938e-07,-5.874328095067938e-07,-6.826761378420088e-13,5.877892945704843e-07,-5.877892945704843e-07,-2.1785906412219447e-12,3.564860628912925e-10,-3.564860628912925e-10,-1.4954704141700859e-12,5.2919679085224115e-05,2.1615218442392482e-08,2.168136663985814e-08,6.614819746565628e-11,1.6426359605141926e-06,5.49660028825727e-07,5.270208434728414e-05,0.9999999999999999,14.328992703762552,0.0
teacher,5.0,0.000125,3000.0,8.0,3.6468322988295747,14.328992703762552,41.87314575451281,0.00012665171815662258,0.07314285714285713,True,True,True,True,True,True,True,0,23478,0,4.058731128964155e-11,-4.058731128964155e-11,4.440892098500626e-16,6.286660081400441e-11,-6.286660081400441e-11,-9.35918009759007e-14,2.2279289524362866e-11,-2.2279289524362866e-11,-9.336975637097567e-14,5.659987976962146e-09,1.4676356058525832e-12,5.601824640993721e-12,4.134189183490835e-12,3.9163408405687164e-10,3.804445647404009e-11,0.0,0.9999999999999999,14.328992703762552,0.0
r6,5.0,0.000625,3000.0,8.0,3.6468322988295747,14.328992703762552,41.87314575451281,0.0031662929539155644,1.8285714285714285,True,True,True,True,True,True,True,0,23478,0,4.058731128964155e-11,-4.058731128964155e-11,4.440892098500626e-16,1.3971332646356416e-08,-1.3971332646356416e-08,-5.842304418024469e-11,1.3930745335066774e-08,-1.3930745335066774e-08,-5.842304418024469e-11,1.257863058867665e-06,1.4676356058525832e-12,2.585980188505656e-09,2.5845125530481533e-09,1.7533367488342268e-07,3.8044345451737627e-11,1.2522031008772884e-06,0.9999999999999999,14.328992703762552,0.0
time_refined,5.0,0.0003125,3000.0,8.0,3.6468322988295747,14.328992703762552,41.87314575451281,0.0007915732384788911,0.45714285714285713,True,True,True,True,True,True,True,0,23478,0,4.058731128964155e-11,-4.058731128964155e-11,4.440892098500626e-16,9.109513143812364e-10,-9.109513143812364e-10,-3.651412505689677e-12,8.703640030915949e-10,-8.703640030915949e-10,-3.651301483387215e-12,8.201451041149814e-08,1.4676356058525832e-12,1.6296618213267896e-10,1.6149854667517605e-10,1.106032062849383e-08,3.8044345451737627e-11,7.635455242112136e-08,0.9999999999999999,14.328992703762552,0.0
space_refined,2.5,0.000125,3000.0,8.0,3.6468322988295747,14.328992703762552,83.74629150902562,0.0001266517181572642,0.29257142857142854,True,True,True,True,True,True,True,0,23478,0,1.5909495942878493e-13,-1.5909495942878493e-13,4.440892098500626e-16,2.2438162439186726e-11,-2.2438162439186726e-11,-9.325873406851315e-14,2.2279289524362866e-11,-2.2279289524362866e-11,-9.336975637097567e-14,2.0201462777772696e-09,5.748749538756103e-15,4.139910774421621e-12,4.1341899713049315e-12,2.8071427951842857e-10,1.48991929904696e-13,3.639841699184876e-09,0.9999999999999999,14.328992703762552,0.0
coarse_125us,10.0,0.000125,3000.0,8.0,3.6468322988295747,14.328992703762552,20.936572877256406,0.00012665171799361137,0.018285714285714284,True,True,True,True,True,True,True,0,23478,0,1.0232106828489407e-08,-1.0232106828489407e-08,-1.1435297153639112e-14,1.0254385895969165e-08,-1.0254385895969165e-08,-1.0491607582707729e-13,2.2279289524362866e-11,-2.2279289524362866e-11,-9.325873406851315e-14,9.232199630775412e-07,3.71912079167646e-10,3.760462626960066e-10,4.13418352836059e-12,2.8488893627818263e-08,9.586022642338321e-09,9.175599751005791e-07,0.9999999999999999,14.328992703762552,0.0
coarse_250us,10.0,0.00025,3000.0,8.0,3.6468322988295747,14.328992703762552,20.936572877256406,0.0005066068719744455,0.07314285714285713,True,True,True,True,True,True,True,0,23478,0,1.0232106828489407e-08,-1.0232106828489407e-08,-1.1435297153639112e-14,1.0588592669336094e-08,-1.0588592669336094e-08,-1.50712775592865e-12,3.564860628912925e-10,-3.564860628912925e-10,-1.4954704141700859e-12,9.533091725239465e-07,3.71912079167646e-10,4.380602617447573e-10,6.614818257711128e-11,3.2693192760830426e-08,9.586022420293716e-09,9.476491845469844e-07,0.9999999999999999,14.328992703762552,0.0
teacher,5.0,0.000125,4500.0,8.0,3.6468322988295747,14.328992703762552,62.80971863176922,0.00012665171815724155,0.16457142857142856,True,True,True,True,True,True,True,0,23478,0,1.588063014423824e-12,-1.588063014423824e-12,4.440892098500626e-16,2.386735253878669e-11,-2.386735253878669e-11,-9.325873406851315e-14,2.227940054666533e-11,-2.227940054666533e-11,-9.336975637097567e-14,2.1488187155389617e-09,5.735431142986501e-14,4.191532977097672e-12,4.134186779917979e-12,2.8463136897033134e-10,1.4886980537198724e-12,0.0,0.9999999999999999,14.328992703762552,0.0
r6,5.0,0.000625,4500.0,8.0,3.6468322988295747,14.328992703762552,62.80971863176922,0.003166292953931039,4.114285714285715,True,True,True,True,True,True,True,0,23478,0,1.588063014423824e-12,-1.588063014423824e-12,4.440892098500626e-16,1.39323335091035e-08,-1.39323335091035e-08,-5.84227111133373e-11,1.393074555711138e-08,-1.393074555711138e-08,-5.842282213563976e-11,1.2543518996017704e-06,5.735431142986501e-14,2.5845699029412444e-09,2.584512556744064e-09,1.7522667251557708e-07,1.4889200983247974e-12,1.2522030908817599e-06,0.9999999999999999,14.328992703762552,0.0
time_refined,5.0,0.0003125,4500.0,8.0,3.6468322988295747,14.328992703762552,62.80971863176922,0.0007915732384827597,1.0285714285714287,True,True,True,True,True,True,True,0,23478,0,1.588063014423824e-12,-1.588063014423824e-12,4.440892098500626e-16,8.719521771283212e-10,-8.719521771283212e-10,-3.65107943878229e-12,8.703642251361998e-10,-8.703642251361998e-10,-3.651301483387215e-12,7.85033511456034e-08,5.735431142986501e-14,1.6155589190285443e-10,1.6149854570567473e-10,1.0953318075025647e-08,1.488809076022335e-12,7.63545424255929e-08,0.9999999999999999,14.328992703762552,0.0
space_refined,2.5,0.000125,4500.0,8.0,3.6468322988295747,14.328992703762552,125.61943726353844,0.00012665171815726665,0.6582857142857143,True,True,True,True,True,True,True,0,23478,0,6.439293542825908e-15,-6.439293542825908e-15,4.440892098500626e-16,2.228561779560323e-11,-2.228561779560323e-11,-9.29256671611256e-14,2.227940054666533e-11,-2.227940054666533e-11,-9.336975637097567e-14,2.0064124216843183e-09,2.7354930545645677e-16,4.134381094105594e-12,4.134197243368394e-12,2.8029484321396227e-10,5.995204332975845e-15,1.424262849115473e-10,0.9999999999999999,14.328992703762552,3.0
coarse_125us,10.0,0.000125,4500.0,8.0,3.6468322988295747,14.328992703762552,31.40485931588461,0.00012665171815084476,0.04114285714285714,True,True,True,True,True,True,True,0,23478,0,4.038063217137733e-10,-4.038063217137733e-10,-3.3306690738754696e-16,4.2608527817122877e-10,-4.2608527817122877e-10,-9.370282327836321e-14,2.227940054666533e-11,-2.227940054666533e-11,-9.325873406851315e-14,3.8361188936311956e-08,1.462130432739733e-11,1.8755492226553674e-11,4.134187899156345e-12,1.3895463671245403e-09,3.784532687234332e-10,3.6212370220772996e-08,0.9999999999999999,14.328992703762552,0.0
coarse_250us,10.0,0.00025,4500.0,8.0,3.6468322988295747,14.328992703762552,31.40485931588461,0.000506606872603379,0.16457142857142856,True,True,True,True,True,True,True,0,23478,0,4.038063217137733e-10,-4.038063217137733e-10,-3.3306690738754696e-16,7.602921625604608e-10,-7.602921625604608e-10,-1.495914503379936e-12,3.5648617391359494e-10,-3.5648617391359494e-10,-1.4953593918676233e-12,6.845040837824573e-08,1.462130432739733e-11,8.076948681888323e-11,6.61481824914859e-11,5.593845235595708e-09,3.784532687234332e-10,6.630158966270677e-08,0.9999999999999999,14.328992703762552,0.0
teacher,5.0,0.000125,5800.0,8.0,3.6468322988295747,14.328992703762552,80.95474845872478,0.0001266517181572634,0.27339174603174604,True,True,True,True,True,True,True,0,23478,0,2.0883295093199195e-13,-2.0883295093199195e-13,6.661338147750939e-16,2.2488122475294858e-11,-2.2488122475294858e-11,-9.314771176605063e-14,2.227940054666533e-11,-2.227940054666533e-11,-9.325873406851315e-14,2.0246442655806382e-09,7.532987753059885e-15,4.1416847618173435e-12,4.1341749670202e-12,2.8084932003148594e-10,1.957323192414151e-13,0.0,0.9999999999999999,14.328992703762552,0.0
r6,5.0,0.000625,5800.0,8.0,3.6468322988295747,14.328992703762552,80.95474845872478,0.003166292953931585,6.83479365079365,True,True,True,True,True,True,False,0,23478,0,2.0883295093199195e-13,-2.0883295093199195e-13,6.661338147750939e-16,1.3930954168017706e-08,-1.3930954168017706e-08,-5.84227111133373e-11,1.3930745446089077e-08,-1.3930745446089077e-08,-5.842282213563976e-11,1.2542277151562836e-06,7.532987753059885e-15,2.584520064779584e-09,2.5845125549847866e-09,1.752228910063828e-07,1.9562129693895258e-13,1.2522030908817599e-06,0.9999999999999999,14.328992703762552,0.0
time_refined,5.0,0.0003125,5800.0,8.0,3.6468322988295747,14.328992703762552,80.95474845872478,0.0007915732384828963,1.7086984126984126,True,True,True,True,True,True,True,0,23478,0,2.0883295093199195e-13,-2.0883295093199195e-13,6.661338147750939e-16,8.705728360425269e-10,-8.705728360425269e-10,-3.650968416479827e-12,8.703641141138974e-10,-8.703641141138974e-10,-3.651190461084752e-12,7.837916670011663e-08,7.532987753059885e-15,1.615060530372118e-10,1.6149854324241467e-10,1.0949536527917137e-08,1.9562129693895258e-13,7.63545424255929e-08,0.9999999999999999,14.328992703762552,0.0
space_refined,2.5,0.000125,5800.0,8.0,3.6468322988295747,14.328992703762552,161.90949691744956,0.00012665171815726673,1.0935669841269842,True,True,True,True,True,True,True,0,23478,0,1.1102230246251565e-15,-1.1102230246251565e-15,6.661338147750939e-16,2.228028872508503e-11,-2.228028872508503e-11,-9.29256671611256e-14,2.2279289524362866e-11,-2.2279289524362866e-11,-9.325873406851315e-14,2.0059326363186257e-09,1.1040573948597441e-16,4.1341814075651795e-12,4.134189744246169e-12,2.8027987476774175e-10,1.3322676295501878e-15,1.872162479046462e-11,0.9999999999999999,14.328992703762552,3.0
coarse_125us,10.0,0.000125,5800.0,8.0,3.6468322988295747,14.328992703762552,40.47737422936239,0.00012665171815642198,0.06834793650793651,True,True,True,True,True,True,True,0,23478,0,5.3213544681796066e-11,-5.3213544681796066e-11,2.220446049250313e-16,7.549261216155401e-11,-7.549261216155401e-11,-9.325873406851315e-14,2.227940054666533e-11,-2.227940054666533e-11,-9.325873406851315e-14,6.796729450157861e-09,1.924428270586978e-12,6.058606428975255e-12,4.134178214619077e-12,4.2629068351703803e-10,4.9878434715822095e-11,4.772085184577223e-09,0.9999999999999999,14.328992703762552,0.0
coarse_250us,10.0,0.00025,5800.0,8.0,3.6468322988295747,14.328992703762552,40.47737422936239,0.0005066068726256879,0.27339174603174604,True,True,True,True,True,True,True,0,23478,0,5.3213544681796066e-11,-5.3213544681796066e-11,2.220446049250313e-16,4.096994965507861e-10,-4.096994965507861e-10,-1.4953593918676233e-12,3.5648617391359494e-10,-3.5648617391359494e-10,-1.4954704141700859e-12,3.688594889209164e-08,1.924428270586978e-12,6.807260252760367e-11,6.614817431324749e-11,4.630589613232336e-09,4.987854573812456e-11,3.4861304626511004e-08,0.9999999999999999,14.328992703762552,0.0
teacher,5.0,0.000125,6000.0,8.0,3.6468322988295747,14.328992703762552,83.74629150902562,0.0001266517181572642,0.29257142857142854,True,True,True,True,True,True,True,0,23478,0,1.5909495942878493e-13,-1.5909495942878493e-13,4.440892098500626e-16,2.2438162439186726e-11,-2.2438162439186726e-11,-9.325873406851315e-14,2.2279289524362866e-11,-2.2279289524362866e-11,-9.336975637097567e-14,2.0201462777772696e-09,5.748749538756103e-15,4.139910774421621e-12,4.1341899713049315e-12,2.8071427951842857e-10,1.48991929904696e-13,0.0,0.9999999999999999,14.328992703762552,0.0
r6,5.0,0.000625,6000.0,8.0,3.6468322988295747,14.328992703762552,83.74629150902562,0.003166292953931606,7.314285714285714,True,True,True,True,True,True,False,0,23478,0,1.5909495942878493e-13,-1.5909495942878493e-13,4.440892098500626e-16,1.39309043190039e-08,-1.39309043190039e-08,-5.842282213563976e-11,1.3930745335066774e-08,-1.3930745335066774e-08,-5.842304418024469e-11,1.2542232271640087e-06,5.748749538756103e-15,2.5845182786555096e-09,2.5845125578523927e-09,1.7522275528801875e-07,1.4921397450962104e-13,1.2522030908817599e-06,0.9999999999999999,14.328992703762552,0.0
time_refined,5.0,0.0003125,6000.0,8.0,3.6468322988295747,14.328992703762552,83.74629150902562,0.0007915732384829015,1.8285714285714285,True,True,True,True,True,True,True,0,23478,0,1.5909495942878493e-13,-1.5909495942878493e-13,4.440892098500626e-16,8.705228760064188e-10,-8.705228760064188e-10,-3.65107943878229e-12,8.703641141138974e-10,-8.703641141138974e-10,-3.651301483387215e-12,7.837466871231327e-08,5.748749538756103e-15,1.6150426875219513e-10,1.6149854794907845e-10,1.0949400935784806e-08,1.48991929904696e-13,7.63545424255929e-08,0.9999999999999999,14.328992703762552,0.0
space_refined,2.5,0.000125,6000.0,8.0,3.6468322988295747,14.328992703762552,167.49258301805125,0.00012665171815726676,1.1702857142857142,True,True,True,True,True,True,True,0,23478,0,8.881784197001252e-16,-8.881784197001252e-16,4.440892098500626e-16,2.2280066680480104e-11,-2.2280066680480104e-11,-9.325873406851315e-14,2.2279289524362866e-11,-2.2279289524362866e-11,-9.336975637097567e-14,2.005912645261722e-09,1.0823083393571876e-16,4.1341884258530515e-12,4.1342028835838785e-12,2.8027996856545893e-10,9.992007221626409e-16,1.4253623572452056e-11,0.9999999999999999,14.328992703762552,4.0
coarse_125us,10.0,0.000125,6000.0,8.0,3.6468322988295747,14.328992703762552,41.87314575451281,0.00012665171815662258,0.07314285714285713,True,True,True,True,True,True,True,0,23478,0,4.058731128964155e-11,-4.058731128964155e-11,4.440892098500626e-16,6.286660081400441e-11,-6.286660081400441e-11,-9.35918009759007e-14,2.2279289524362866e-11,-2.2279289524362866e-11,-9.336975637097567e-14,5.659987976962146e-09,1.4676356058525832e-12,5.601824640993721e-12,4.134189183490835e-12,3.9163408405687164e-10,3.804445647404009e-11,3.639841699184876e-09,0.9999999999999999,14.328992703762552,0.0
coarse_250us,10.0,0.00025,6000.0,8.0,3.6468322988295747,14.328992703762552,41.87314575451281,0.0005066068726264903,0.29257142857142854,True,True,True,True,True,True,True,0,23478,0,4.058731128964155e-11,-4.058731128964155e-11,4.440892098500626e-16,3.970734852032365e-10,-3.970734852032365e-10,-1.4956924587750109e-12,3.5648617391359494e-10,-3.5648617391359494e-10,-1.4955814364725484e-12,3.574920741889592e-08,1.4676356058525832e-12,6.761581950645167e-11,6.614818404894879e-11,4.595932959584079e-09,3.804445647404009e-11,3.3729061141118654e-08,0.9999999999999999,14.328992703762552,0.0
teacher,5.0,0.000125,6750.0,8.0,3.6468322988295747,14.328992703762552,94.21457794765384,0.00012665171815726576,0.37028571428571433,True,True,True,True,True,True,True,0,23478,0,6.206146707654625e-14,-6.206146707654625e-14,4.440892098500626e-16,2.234123996913695e-11,-2.234123996913695e-11,-9.325873406851315e-14,2.227940054666533e-11,-2.227940054666533e-11,-9.336975637097567e-14,2.011420181438735e-09,2.253289531008267e-15,4.136408262960433e-12,4.134198606874796e-12,2.8044843239242847e-10,5.81756864903582e-14,0.0,0.9999999999999999,14.328992703762552,0.0
r6,5.0,0.000625,6750.0,8.0,3.6468322988295747,14.328992703762552,94.21457794765384,0.0031662929539316436,9.257142857142856,True,True,True,True,True,True,False,0,23478,0,6.206146707654625e-14,-6.206146707654625e-14,4.440892098500626e-16,1.3930807285511548e-08,-1.3930807285511548e-08,-5.842282213563976e-11,1.3930745446089077e-08,-1.3930745446089077e-08,-5.842293315794223e-11,1.2542144910721417e-06,2.253289531008267e-15,2.584514778085287e-09,2.5845125684292013e-09,1.752224895242327e-07,5.806466418789569e-14,1.2522030908817599e-06,0.9999999999999999,14.328992703762552,0.0
time_refined,5.0,0.0003125,6750.0,8.0,3.6468322988295747,14.328992703762552,94.21457794765384,0.0007915732384829109,2.314285714285714,True,True,True,True,True,True,True,0,23478,0,6.206146707654625e-14,-6.206146707654625e-14,4.440892098500626e-16,8.70425953536369e-10,-8.70425953536369e-10,-3.65107943878229e-12,8.703641141138974e-10,-8.703641141138974e-10,-3.651301483387215e-12,7.836594261597472e-08,2.253289531008267e-15,1.615007646028199e-10,1.6149855494673428e-10,1.0949134983846697e-08,5.806466418789569e-14,7.63545424255929e-08,0.9999999999999999,14.328992703762552,0.0
space_refined,2.5,0.000125,6750.0,8.0,3.6468322988295747,14.328992703762552,188.42915589530767,0.00012665171815726676,1.4811428571428573,True,True,True,True,True,True,True,0,23478,0,5.551115123125783e-16,-5.551115123125783e-16,4.440892098500626e-16,2.2279733613572716e-11,-2.2279733613572716e-11,-9.325873406851315e-14,2.2279289524362866e-11,-2.2279289524362866e-11,-9.336975637097567e-14,2.005882658676366e-09,1.0763178416494059e-16,4.134179583467815e-12,4.1342114330987614e-12,2.8027924288363993e-10,8.881784197001252e-16,5.537522762369324e-12,0.9999999999999999,14.328992703762552,0.0
coarse_125us,10.0,0.000125,6750.0,8.0,3.6468322988295747,14.328992703762552,47.10728897382692,0.0001266517181570155,0.09257142857142858,True,True,True,True,True,True,True,0,23478,0,1.5835777134043383e-11,-1.5835777134043383e-11,2.220446049250313e-16,3.811506665840625e-11,-3.811506665840625e-11,-9.325873406851315e-14,2.2279289524362866e-11,-2.2279289524362866e-11,-9.336975637097567e-14,3.4315648728320154e-09,5.723962566401897e-13,4.706590131625214e-12,4.13419465603222e-12,3.2371081685108357e-10,1.484401490614573e-11,1.4201446913932803e-09,0.9999999999999999,14.328992703762552,0.0
coarse_250us,10.0,0.00025,6750.0,8.0,3.6468322988295747,14.328992703762552,47.10728897382692,0.000506606872628062,0.37028571428571433,True,True,True,True,True,True,True,0,23478,0,1.5835777134043383e-11,-1.5835777134043383e-11,2.220446049250313e-16,3.7232161798073093e-10,-3.7232161798073093e-10,-1.4954704141700859e-12,3.564860628912925e-10,-3.564860628912925e-10,-1.4955814364725484e-12,3.352075432818044e-08,5.723962566401897e-13,6.672058874365617e-11,6.614819326806318e-11,4.528009956656191e-09,1.4843792861540805e-11,3.1509334146741703e-08,0.9999999999999999,14.328992703762552,0.0
teacher,5.0,0.000125,1500.0,15.0,6.837810560305453,26.866861319554786,11.166172201203416,0.0004452598609893528,0.018285714285714284,True,True,True,True,True,True,True,0,23478,0,1.4846501836807136e-06,-1.4846501836807136e-06,-1.7511547767412594e-12,1.4849255560722696e-06,-1.4849255560722696e-06,-2.9063418338637348e-12,2.753745009798081e-10,-2.753745009798081e-10,-1.1551870571224754e-12,0.0002506694935753336,5.4908632264891383e-08,5.4959729851031876e-08,5.109758614048828e-11,7.806447518653734e-06,1.3884622214188624e-06,0.0,1.0,26.866861319554786,0.0
r6,5.0,0.000625,1500.0,15.0,6.837810560305453,26.866861319554786,11.166172201203416,0.01113149652473382,0.45714285714285713,True,True,True,True,True,True,True,0,23478,0,1.4846501836807136e-06,-1.4846501836807136e-06,-1.7511547767412594e-12,1.6570319359976438e-06,-1.6570319359976438e-06,-7.238921684304955e-10,1.7238294980348456e-07,-1.7238294980348456e-07,-7.221407916091493e-10,0.0002797226800603791,5.4908632264891383e-08,8.687448404248291e-08,3.196585177759152e-08,1.1863629207344682e-05,1.3884610258196872e-06,2.9053388313506534e-05,1.0,26.866861319554786,0.0
time_refined,5.0,0.0003125,1500.0,15.0,6.837810560305453,26.866861319554786,11.166172201203416,0.002782874131183455,0.11428571428571428,True,True,True,True,True,True,True,0,23478,0,1.4846501836807136e-06,-1.4846501836807136e-06,-1.7511547767412594e-12,1.4954106587472538e-06,-1.4954106587472538e-06,-4.6881387660846485e-11,1.0760549895572069e-08,-1.0760549895572069e-08,-4.5130121861802763e-11,0.0002524394781828958,5.4908632264891383e-08,5.690503805820097e-08,1.996405793309584e-09,8.053733538770767e-06,1.3884621484772097e-06,1.7699969208038087e-06,1.0,26.866861319554786,0.0
space_refined,2.5,0.000125,1500.0,15.0,6.837810560305453,26.866861319554786,22.332344402406832,0.00044525994630289226,0.07314285714285713,True,True,True,True,True,True,True,0,23478,0,6.120847051427347e-09,-6.120847051427347e-09,-6.8833827526759706e-15,6.396221441384853e-09,-6.396221441384853e-09,-1.1621814621776139e-12,2.7537461200211055e-10,-2.7537461200211055e-10,-1.1551870571224754e-12,1.0797427406048354e-06,2.2229233787297045e-10,2.733899630971762e-10,5.109762522420574e-11,3.811022404227767e-08,5.7348379378652226e-09,0.0002495897508347288,1.0,26.866861319554786,0.0
coarse_125us,10.0,0.000125,1500.0,15.0,6.837810560305453,26.866861319554786,5.583086100601708,0.00044524025989712987,0.004571428571428571,True,True,True,True,True,True,True,0,23478,0,0.00030646564602643256,-0.00030646564602643256,-4.451806701055716e-10,0.0003064659209791598,-0.0003064659209791598,-4.4633596818499655e-10,2.753439698466309e-10,-2.753439698466309e-10,-1.1550760348200129e-12,0.05173434917043435,1.2198241654948875e-05,1.2198292743451893e-05,5.108850301906427e-11,0.00172451980664052,0.0002843583718147302,0.05148367967685902,1.0,26.866861319554786,0.0
coarse_250us,10.0,0.00025,1500.0,15.0,6.837810560305453,26.866861319554786,5.583086100601708,0.0017809610395885195,0.018285714285714284,True,True,True,True,True,True,True,0,23478,0,0.00030646564602643256,-0.00030646564602643256,-4.451806701055716e-10,0.00030647004614337003,-0.00030647004614337003,-4.63665772443278e-10,4.406379150445616e-09,-4.406379150445616e-09,-1.848499131540393e-11,0.051735045537211304,1.2198241654948875e-05,1.2199059165732333e-05,8.175107834566532e-10,0.0017246172299497395,0.00028435836594375985,0.05148437604363597,1.0,26.866861319554786,0.0
teacher,5.0,0.000125,1600.0,15.0,6.837810560305453,26.866861319554786,11.910583681283644,0.00044525989531016296,0.020805079365079363,True,True,True,True,True,True,True,0,23478,0,8.936672272197299e-07,-8.936672272197299e-07,-1.0452749776845849e-12,8.939426003884421e-07,-8.939426003884421e-07,-2.2005730571095228e-12,2.7537461200211055e-10,-2.7537461200211055e-10,-1.1551870571224754e-12,0.0001509059750560867,3.295444256010011e-08,3.300554015503347e-08,5.1097594933353306e-11,4.688680706221901e-06,8.360194634349227e-07,0.0,1.0,26.866861319554786,0.0
r6,5.0,0.000625,1600.0,15.0,6.837810560305453,26.866861319554786,11.910583681283644,0.011131497382754074,0.5201269841269841,True,True,True,True,True,True,True,0,23478,0,8.936672272197299e-07,-8.936672272197299e-07,-1.0452749776845849e-12,1.0660494890180061e-06,-1.0660494890180061e-06,-7.231861776091364e-10,1.72382982999153e-07,-1.72382982999153e-07,-7.221407916091493e-10,0.000179959247415216,3.295444256010011e-08,6.492030477857301e-08,3.196586221847289e-08,8.745863962386284e-06,8.360187434552913e-07,2.9053393898508057e-05,1.0,26.866861319554786,0.0
time_refined,5.0,0.0003125,1600.0,15.0,6.837810560305453,26.866861319554786,11.910583681283644,0.0027828743456885185,0.13003174603174603,True,True,True,True,True,True,True,0,23478,0,8.936672272197299e-07,-8.936672272197299e-07,-1.0452749776845849e-12,9.044277340386486e-07,-9.044277340386486e-07,-4.617561888409227e-11,1.0760552116018118e-08,-1.0760552116018118e-08,-4.5130121861802763e-11,0.00015267596489255972,3.295444256010011e-08,3.4950849007286814e-08,1.996406447186694e-09,4.935966822801684e-06,8.360194193590686e-07,1.7699972768945098e-06,1.0,26.866861319554786,0.0
space_refined,2.5,0.000125,1600.0,15.0,6.837810560305453,26.866861319554786,23.821167362567287,0.0004452599464412959,0.08322031746031745,True,True,True,True,True,True,True,0,23478,0,3.6603924336020555e-09,-3.6603924336020555e-09,-3.885780586188048e-15,3.935766823559561e-09,-3.935766823559561e-09,-1.159183860011126e-12,2.75374723024413e-10,-2.75374723024413e-10,-1.1551870571224754e-12,6.643947048105481e-07,1.3283799484987653e-10,1.8393561300264998e-10,5.1097618152773427e-11,2.5388762964596095e-08,3.429802331034182e-09,0.00015024158035127616,1.0,26.866861319554786,0.0
coarse_125us,10.0,0.000125,1600.0,15.0,6.837810560305453,26.866861319554786,5.955291840641822,0.0004452479929804307,0.005201269841269841,True,True,True,True,True,True,True,0,23478,0,0.00018932641369906467,-0.00018932641369906467,-2.6594804136692574e-10,0.0001893266888129963,-0.0001893266888129963,-2.671032284240482e-10,2.753560712775993e-10,-2.753560712775993e-10,-1.1551870571224754e-12,0.03196013767220719,7.446502183207297e-06,7.446553275243294e-06,5.109203599669767e-11,0.0010535679728606443,0.00017590307891968138,0.03180923169715111,1.0,26.866861319554786,0.0
coarse_250us,10.0,0.00025,1600.0,15.0,6.837810560305453,26.866861319554786,5.955291840641822,0.0017809919719217228,0.020805079365079363,True,True,True,True,True,True,True,0,23478,0,0.00018932641369906467,-0.00018932641369906467,-2.6594804136692574e-10,0.00018933081639482818,-0.00018933081639482818,-2.844332547269346e-10,4.406570552895062e-09,-4.406570552895062e-09,-1.848499131540393e-11,0.03196083444710157,7.446502183207297e-06,7.447319750622903e-06,8.175674156051025e-10,0.0010536654041233087,0.00017590307528703164,0.03180992847204549,1.0,26.866861319554786,0.0
teacher,5.0,0.000125,1800.0,15.0,6.837810560305453,26.866861319554786,13.399406641444099,0.0004452599265053434,0.02633142857142857,True,True,True,True,True,True,True,0,23478,0,3.529529314372226e-07,-3.529529314372226e-07,-4.0756287233989497e-13,3.532283056051355e-07,-3.532283056051355e-07,-1.5628609517648329e-12,2.7537461200211055e-10,-2.7537461200211055e-10,-1.1550760348200129e-12,5.962828245526079e-05,1.2957143775353748e-08,1.300824143307815e-08,5.1097657724400314e-11,1.8479910789698559e-06,3.303354715322726e-07,0.0,1.0,26.866861319554786,0.0
r6,5.0,0.000625,1800.0,15.0,6.837810560305453,26.866861319554786,13.399406641444099,0.011131498162633586,0.6582857142857143,True,True,True,True,True,True,True,0,23478,0,3.529529314372226e-07,-3.529529314372226e-07,-4.0756287233989497e-13,5.253356597512138e-07,-5.253356597512138e-07,-7.225483544814892e-10,1.7238301319721927e-07,-1.7238301319721927e-07,-7.221406805868469e-10,8.868163339798532e-05,1.2957143775353748e-08,4.4923015512230336e-08,3.196587173687658e-08,5.905175758913674e-06,3.303351869821114e-07,2.905339897748595e-05,1.0,26.866861319554786,0.0
time_refined,5.0,0.0003125,1800.0,15.0,6.837810560305453,26.866861319554786,13.399406641444099,0.0027828745406583964,0.16457142857142856,True,True,True,True,True,True,True,0,23478,0,3.529529314372226e-07,-3.529529314372226e-07,-4.0756287233989497e-13,3.637134675660292e-07,-3.637134675660292e-07,-4.553779575644512e-11,1.0760553892374958e-08,-1.0760553892374958e-08,-4.5130121861802763e-11,6.139827707084585e-05,1.2957143775353748e-08,1.495355081780393e-08,1.996407042450182e-09,2.095277277910162e-06,3.303354541017711e-07,1.7699975767603625e-06,1.0,26.866861319554786,0.0
space_refined,2.5,0.000125,1800.0,15.0,6.837810560305453,26.866861319554786,26.798813282888197,0.00044525994656647585,0.10532571428571429,True,True,True,True,True,True,True,0,23478,0,1.4313584761893594e-09,-1.4313584761893594e-09,-1.4432899320127035e-15,1.70673308819147e-09,-1.70673308819147e-09,-1.1568523916594131e-12,2.75374723024413e-10,-2.75374723024413e-10,-1.1551870571224754e-12,2.8811270513577125e-07,5.188696777385903e-11,1.029846361389775e-10,5.1097668365118474e-11,1.3875749484461803e-08,1.3413379296167705e-09,5.934016975012502e-05,1.0,26.866861319554786,0.0
coarse_125us,10.0,0.000125,1800.0,15.0,6.837810560305453,26.866861319554786,6.699703320722049,0.00044525516259802405,0.006582857142857143,True,True,True,True,True,True,True,0,23478,0,7.779657611306501e-05,-7.779657611306501e-05,-1.0383005566438896e-10,7.779685138054049e-05,-7.779685138054049e-05,-1.0498546476611637e-10,2.7536717350784556e-10,-2.7536717350784556e-10,-1.1550760348200129e-12,0.01313284511642311,3.004928502817563e-06,3.0049795982238326e-06,5.109540626964018e-11,0.00042565933329012954,7.242436422638665e-05,0.013073216833967848,1.0,26.866861319554786,0.0
coarse_250us,10.0,0.00025,1800.0,15.0,6.837810560305453,26.866861319554786,6.699703320722049,0.0017810206503920962,0.02633142857142857,True,True,True,True,True,True,True,0,23478,0,7.779657611306501e-05,-7.779657611306501e-05,-1.0383005566438896e-10,7.780098126519697e-05,-7.780098126519697e-05,-1.2231526902439782e-10,4.406747855512094e-09,-4.406747855512094e-09,-1.848499131540393e-11,0.013133542280056082,3.004928502817563e-06,3.0057461234422003e-06,8.176206246372479e-10,0.00042575677202338853,7.242436273036112e-05,0.013073913997600821,1.0,26.866861319554786,0.0
teacher,5.0,0.000125,3000.0,15.0,6.837810560305453,26.866861319554786,22.332344402406832,0.00044525994630289226,0.07314285714285713,True,True,True,True,True,True,True,0,23478,0,6.120847051427347e-09,-6.120847051427347e-09,-6.8833827526759706e-15,6.396221441384853e-09,-6.396221441384853e-09,-1.1621814621776139e-12,2.7537461200211055e-10,-2.7537461200211055e-10,-1.1551870571224754e-12,1.0797427406048354e-06,2.2229233787297045e-10,2.733899630971762e-10,5.109762522420574e-11,3.811022404227767e-08,5.7348379378652226e-09,0.0,1.0,26.866861319554786,0.0
r6,5.0,0.000625,3000.0,15.0,6.837810560305453,26.866861319554786,22.332344402406832,0.011131498657572306,1.8285714285714285,True,True,True,True,True,True,True,0,23478,0,6.120847051427347e-09,-6.120847051427347e-09,-6.8833827526759706e-15,1.7850387434847903e-07,-1.7850387434847903e-07,-7.221477860142045e-10,1.723830324040776e-07,-1.723830324040776e-07,-7.221407916091493e-10,3.0133144117017613e-05,2.2229233787297045e-10,3.218817014038592e-08,3.196587780251294e-08,4.095295819193555e-06,5.734833052883914e-09,2.905340221978549e-05,1.0,26.866861319554786,0.0
time_refined,5.0,0.0003125,3000.0,15.0,6.837810560305453,26.866861319554786,22.332344402406832,0.0027828746643930764,0.45714285714285713,True,True,True,True,True,True,True,0,23478,0,6.120847051427347e-09,-6.120847051427347e-09,-6.8833827526759706e-15,1.6881401720958422e-08,-1.6881401720958422e-08,-4.51371162668579e-11,1.0760555113620285e-08,-1.0760555113620285e-08,-4.5130121861802763e-11,2.849740448556509e-06,2.2229233787297045e-10,2.2186997518047544e-09,1.9964074139317842e-09,2.853964820932683e-07,5.734837715820618e-09,1.7699977829181367e-06,1.0,26.866861319554786,0.0
space_refined,2.5,0.000125,3000.0,15.0,6.837810560305453,26.866861319554786,44.664688804813665,0.00044525994664528895,0.29257142857142854,True,True,True,True,True,True,True,0,23478,0,2.4234836359937617e-11,-2.4234836359937617e-11,2.220446049250313e-16,2.996091152951408e-10,-2.996091152951408e-10,-1.1552980794249379e-12,2.75374723024413e-10,-2.75374723024413e-10,-1.1552980794249379e-12,5.0576855448726285e-08,8.761165599458965e-13,5.1973747150250573e-11,5.109763101926092e-11,6.6200360033631515e-09,2.271638432915779e-11,1.029165885156109e-06,1.0,26.866861319554786,0.0
coarse_125us,10.0,0.000125,3000.0,15.0,6.837810560305453,26.866861319554786,11.166172201203416,0.0004452598609893528,0.018285714285714284,True,True,True,True,True,True,True,0,23478,0,1.4846501836807136e-06,-1.4846501836807136e-06,-1.7511547767412594e-12,1.4849255560722696e-06,-1.4849255560722696e-06,-2.9063418338637348e-12,2.753745009798081e-10,-2.753745009798081e-10,-1.1551870571224754e-12,0.0002506694935753336,5.4908632264891383e-08,5.4959729851031876e-08,5.109758614048828e-11,7.806447518653734e-06,1.3884622214188624e-06,0.0002495897508347288,1.0,26.866861319554786,0.0
coarse_250us,10.0,0.00025,3000.0,15.0,6.837810560305453,26.866861319554786,11.166172201203416,0.0017810394439574113,0.07314285714285713,True,True,True,True,True,True,True,0,23478,0,1.4846501836807136e-06,-1.4846501836807136e-06,-1.7511547767412594e-12,1.4890570172454431e-06,-1.4890570172454431e-06,-2.0236257114447653e-11,4.406864206885075e-09,-4.406864206885075e-09,-1.848488029310147e-11,0.00025136692333925043,5.4908632264891383e-08,5.5726288390352306e-08,8.176561254609256e-10,7.903891252314177e-06,1.388462192664086e-06,0.0002502871805986456,1.0,26.866861319554786,0.0
teacher,5.0,0.000125,4500.0,15.0,6.837810560305453,26.866861319554786,33.49851660361025,0.0004452599466331612,0.16457142857142856,True,True,True,True,True,True,True,0,23478,0,2.4122437380924566e-10,-2.4122437380924566e-10,0.0,5.165987637667513e-10,-5.165987637667513e-10,-1.1554091017274004e-12,2.75374723024413e-10,-2.75374723024413e-10,-1.1550760348200129e-12,8.720676263231645e-08,8.73119120263684e-12,5.982882806182589e-11,5.1097636859189053e-11,7.737434831787232e-09,2.2608748206920382e-10,0.0,1.0,26.866861319554786,0.0
r6,5.0,0.000625,4500.0,15.0,6.837810560305453,26.866861319554786,33.49851660361025,0.01113149866582903,4.114285714285715,True,True,True,True,True,True,True,0,23478,0,2.4122437380924566e-10,-2.4122437380924566e-10,0.0,1.7262425688890914e-07,-1.7262425688890914e-07,-7.221411246760567e-10,1.723830327371445e-07,-1.723830327371445e-07,-7.221407916091493e-10,2.914060901990104e-05,8.73119120263684e-12,3.197460910390165e-08,3.196587791269901e-08,4.0649230449406165e-06,2.260872600245989e-10,2.9053402294751956e-05,1.0,26.866861319554786,0.0
time_refined,5.0,0.0003125,4500.0,15.0,6.837810560305453,26.866861319554786,33.49851660361025,0.0027828746664572573,1.0285714285714287,True,True,True,True,True,True,True,0,23478,0,2.4122437380924566e-10,-2.4122437380924566e-10,0.0,1.100177948742953e-08,-1.100177948742953e-08,-4.513045492871015e-11,1.0760555224642587e-08,-1.0760555224642587e-08,-4.51300108395003e-11,1.8572045455504533e-06,8.73119120263684e-12,2.00513862058533e-09,1.9964074293826934e-09,2.5502369359813016e-07,2.2608748206920382e-10,1.769997782918137e-06,1.0,26.866861319554786,0.0
space_refined,2.5,0.000125,4500.0,15.0,6.837810560305453,26.866861319554786,66.9970332072205,0.0004452599466465882,0.6582857142857143,True,True,True,True,True,True,True,0,23478,0,9.481304630298837e-13,-9.481304630298837e-13,4.440892098500626e-16,2.763225204205355e-10,-2.763225204205355e-10,-1.1550760348200129e-12,2.7537461200211055e-10,-2.7537461200211055e-10,-1.1550760348200129e-12,4.6645857749588315e-08,3.42286217692071e-14,5.113186149814402e-11,5.1097643675737064e-11,6.500265722939658e-09,8.888445535149003e-13,4.056090488272814e-08,1.0,26.866861319554786,0.0
coarse_125us,10.0,0.000125,4500.0,15.0,6.837810560305453,26.866861319554786,16.749258301805124,0.00044525994323696546,0.04114285714285714,True,True,True,True,True,True,True,0,23478,0,6.029012977748494e-08,-6.029012977748494e-08,-6.827871601444713e-14,6.056550427846474e-08,-6.056550427846474e-08,-1.223576795439385e-12,2.75374723024413e-10,-2.75374723024413e-10,-1.1550760348200129e-12,1.0224030574148574e-05,2.199910522153513e-09,2.251008156560812e-09,5.1097634407298875e-11,3.192747369628005e-07,5.646127043679172e-08,1.0136823811516257e-05,1.0,26.866861319554786,0.0
coarse_250us,10.0,0.00025,4500.0,15.0,6.837810560305453,26.866861319554786,16.749258301805124,0.0017810397729478619,0.16457142857142856,True,True,True,True,True,True,True,0,23478,0,6.029012977748494e-08,-6.029012977748494e-08,-6.827871601444713e-14,6.469699465050383e-08,-6.469699465050383e-08,-1.8553492076023304e-11,4.406866316308822e-09,-4.406866316308822e-09,-1.848499131540393e-11,1.0921465267110381e-05,2.199910522153513e-09,3.0175672944848944e-09,8.17656772331381e-10,4.167185607817596e-07,5.646126910452409e-08,1.0834258504478064e-05,1.0,26.866861319554786,0.0
teacher,5.0,0.000125,5800.0,15.0,6.837810560305453,26.866861319554786,43.17586584465321,0.000445259946644868,0.27339174603174604,True,True,True,True,True,True,True,0,23478,0,3.177458296477198e-11,-3.177458296477198e-11,2.220446049250313e-16,3.0714919496688253e-10,-3.0714919496688253e-10,-1.1552980794249379e-12,2.75374723024413e-10,-2.75374723024413e-10,-1.1552980794249379e-12,5.18496922890003e-08,1.1488402043652794e-12,5.224647181715875e-11,5.1097631913789414e-11,6.658833768225424e-09,2.978373103701415e-11,0.0,1.0,26.866861319554786,0.0
r6,5.0,0.000625,5800.0,15.0,6.837810560305453,26.866861319554786,43.17586584465321,0.0111314986661217,6.83479365079365,True,True,True,True,True,True,False,0,23478,0,3.177458296477198e-11,-3.177458296477198e-11,2.220446049250313e-16,1.7241480732010928e-07,-1.7241480732010928e-07,-7.221410136537543e-10,1.723830328481668e-07,-1.723830328481668e-07,-7.221410136537543e-10,2.9105251949557724e-05,1.1488402043652794e-12,3.196702676127118e-08,3.196587792136781e-08,4.0638444454064176e-06,2.978362001471169e-11,2.9053402294751956e-05,1.0,26.866861319554786,0.0
time_refined,5.0,0.0003125,5800.0,15.0,6.837810560305453,26.866861319554786,43.17586584465321,0.002782874666530425,1.7086984126984126,True,True,True,True,True,True,True,0,23478,0,3.177458296477198e-11,-3.177458296477198e-11,2.220446049250313e-16,1.0792329696585057e-08,-1.0792329696585057e-08,-4.513034390640769e-11,1.0760555224642587e-08,-1.0760555224642587e-08,-4.5130232884105226e-11,1.8218474377239054e-06,1.1488402043652794e-12,1.997556270940519e-09,1.9964074310371493e-09,2.5394509327648586e-07,2.978384205931661e-11,1.7699978016597529e-06,1.0,26.866861319554786,0.0
space_refined,2.5,0.000125,5800.0,15.0,6.837810560305453,26.866861319554786,86.35173168930642,0.00044525994664663395,1.0935669841269842,True,True,True,True,True,True,True,0,23478,0,1.2456702336294256e-13,-1.2456702336294256e-13,4.440892098500626e-16,2.7549906800317103e-10,-2.7549906800317103e-10,-1.1550760348200129e-12,2.7537461200211055e-10,-2.7537461200211055e-10,-1.1552980794249379e-12,4.650685118484838e-08,4.50045802712309e-15,5.1102109958832836e-11,5.1097642379103537e-11,6.4960334116031964e-09,1.1690648449302898e-13,5.3428411041519215e-09,1.0,26.866861319554786,0.0
coarse_125us,10.0,0.000125,5800.0,15.0,6.837810560305453,26.866861319554786,21.587932922326605,0.0004452599461960803,0.06834793650793651,True,True,True,True,True,True,True,0,23478,0,8.017695729556351e-09,-8.017695729556351e-09,-8.770761894538737e-15,8.29307023053616e-09,-8.29307023053616e-09,-1.1641798636219391e-12,2.75374723024413e-10,-2.75374723024413e-10,-1.1551870571224754e-12,1.3999487761337984e-06,2.9130435203952253e-10,3.4240198159001614e-10,5.1097629550493614e-11,4.792409495604341e-08,7.511743449484243e-09,1.348099083844798e-06,1.0,26.866861319554786,0.0
coarse_250us,10.0,0.00025,5800.0,15.0,6.837810560305453,26.866861319554786,21.587932922326605,0.0017810397847843212,0.27339174603174604,True,True,True,True,True,True,True,0,23478,0,8.017695729556351e-09,-8.017695729556351e-09,-8.770761894538737e-15,1.2424561823820568e-08,-1.2424561823820568e-08,-1.8494095144205858e-11,4.406866427331124e-09,-4.406866427331124e-09,-1.848499131540393e-11,2.0973836752533795e-06,2.9130435203952253e-10,1.1089611448505118e-09,8.176567928109893e-10,1.4536792231872449e-07,7.511743227439638e-09,2.045533982964379e-06,1.0,26.866861319554786,0.0
teacher,5.0,0.000125,6000.0,15.0,6.837810560305453,26.866861319554786,44.664688804813665,0.00044525994664528895,0.29257142857142854,True,True,True,True,True,True,True,0,23478,0,2.4234836359937617e-11,-2.4234836359937617e-11,2.220446049250313e-16,2.996091152951408e-10,-2.996091152951408e-10,-1.1552980794249379e-12,2.75374723024413e-10,-2.75374723024413e-10,-1.1552980794249379e-12,5.0576855448726285e-08,8.761165599458965e-13,5.1973747150250573e-11,5.109763101926092e-11,6.6200360033631515e-09,2.271638432915779e-11,0.0,1.0,26.866861319554786,0.0
r6,5.0,0.000625,6000.0,15.0,6.837810560305453,26.866861319554786,44.664688804813665,0.011131498666132224,7.314285714285714,True,True,True,True,True,True,False,0,23478,0,2.4234836359937617e-11,-2.4234836359937617e-11,2.220446049250313e-16,1.7240726724043753e-07,-1.7240726724043753e-07,-7.221409026314518e-10,1.723830327371445e-07,-1.723830327371445e-07,-7.221409026314518e-10,2.910397911271745e-05,8.761165599458965e-13,3.196675402527179e-08,3.1965877909140805e-08,4.063805646495744e-06,2.2716495351460253e-11,2.905340231349357e-05,1.0,26.866861319554786,0.0
time_refined,5.0,0.0003125,6000.0,15.0,6.837810560305453,26.866861319554786,44.664688804813665,0.002782874666533056,1.8285714285714285,True,True,True,True,True,True,True,0,23478,0,2.4234836359937617e-11,-2.4234836359937617e-11,2.220446049250313e-16,1.0784789727935618e-08,-1.0784789727935618e-08,-4.5130121861802763e-11,1.0760555113620285e-08,-1.0760555113620285e-08,-4.5130232884105226e-11,1.8205746196252472e-06,8.761165599458965e-13,1.9972835371725792e-09,1.9964074210415898e-09,2.5390629458449835e-07,2.2716606373762716e-11,1.7699978016597527e-06,1.0,26.866861319554786,0.0
space_refined,2.5,0.000125,6000.0,15.0,6.837810560305453,26.866861319554786,89.32937760962733,0.0004452599466466356,1.1702857142857142,True,True,True,True,True,True,True,0,23478,0,9.492406860545088e-14,-9.492406860545088e-14,4.440892098500626e-16,2.754693140261111e-10,-2.754693140261111e-10,-1.1550760348200129e-12,2.7537461200211055e-10,-2.7537461200211055e-10,-1.1552980794249379e-12,4.650182843180129e-08,3.4379128758406052e-15,5.110104256875276e-11,5.109764236788549e-11,6.495881472515525e-09,8.892886427247504e-14,4.075027016924996e-09,1.0,26.866861319554786,0.0
coarse_125us,10.0,0.000125,6000.0,15.0,6.837810560305453,26.866861319554786,22.332344402406832,0.00044525994630289226,0.07314285714285713,True,True,True,True,True,True,True,0,23478,0,6.120847051427347e-09,-6.120847051427347e-09,-6.8833827526759706e-15,6.396221441384853e-09,-6.396221441384853e-09,-1.1621814621776139e-12,2.7537461200211055e-10,-2.7537461200211055e-10,-1.1551870571224754e-12,1.0797427406048354e-06,2.2229233787297045e-10,2.733899630971762e-10,5.109762522420574e-11,3.811022404227767e-08,5.7348379378652226e-09,1.029165885156109e-06,1.0,26.866861319554786,0.0
coarse_250us,10.0,0.00025,6000.0,15.0,6.837810560305453,26.866861319554786,22.332344402406832,0.001781039785211569,0.29257142857142854,True,True,True,True,True,True,True,0,23478,0,6.120847051427347e-09,-6.120847051427347e-09,-6.8833827526759706e-15,1.0527713145691564e-08,-1.0527713145691564e-08,-1.8492096742761532e-11,4.406866538353427e-09,-4.406866538353427e-09,-1.8485102337706394e-11,1.777177658466032e-06,2.2229233787297045e-10,1.0399491271611035e-09,8.176567892881331e-10,1.3555405155048938e-07,5.734838048887525e-09,1.7266008030173057e-06,1.0,26.866861319554786,0.0
teacher,5.0,0.000125,6750.0,15.0,6.837810560305453,26.866861319554786,50.24777490541537,0.0004452599466461138,0.37028571428571433,True,True,True,True,True,True,True,0,23478,0,9.454215188497983e-12,-9.454215188497983e-12,4.440892098500626e-16,2.8482871616830607e-10,-2.8482871616830607e-10,-1.1549650125175503e-12,2.753748340467155e-10,-2.753748340467155e-10,-1.1551870571224754e-12,4.8081784130966134e-08,3.41670282795713e-13,5.143930062324717e-11,5.109763217259112e-11,6.544004227165591e-09,8.862355294070312e-12,0.0,1.0,26.866861319554786,0.0
r6,5.0,0.000625,6750.0,15.0,6.837810560305453,26.866861319554786,50.24777490541537,0.011131498666152845,9.257142857142856,True,True,True,True,True,True,False,0,23478,0,9.454215188497983e-12,-9.454215188497983e-12,4.440892098500626e-16,1.723924868413107e-07,-1.723924868413107e-07,-7.221405695645444e-10,1.723830328481668e-07,-1.723830328481668e-07,-7.221409026314518e-10,2.910148404139969e-05,3.41670282795713e-13,3.1966219577876605e-08,3.196587790942595e-08,4.063729614636359e-06,8.86224427176785e-12,2.9053402313493573e-05,1.0,26.866861319554786,0.0
time_refined,5.0,0.0003125,6750.0,15.0,6.837810560305453,26.866861319554786,50.24777490541537,0.002782874666538211,2.314285714285714,True,True,True,True,True,True,True,0,23478,0,9.454215188497983e-12,-9.454215188497983e-12,4.440892098500626e-16,1.0770009328808783e-08,-1.0770009328808783e-08,-4.512989981719784e-11,1.0760555224642587e-08,-1.0760555224642587e-08,-4.5130121861802763e-11,1.818079548307487e-06,3.41670282795713e-13,1.996749088332251e-09,1.9964074198815947e-09,2.538302625087636e-07,8.862355294070312e-12,1.7699978016597527e-06,1.0,26.866861319554786,0.0
space_refined,2.5,0.000125,6750.0,15.0,6.837810560305453,26.866861319554786,100.49554981083074,0.00044525994664663883,1.4811428571428573,True,True,True,True,True,True,True,0,23478,0,3.7192471324942744e-14,-3.7192471324942744e-14,4.440892098500626e-16,2.7541158242883057e-10,-2.7541158242883057e-10,-1.1547429679126253e-12,2.75374723024413e-10,-2.75374723024413e-10,-1.1551870571224754e-12,4.649208279156066e-08,1.3606123900140628e-15,5.1098955132783175e-11,5.109764289577537e-11,6.4955842765245395e-09,3.4861002973229915e-14,1.589701339405477e-09,1.0,26.866861319554786,0.0
coarse_125us,10.0,0.000125,6750.0,15.0,6.837810560305453,26.866861319554786,25.123887452707685,0.00044525994651241357,0.09257142857142858,True,True,True,True,True,True,True,0,23478,0,2.394588416443355e-09,-2.394588416443355e-09,-2.4424906541753444e-15,2.669963139467768e-09,-2.669963139467768e-09,-1.1577405700791132e-12,2.753748340467155e-10,-2.753748340467155e-10,-1.1551870571224754e-12,4.507150579356183e-07,8.685446228138737e-11,1.3795208978721537e-10,5.109762750582799e-11,1.8849020569351015e-08,2.243859542616633e-09,4.026332738046522e-07,1.0,26.866861319554786,0.0
coarse_250us,10.0,0.00025,6750.0,15.0,6.837810560305453,26.866861319554786,25.123887452707685,0.0017810397860496543,0.37028571428571433,True,True,True,True,True,True,True,0,23478,0,2.394588416443355e-09,-2.394588416443355e-09,-2.4424906541753444e-15,6.801454732752177e-09,-6.801454732752177e-09,-1.8487655850663032e-11,4.406866538353427e-09,-4.406866538353427e-09,-1.848499131540393e-11,1.1481499570551991e-06,8.685446228138737e-11,9.045112557610005e-10,8.17656793479613e-10,1.1629284825028149e-07,2.243859320572028e-09,1.100068172924233e-06,1.0,26.866861319554786,0.0
teacher,5.0,0.000125,1500.0,25.0,11.39635093384242,44.77810219925797,6.699703320722051,0.0012368198961056225,0.018285714285714284,True,True,True,True,True,True,True,0,23478,0,7.779657611306501e-05,-7.779657611306501e-05,-1.0383005566438896e-10,7.77987003389713e-05,-7.77987003389713e-05,-1.127444804183142e-10,2.124995512886585e-09,-2.124995512886585e-09,-8.914202709320307e-12,0.021888595396854515,3.004928502817432e-06,3.0053227841201337e-06,3.942813027014823e-10,0.000709504930120296,7.242436355647808e-05,0.0,1.0,44.77810219925797,0.0
r6,5.0,0.000625,1500.0,25.0,11.39635093384242,44.77810219925797,6.699703320722051,0.03092049740264056,0.45714285714285713,True,True,True,True,True,True,True,0,23478,0,7.779657611306501e-05,-7.779657611306501e-05,-1.0383005566438896e-10,7.913010205062854e-05,-7.913010205062854e-05,-5.676967562706636e-09,1.3340098354852614e-06,-1.3340098354852614e-06,-5.57313717397534e-09,0.02226318408857006,3.004928502817432e-06,3.25199602160523e-06,2.4706751878779755e-07,0.0007617749214861563,7.242388042816295e-05,0.000374724619438869,1.0,44.77810219925797,0.0
time_refined,5.0,0.0003125,1500.0,25.0,11.39635093384242,44.77810219925797,6.699703320722051,0.00773012435066014,0.11428571428571428,True,True,True,True,True,True,True,0,23478,0,7.779657611306501e-05,-7.779657611306501e-05,-1.0383005566438896e-10,7.787963393213193e-05,-7.787963393213193e-05,-4.5207326770935197e-10,8.308791688005357e-08,-8.308791688005357e-08,-3.482428789780556e-10,0.021911365991568673,3.004928502817432e-06,3.020338871899431e-06,1.5410369081998853e-08,0.0007126863908052811,7.242433422827155e-05,2.2778846179073633e-05,1.0,44.77810219925797,0.0
space_refined,2.5,0.000125,1500.0,25.0,11.39635093384242,44.77810219925797,13.399406641444102,0.0012368331291815096,0.07314285714285713,True,True,True,True,True,True,True,0,23478,0,3.529529314372226e-07,-3.529529314372226e-07,-4.0756287233989497e-13,3.550779802408144e-07,-3.550779802408144e-07,-9.321876603962664e-12,2.1250525783500507e-09,-2.1250525783500507e-09,-8.914202709320307e-12,9.990087507837482e-05,1.29571437756867e-08,1.3351442460141492e-08,3.942986844547918e-10,3.152696886259258e-06,3.3033546820160353e-07,0.02178869452177614,1.0,44.77810219925797,0.0
coarse_125us,10.0,0.000125,1500.0,25.0,11.39635093384242,44.77810219925797,3.3498516603610256,0.0012343100477986342,0.004571428571428571,True,True,True,True,True,True,True,0,23478,0,0.0110461108516684,-0.0110461108516684,-2.6069343683765567e-08,0.011046112861909485,-0.011046112861909485,-2.6078258219541794e-08,2.1142305683952145e-09,-2.1142305683952145e-09,-8.914091687017844e-12,3.107814064873419,0.0005236114218874569,0.0005236118133008714,3.914134143877877e-10,0.12196004333064543,0.010025590974149123,3.0859254694765643,1.0,44.77810219925797,0.0
coarse_250us,10.0,0.00025,1500.0,25.0,11.39635093384242,44.77810219925797,3.3498516603610256,0.004937240191194537,0.018285714285714284,True,True,True,True,True,True,True,0,23478,0,0.0110461108516684,-0.0110461108516684,-2.6069343683765567e-08,0.011046143032904965,-0.011046143032904965,-2.62119803640104e-08,3.3846341285226345e-08,-3.3846341285226345e-08,-1.426361251333219e-10,3.1078225534562605,0.0005236114218874569,0.0005236176865228828,6.264635425816406e-09,0.12196128611556781,0.010025589413033886,3.085933958059406,1.0,44.77810219925797,0.0
teacher,5.0,0.000125,1600.0,25.0,11.39635093384242,44.77810219925797,7.146350208770188,0.0012368251588574788,0.020805079365079363,True,True,True,True,True,True,True,0,23478,0,4.755677268053482e-05,-4.755677268053482e-05,-6.200606694761746e-11,4.7558897227961694e-05,-4.7558897227961694e-05,-7.092060272384515e-11,2.1250182724585898e-09,-2.1250182724585898e-09,-8.914202709320307e-12,0.013380653589427353,1.8218239651171668e-06,1.8222182532638102e-06,3.942881466431777e-10,0.00043042201415099534,4.431208036403955e-05,0.0,1.0,44.77810219925797,0.0
r6,5.0,0.000625,1600.0,25.0,11.39635093384242,44.77810219925797,7.146350208770188,0.03092062897143697,0.5201269841269841,True,True,True,True,True,True,True,0,23478,0,4.755677268053482e-05,-4.755677268053482e-05,-6.200606694761746e-11,4.889050064593725e-05,-4.889050064593725e-05,-5.635143685012167e-09,1.3340240524462033e-06,-1.3340240524462033e-06,-5.57313717397534e-09,0.013755299031036809,1.8218239651171668e-06,2.0688957897381122e-06,2.4707182462094524e-07,0.00048269308034685273,4.4311784747841365e-05,0.00037472861296484593,1.0,44.77810219925797,0.0
time_refined,5.0,0.0003125,1600.0,25.0,11.39635093384242,44.77810219925797,7.146350208770188,0.007730157242859243,0.13003174603174603,True,True,True,True,True,True,True,0,23478,0,4.755677268053482e-05,-4.755677268053482e-05,-6.200606694761746e-11,4.763984306532798e-05,-4.763984306532798e-05,-4.1024927899258046e-10,8.308880106167038e-08,-8.308880106167038e-08,-3.482429900003581e-10,0.01340342762903792,1.8218239651171668e-06,1.837234602274864e-06,1.5410637157697264e-08,0.00043360354014362694,4.431206241861663e-05,2.2779088539402487e-05,1.0,44.77810219925797,0.0
space_refined,2.5,0.000125,1600.0,25.0,11.39635093384242,44.77810219925797,14.292700417540376,0.0012368331516431268,0.08322031746031745,True,True,True,True,True,True,True,0,23478,0,2.118915909399277e-07,-2.118915909399277e-07,-2.432498646953718e-13,2.140166412978317e-07,-2.140166412978317e-07,-9.157674618620604e-12,2.125052689372353e-09,-2.125052689372353e-09,-8.914202709320307e-12,6.021339237225521e-05,7.762826657662574e-09,8.15712536255765e-09,3.9429870489507523e-10,1.9225632230131787e-06,1.9835442299775963e-07,0.013320440197055099,1.0,44.77810219925797,0.0
coarse_125us,10.0,0.000125,1600.0,25.0,11.39635093384242,44.77810219925797,3.573175104385094,0.001235253300417692,0.005201269841269841,True,True,True,True,True,True,True,0,23478,0,0.007238338706304859,-0.007238338706304859,-1.56049295707561e-08,0.007238340755547967,-0.007238340755547967,-1.5613843995510024e-08,2.1182723353163624e-09,-2.1182723353163624e-09,-8.914202709320307e-12,2.0365007571133757,0.00033203705916561444,0.00033203745161604044,3.924504259964518e-10,0.07750776228343764,0.006599453145340828,2.0231201035239486,1.0,44.77810219925797,0.0
coarse_250us,10.0,0.00025,1600.0,25.0,11.39635093384242,44.77810219925797,3.573175104385094,0.004941013201670768,0.020805079365079363,True,True,True,True,True,True,True,0,23478,0,0.007238338706304859,-0.007238338706304859,-1.56049295707561e-08,0.007238371512050645,-0.007238371512050645,-1.574756613997863e-08,3.3911060293156936e-08,-3.3911060293156936e-08,-1.4263623615562437e-10,2.0365094104281485,0.00033203705916561444,0.00033204334040333797,6.281237723576816e-09,0.077509008918599,0.006599452109055548,2.0231287568387213,1.0,44.77810219925797,0.0
teacher,5.0,0.000125,1800.0,25.0,11.39635093384242,44.77810219925797,8.03964398486646,0.0012368299987803237,0.02633142857142857,True,True,True,True,True,True,True,0,23478,0,1.9229564048095504e-05,-1.9229564048095504e-05,-2.419531242026096e-11,1.9231688896614862e-05,-1.9231688896614862e-05,-3.310962615188373e-11,2.1250393666960576e-09,-2.1250393666960576e-09,-8.91431373162277e-12,0.005410818628358443,7.274789377353562e-07,7.278732322868485e-07,3.9429455149228505e-10,0.00017206406811067548,1.7941455111358806e-05,0.0,1.0,44.77810219925797,0.0
r6,5.0,0.000625,1800.0,25.0,11.39635093384242,44.77810219925797,8.03964398486646,0.030920749969508096,0.6582857142857143,True,True,True,True,True,True,True,0,23478,0,1.9229564048095504e-05,-1.9229564048095504e-05,-2.419531242026096e-11,2.056348128609553e-05,-2.056348128609553e-05,-5.597332819462508e-09,1.3340371273207197e-06,-1.3340371273207197e-06,-5.573137284997642e-09,0.005785517236933398,7.274789377353562e-07,9.745547562522538e-07,2.4707581851689745e-07,0.00022433613175350175,1.794133541288545e-05,0.0003747322856343595,1.0,44.77810219925797,0.0
time_refined,5.0,0.0003125,1800.0,25.0,11.39635093384242,44.77810219925797,8.03964398486646,0.007730187492377024,0.16457142857142856,True,True,True,True,True,True,True,0,23478,0,1.9229564048095504e-05,-1.9229564048095504e-05,-2.419531242026096e-11,1.9312646205693618e-05,-1.9312646205693618e-05,-3.7243863548752643e-10,8.308961452208052e-08,-8.308961452208052e-08,-3.482429900003581e-10,0.005433595895525146,7.274789377353562e-07,7.42889823552435e-07,1.5410885817078932e-08,0.00017524565470097492,1.7941447845282177e-05,2.2779311470923008e-05,1.0,44.77810219925797,0.0
space_refined,2.5,0.000125,1800.0,25.0,11.39635093384242,44.77810219925797,16.07928796973292,0.0012368331720181314,0.10532571428571429,True,True,True,True,True,True,True,0,23478,0,8.334799894704759e-08,-8.334799894704759e-08,-9.470202400052585e-14,8.547305085926382e-08,-8.547305085926382e-08,-9.009015755623295e-12,2.1250530224392605e-09,-2.1250530224392605e-09,-8.914202709320307e-12,2.4047767114896408e-05,3.044051800598837e-09,3.438350580543238e-09,3.9429877994440066e-10,8.048240888273225e-07,7.804759605267719e-08,0.005386770861243547,1.0,44.77810219925797,0.0
coarse_125us,10.0,0.000125,1800.0,25.0,11.39635093384242,44.77810219925797,4.01982199243323,0.0012361705155596791,0.006582857142857143,True,True,True,True,True,True,True,0,23478,0,0.003257927425161289,-0.003257927425161289,-6.111048000967401e-09,0.003257929515820157,-0.003257929515820157,-6.119962647765931e-09,2.1222075208271463e-09,-2.1222075208271463e-09,-8.914202709320307e-12,0.9166155821697687,0.00014211425616916708,0.00014211464966567728,3.9349651021454987e-10,0.03328467699303655,0.0029900018710821152,0.9112047635414102,1.0,44.77810219925797,0.0
coarse_250us,10.0,0.00025,1800.0,25.0,11.39635093384242,44.77810219925797,4.01982199243323,0.0049446820622387165,0.02633142857142857,True,True,True,True,True,True,True,0,23478,0,0.003257927425161289,-0.003257927425161289,-6.111048000967401e-09,0.0032579608940596083,-0.0032579608940596083,-6.253684792234537e-09,3.3974064228559087e-08,-3.3974064228559087e-08,-1.4263634717792684e-10,0.9166244104096316,0.00014211425616916708,0.00014212055415362728,6.2979844602058516e-09,0.033285927521309294,0.0029900013974648587,0.9112135917812731,1.0,44.77810219925797,0.0
teacher,5.0,0.000125,3000.0,25.0,11.39635093384242,44.77810219925797,13.399406641444102,0.0012368331291815096,0.07314285714285713,True,True,True,True,True,True,True,0,23478,0,3.529529314372226e-07,-3.529529314372226e-07,-4.0756287233989497e-13,3.550779802408144e-07,-3.550779802408144e-07,-9.321876603962664e-12,2.1250525783500507e-09,-2.1250525783500507e-09,-8.914202709320307e-12,9.990087507837482e-05,1.29571437756867e-08,1.3351442460141492e-08,3.942986844547918e-10,3.152696886259258e-06,3.3033546820160353e-07,0.0,1.0,44.77810219925797,0.0
r6,5.0,0.000625,3000.0,25.0,11.39635093384242,44.77810219925797,13.399406641444102,0.030920828229537737,1.8285714285714285,True,True,True,True,True,True,True,0,23478,0,3.529529314372226e-07,-3.529529314372226e-07,-4.0756287233989497e-13,1.6869963079813033e-06,-1.6869963079813033e-06,-5.573544847869982e-09,1.3340455838894982e-06,-1.3340455838894982e-06,-5.57313717397534e-09,0.0004746349162711267,1.29571437756867e-08,2.600355816176606e-07,2.470784378419739e-07,5.542541521778944e-05,3.3033326451992195e-07,0.00037473466119664013,1.0,44.77810219925797,0.0
time_refined,5.0,0.0003125,3000.0,25.0,11.39635093384242,44.77810219925797,13.399406641444102,0.007730207057384434,0.45714285714285713,True,True,True,True,True,True,True,0,23478,0,3.529529314372226e-07,-3.529529314372226e-07,-4.0756287233989497e-13,4.3604293431531715e-07,-4.3604293431531715e-07,-3.4865066389500043e-10,8.309014032370499e-08,-8.309014032370499e-08,-3.482429900003581e-10,0.00012268029315785597,1.29571437756867e-08,2.836819266704674e-08,1.541104889136004e-08,6.334323260446014e-06,3.3033533441972907e-07,2.2779455750128998e-05,1.0,44.77810219925797,0.0
space_refined,2.5,0.000125,3000.0,25.0,11.39635093384242,44.77810219925797,26.798813282888204,0.0012368331849068775,0.29257142857142854,True,True,True,True,True,True,True,0,23478,0,1.4313584761893594e-09,-1.4313584761893594e-09,-1.4432899320127035e-15,3.556411276584015e-09,-3.556411276584015e-09,-8.915757021554782e-12,2.125052911416958e-09,-2.125052911416958e-09,-8.914202709320307e-12,1.0005931610526398e-06,5.1886969306796646e-11,4.4618572919206673e-10,3.942987598852701e-10,9.583802046225291e-08,1.3413381516613754e-09,9.890028191732219e-05,1.0,44.77810219925797,0.0
coarse_125us,10.0,0.000125,3000.0,25.0,11.39635093384242,44.77810219925797,6.699703320722051,0.0012368198961056225,0.018285714285714284,True,True,True,True,True,True,True,0,23478,0,7.779657611306501e-05,-7.779657611306501e-05,-1.0383005566438896e-10,7.77987003389713e-05,-7.77987003389713e-05,-1.127444804183142e-10,2.124995512886585e-09,-2.124995512886585e-09,-8.914202709320307e-12,0.021888595396854515,3.004928502817432e-06,3.0053227841201337e-06,3.942813027014823e-10,0.000709504930120296,7.242436355647808e-05,0.02178869452177614,1.0,44.77810219925797,0.0
coarse_250us,10.0,0.00025,3000.0,25.0,11.39635093384242,44.77810219925797,6.699703320722051,0.00494727958442249,0.07314285714285713,True,True,True,True,True,True,True,0,23478,0,7.779657611306501e-05,-7.779657611306501e-05,-1.0383005566438896e-10,7.783058250487862e-05,-7.783058250487862e-05,-2.4646662488692073e-10,3.401871273567281e-08,-3.401871273567281e-08,-1.4263634717792684e-10,0.021897565415979262,3.004928502817432e-06,3.0112390521623676e-06,6.3105493449352894e-09,0.0007107583901785328,7.242435200516262e-05,0.021797664540900888,1.0,44.77810219925797,0.0
teacher,5.0,0.000125,4500.0,25.0,11.39635093384242,44.77810219925797,20.099109962166153,0.0012368331829160435,0.16457142857142856,True,True,True,True,True,True,True,0,23478,0,1.4159214023479194e-08,-1.4159214023479194e-08,-1.587618925213974e-14,1.6284266490806942e-08,-1.6284266490806942e-08,-8.930300943177372e-12,2.125052911416958e-09,-2.125052911416958e-09,-8.914202709320307e-12,4.581563946425974e-06,5.14954524015986e-10,9.092532788702839e-10,3.9429875485429793e-10,2.055891218308671e-07,1.3264382259237095e-08,0.0,1.0,44.77810219925797,0.0
r6,5.0,0.000625,4500.0,25.0,11.39635093384242,44.77810219925797,20.099109962166153,0.03092082957290109,4.114285714285715,True,True,True,True,True,True,True,0,23478,0,1.4159214023479194e-08,-1.4159214023479194e-08,-1.587618925213974e-14,1.3482048545343517e-06,-1.3482048545343517e-06,-5.573153494253802e-09,1.3340457292176922e-06,-1.3340457292176922e-06,-5.573137396019945e-09,0.0003793162410734396,5.14954524015986e-10,2.475934382746139e-07,2.4707848375059794e-07,5.2478318942012904e-05,1.3264293996506638e-08,0.00037473470199089065,1.0,44.77810219925797,0.0
time_refined,5.0,0.0003125,4500.0,25.0,11.39635093384242,44.77810219925797,20.099109962166153,0.007730207393225273,1.0285714285714287,True,True,True,True,True,True,True,0,23478,0,1.4159214023479194e-08,-1.4159214023479194e-08,-1.587618925213974e-14,9.724935801092016e-08,-9.724935801092016e-08,-3.482591992565176e-10,8.309014964957839e-08,-8.309014964957839e-08,-3.4824310102266054e-10,2.736102069610782e-05,5.14954524015986e-10,1.5926006271951894e-08,1.5411051747935907e-08,3.3872161941125495e-06,1.3264377374255787e-08,2.2779458217775087e-05,1.0,44.77810219925797,0.0
space_refined,2.5,0.000125,4500.0,25.0,11.39635093384242,44.77810219925797,40.19821992433231,0.0012368331851208385,0.6582857142857143,True,True,True,True,True,True,True,0,23478,0,5.623845833468977e-11,-5.623845833468977e-11,2.220446049250313e-16,2.1812912587293454e-09,-2.1812912587293454e-09,-8.914202709320307e-12,2.1250530224392605e-09,-2.1250530224392605e-09,-8.914202709320307e-12,6.137043626306607e-07,2.0338728538367417e-12,3.9633262881454476e-10,3.9429875597302177e-10,8.401967037827189e-08,5.271372227610982e-11,3.967859583795313e-06,1.0,44.77810219925797,0.0
coarse_125us,10.0,0.000125,4500.0,25.0,11.39635093384242,44.77810219925797,10.049554981083077,0.0012368326370318942,0.04114285714285714,True,True,True,True,True,True,True,0,23478,0,3.3912539694203048e-06,-3.3912539694203048e-06,-4.065969783084711e-12,3.393378986138451e-06,-3.393378986138451e-06,-1.2980394537009943e-11,2.1250505799486064e-09,-2.1250505799486064e-09,-8.914202709320307e-12,0.0009547241706114479,1.2614076790417392e-07,1.2653506592356016e-07,3.9429801938625136e-10,2.9936948601322106e-05,3.169680917403106e-06,0.000950142606665022,1.0,44.77810219925797,0.0
coarse_250us,10.0,0.00025,4500.0,25.0,11.39635093384242,44.77810219925797,10.049554981083077,0.004947330548127577,0.16457142857142856,True,True,True,True,True,True,True,0,23478,0,3.3912539694203048e-06,-3.3912539694203048e-06,-4.065969783084711e-12,3.425273019219688e-06,-3.425273019219688e-06,-1.46702427983314e-10,3.4019589145728446e-08,-3.4019589145728446e-08,-1.4263634717792684e-10,0.000963697528555056,1.2614076790417392e-07,1.3245158495382435e-07,6.310817049650437e-09,3.1190471433729346e-05,3.1696804116965183e-06,0.00095911596460863,1.0,44.77810219925797,0.0
teacher,5.0,0.000125,5800.0,25.0,11.39635093384242,44.77810219925797,25.90551950679193,0.0012368331848376284,0.27339174603174604,True,True,True,True,True,True,True,0,23478,0,1.875659405570218e-09,-1.875659405570218e-09,-2.1094237467877974e-15,4.000711983920269e-09,-4.000711983920269e-09,-8.916423155369557e-12,2.125052911416958e-09,-2.125052911416958e-09,-8.914202709320307e-12,1.1255967713320775e-06,6.80129738777642e-11,4.623117200718957e-10,3.9429874619413155e-10,9.966062036180458e-08,1.7576442523647984e-09,0.0,1.0,44.77810219925797,0.0
r6,5.0,0.000625,5800.0,25.0,11.39635093384242,44.77810219925797,25.90551950679193,0.030920829620940712,6.83479365079365,True,True,True,True,True,True,False,0,23478,0,1.875659405570218e-09,-1.875659405570218e-09,-2.1094237467877974e-15,1.335921381850902e-06,-1.335921381850902e-06,-5.5731397274882966e-09,1.3340457344357404e-06,-1.3340457344357404e-06,-5.573137396019945e-09,0.00037586029691929714,6.80129738777642e-11,2.4714649837675214e-07,2.470784854028744e-07,5.2372390855947074e-05,1.7576325950230398e-09,0.0003747347034589839,1.0,44.77810219925797,0.0
time_refined,5.0,0.0003125,5800.0,25.0,11.39635093384242,44.77810219925797,25.90551950679193,0.007730207405235178,1.7086984126984126,True,True,True,True,True,True,True,0,23478,0,1.875659405570218e-09,-1.875659405570218e-09,-2.1094237467877974e-15,8.49658082779925e-08,-8.49658082779925e-08,-3.482453214687098e-10,8.30901497606007e-08,-8.30901497606007e-08,-3.4824310102266054e-10,2.3905054864163057e-05,6.80129738777642e-11,1.5479064824525564e-08,1.5411051850647797e-08,3.2812877195307164e-06,1.757643697253286e-09,2.2779458311483166e-05,1.0,44.77810219925797,0.0
space_refined,2.5,0.000125,5800.0,25.0,11.39635093384242,44.77810219925797,51.81103901358386,0.0012368331851284118,1.0935669841269842,True,True,True,True,True,True,True,0,23478,0,7.400524637546368e-12,-7.400524637546368e-12,4.440892098500626e-16,2.132453102987597e-09,-2.132453102987597e-09,-8.914202709320307e-12,2.125052911416958e-09,-2.125052911416958e-09,-8.914202709320307e-12,5.999637907920305e-07,2.674240882524602e-13,3.9456617098955613e-10,3.942987495499871e-10,8.360084532132637e-08,6.937006524765366e-12,5.25632980540047e-07,1.0,44.77810219925797,0.0
coarse_125us,10.0,0.000125,5800.0,25.0,11.39635093384242,44.77810219925797,12.952759753395965,0.0012368331118791705,0.06834793650793651,True,True,True,True,True,True,True,0,23478,0,4.61297575138353e-07,-4.61297575138353e-07,-5.344613640545504e-13,4.6342262294274406e-07,-4.6342262294274406e-07,-9.448997140282245e-12,2.1250524673277482e-09,-2.1250524673277482e-09,-8.914202709320307e-12,0.00013038354428989834,1.695459145984888e-08,1.7348890109581853e-08,3.9429864973297256e-10,4.099263028140226e-06,4.316854977925999e-07,0.00012925794751856627,1.0,44.77810219925797,0.0
coarse_250us,10.0,0.00025,5800.0,25.0,11.39635093384242,44.77810219925797,12.952759753395965,0.004947332447516682,0.27339174603174604,True,True,True,True,True,True,True,0,23478,0,4.61297575138353e-07,-4.61297575138353e-07,-5.344613640545504e-13,4.953171234278742e-07,-4.953171234278742e-07,-1.4317114160888877e-10,3.401962167526307e-08,-3.401962167526307e-08,-1.426364582002293e-10,0.00013935703373717752,1.695459145984888e-08,2.3265418737500567e-08,6.310827277651688e-09,5.352788264425437e-06,4.316854290697947e-07,0.00013823143696584545,1.0,44.77810219925797,0.0
teacher,5.0,0.000125,6000.0,25.0,11.39635093384242,44.77810219925797,26.798813282888204,0.0012368331849068775,0.29257142857142854,True,True,True,True,True,True,True,0,23478,0,1.4313584761893594e-09,-1.4313584761893594e-09,-1.4432899320127035e-15,3.556411276584015e-09,-3.556411276584015e-09,-8.915757021554782e-12,2.125052911416958e-09,-2.125052911416958e-09,-8.914202709320307e-12,1.0005931610526398e-06,5.1886969306796646e-11,4.4618572919206673e-10,3.942987598852701e-10,9.583802046225291e-08,1.3413381516613754e-09,0.0,1.0,44.77810219925797,0.0
r6,5.0,0.000625,6000.0,25.0,11.39635093384242,44.77810219925797,26.798813282888204,0.030920829622671935,7.314285714285714,True,True,True,True,True,True,False,0,23478,0,1.4313584761893594e-09,-1.4313584761893594e-09,-1.4432899320127035e-15,1.3354770840301455e-06,-1.3354770840301455e-06,-5.573139061354482e-09,1.3340457344357404e-06,-1.3340457344357404e-06,-5.573137396019945e-09,0.00037573529412115444,5.1886969306796646e-11,2.4713037243425e-07,2.470784854649433e-07,5.2368568269084496e-05,1.341329158854876e-09,0.00037473470352145593,1.0,44.77810219925797,0.0
time_refined,5.0,0.0003125,6000.0,25.0,11.39635093384242,44.77810219925797,26.798813282888204,0.007730207405667984,1.8285714285714285,True,True,True,True,True,True,True,0,23478,0,1.4313584761893594e-09,-1.4313584761893594e-09,-1.4432899320127035e-15,8.452150757065624e-08,-8.452150757065624e-08,-3.482447663571975e-10,8.30901497606007e-08,-8.30901497606007e-08,-3.482429900003581e-10,2.378005125388362e-05,5.1886969306796646e-11,1.5462938826224346e-08,1.5411051856917548e-08,3.2774651186965265e-06,1.3413374855275606e-09,2.2779458311483166e-05,1.0,44.77810219925797,0.0
space_refined,2.5,0.000125,6000.0,25.0,11.39635093384242,44.77810219925797,53.59762656577641,0.0012368331851286846,1.1702857142857142,True,True,True,True,True,True,True,0,23478,0,5.644040790286908e-12,-5.644040790286908e-12,4.440892098500626e-16,2.130696508118035e-09,-2.130696508118035e-09,-8.914202709320307e-12,2.1250528003946556e-09,-2.1250528003946556e-09,-8.914202709320307e-12,5.994695743821354e-07,2.039322488607295e-13,3.945026898917759e-10,3.942987603287129e-10,8.358579176430115e-08,5.290656801548721e-12,4.0112358667050437e-07,1.0,44.77810219925797,0.0
coarse_125us,10.0,0.000125,6000.0,25.0,11.39635093384242,44.77810219925797,13.399406641444102,0.0012368331291815096,0.07314285714285713,True,True,True,True,True,True,True,0,23478,0,3.529529314372226e-07,-3.529529314372226e-07,-4.0756287233989497e-13,3.550779802408144e-07,-3.550779802408144e-07,-9.321876603962664e-12,2.1250525783500507e-09,-2.1250525783500507e-09,-8.914202709320307e-12,9.990087507837482e-05,1.29571437756867e-08,1.3351442460141492e-08,3.942986844547918e-10,3.152696886259258e-06,3.3033546820160353e-07,9.890028191732219e-05,1.0,44.77810219925797,0.0
coarse_250us,10.0,0.00025,6000.0,25.0,11.39635093384242,44.77810219925797,13.399406641444102,0.004947332516726038,0.29257142857142854,True,True,True,True,True,True,True,0,23478,0,3.529529314372226e-07,-3.529529314372226e-07,-4.0756287233989497e-13,3.8697249804542366e-07,-3.8697249804542366e-07,-1.430440210725692e-10,3.401962278548609e-08,-3.401962278548609e-08,-1.426364582002293e-10,0.0001088743693984741,1.29571437756867e-08,1.926797144061145e-08,6.31082766492475e-09,4.406222210935049e-06,3.3033541568805447e-07,0.00010787377623742147,1.0,44.77810219925797,0.0
teacher,5.0,0.000125,6750.0,25.0,11.39635093384242,44.77810219925797,30.14866494324923,0.0012368331850426558,0.37028571428571433,True,True,True,True,True,True,True,0,23478,0,5.593283614047095e-10,-5.593283614047095e-10,-4.440892098500626e-16,2.684381161799365e-09,-2.684381161799365e-09,-8.914868843135082e-12,2.125052911416958e-09,-2.125052911416958e-09,-8.914202709320307e-12,7.552482610320877e-07,2.0257852229564964e-11,4.1455660807967835e-10,3.942987558501134e-10,8.834014045779387e-08,5.241975742364957e-10,0.0,1.0,44.77810219925797,0.0
r6,5.0,0.000625,6750.0,25.0,11.39635093384242,44.77810219925797,30.14866494324923,0.030920829626066394,9.257142857142856,True,True,True,True,True,True,False,0,23478,0,5.593283614047095e-10,-5.593283614047095e-10,-4.440892098500626e-16,1.3346050595774983e-06,-1.3346050595774983e-06,-5.573137951131457e-09,1.3340457348798296e-06,-1.3340457348798296e-06,-5.573137396019945e-09,0.0003754899508141712,2.0257852229564964e-11,2.470987434327838e-07,2.4707848558055423e-07,5.2361070418844376e-05,5.241936884559095e-10,0.0003747347036464001,1.0,44.77810219925797,0.0
time_refined,5.0,0.0003125,6750.0,25.0,11.39635093384242,44.77810219925797,30.14866494324923,0.007730207406516598,2.314285714285714,True,True,True,True,True,True,True,0,23478,0,5.593283614047095e-10,-5.593283614047095e-10,-4.440892098500626e-16,8.36494777889385e-08,-8.36494777889385e-08,-3.4824365613417285e-10,8.3090149871623e-08,-8.3090149871623e-08,-3.482429900003581e-10,2.3534706447571145e-05,2.0257852229564964e-11,1.5431309714085753e-08,1.5411051861856187e-08,3.269967240758721e-06,5.241972411695883e-10,2.2779458342719193e-05,1.0,44.77810219925797,0.0
space_refined,2.5,0.000125,6750.0,25.0,11.39635093384242,44.77810219925797,60.29732988649846,0.0012368331851292174,1.4811428571428573,True,True,True,True,True,True,True,0,23478,0,2.201017146319373e-12,-2.201017146319373e-12,4.440892098500626e-16,2.12725359549637e-09,-2.12725359549637e-09,-8.914091687017844e-12,2.1250530224392605e-09,-2.1250530224392605e-09,-8.914202709320307e-12,5.985009139670642e-07,7.950383078476685e-14,3.943782547093059e-10,3.942987565175796e-10,8.355628760051467e-08,2.063238468963391e-12,1.5674734706502347e-07,1.0,44.77810219925797,0.0
coarse_125us,10.0,0.000125,6750.0,25.0,11.39635093384242,44.77810219925797,15.074332471624615,0.0012368331632095012,0.09257142857142858,True,True,True,True,True,True,True,0,23478,0,1.3901104001234899e-07,-1.3901104001234899e-07,-1.5876189252139739e-13,1.411360912584314e-07,-1.411360912584314e-07,-9.07318664644663e-12,2.1250528003946556e-09,-2.1250528003946556e-09,-8.914202709320307e-12,3.9708514203827236e-05,5.0851750200560925e-09,5.479473749181472e-09,3.9429872912537996e-10,1.2883407750212118e-06,1.3014967514823894e-07,3.895326594279515e-05,1.0,44.77810219925797,0.0
coarse_250us,10.0,0.00025,6750.0,25.0,11.39635093384242,44.77810219925797,15.074332471624615,0.004947332652838005,0.37028571428571433,True,True,True,True,True,True,True,0,23478,0,1.3901104001234899e-07,-1.3901104001234899e-07,-1.5876189252139739e-13,1.7303064303586524e-07,-1.7303064303586524e-07,-1.4279533111505316e-10,3.401962533899905e-08,-3.401962533899905e-08,-1.4263634717792684e-10,4.8682018082150603e-05,5.0851750200560925e-09,1.1396003423967104e-08,6.3108284039110135e-09,2.5418662735670578e-06,1.3014965416502378e-07,4.7926769821118515e-05,1.0,44.77810219925797,0.0
teacher,5.0,0.000125,1500.0,30.0,13.675621120610906,53.73372263910957,5.583086100601708,0.0017809610395885195,0.018285714285714284,True,True,True,True,True,True,True,0,23478,0,0.00030646564602643256,-0.00030646564602643256,-4.451806701055716e-10,0.00030647004614337003,-0.00030647004614337003,-4.63665772443278e-10,4.406379150445616e-09,-4.406379150445616e-09,-1.848499131540393e-11,0.10347009107442261,1.2198241654948875e-05,1.2199059165732333e-05,8.175107834566532e-10,0.003449234459899479,0.00028435836594375985,0.0,1.0,53.73372263910957,0.0
r6,5.0,0.000625,1500.0,30.0,13.675621120610906,53.73372263910957,5.583086100601708,0.04452402598971299,0.45714285714285713,True,True,True,True,True,True,True,0,23478,0,0.00030646564602643256,-0.00030646564602643256,-4.451806701055716e-10,0.0003092332912697504,-0.0003092332912697504,-1.2003154359341295e-08,2.771594186712356e-06,-2.771594186712356e-06,-1.1557973356168816e-08,0.10440301495551792,1.2198241654948875e-05,1.2711103714132491e-05,5.128620591836153e-07,0.0035794446003490437,0.0002843544232625783,0.0009342550049231194,1.0,53.73372263910957,0.0
time_refined,5.0,0.0003125,1500.0,30.0,13.675621120610906,53.73372263910957,5.583086100601708,0.011131006497428247,0.11428571428571428,True,True,True,True,True,True,True,0,23478,0,0.00030646564602643256,-0.00030646564602643256,-4.451806701055716e-10,0.00030663776489869843,-0.00030663776489869843,-1.1673215727370234e-09,1.723639663220311e-07,-1.723639663220311e-07,-7.221406805868469e-10,0.10352671610224212,1.2198241654948875e-05,1.2230201820506252e-05,3.196016555737504e-08,0.0034571522746717387,0.00028435812711191666,5.670566197244018e-05,1.0,53.73372263910957,0.0
space_refined,2.5,0.000125,1500.0,30.0,13.675621120610906,53.73372263910957,11.166172201203416,0.0017810394439574113,0.07314285714285713,True,True,True,True,True,True,True,0,23478,0,1.4846501836807136e-06,-1.4846501836807136e-06,-1.7511547767412594e-12,1.4890570172454431e-06,-1.4890570172454431e-06,-2.0236257114447653e-11,4.406864206885075e-09,-4.406864206885075e-09,-1.848488029310147e-11,0.0005027338466785009,5.4908632264891383e-08,5.5726288390352306e-08,8.176561254609256e-10,1.5807782504628354e-05,1.388462192664086e-06,0.10296735722774411,1.0,53.73372263910957,0.0
coarse_125us,10.0,0.000125,1500.0,30.0,13.675621120610906,53.73372263910957,2.791543050300854,0.0017679201352628457,0.004571428571428571,True,True,True,True,True,True,True,0,23478,0,0.03403498399810878,-0.03403498399810878,-1.1082389195227194e-07,0.03403498770431135,-0.03403498770431135,-1.1084237716563194e-07,4.326149993794104e-09,-4.326149993794104e-09,-1.848488029310147e-11,11.490856355451143,0.001813776448162383,0.001813777245982285,7.978199019419804e-10,0.5029667920347297,0.03034503169841074,11.38738626437672,1.0,53.73372263910957,0.0
coarse_250us,10.0,0.00025,1500.0,30.0,13.675621120610906,53.73372263910957,2.791543050300854,0.007071680541051383,0.018285714285714284,True,True,True,True,True,True,True,0,23478,0,0.03403498399810878,-0.03403498399810878,-1.1082389195227194e-07,0.03403504334137519,-0.03403504334137519,-1.1111966924381989e-07,6.927307094617419e-08,-6.927307094617419e-08,-2.957747380349929e-10,11.490875139577474,0.001813776448162383,0.0018137892191304064,1.2770968023475497e-08,0.5029698237396356,0.030345022388553633,11.387405048503052,1.0,53.73372263910957,0.0
teacher,5.0,0.000125,1600.0,30.0,13.675621120610906,53.73372263910957,5.955291840641822,0.0017809919719217228,0.020805079365079363,True,True,True,True,True,True,True,0,23478,0,0.00018932641369906467,-0.00018932641369906467,-2.6594804136692574e-10,0.00018933081639482818,-0.00018933081639482818,-2.844332547269346e-10,4.406570552895062e-09,-4.406570552895062e-09,-1.848499131540393e-11,0.06392166889420314,7.446502183207297e-06,7.447319750622903e-06,8.175674156051025e-10,0.0021073308082466173,0.00017590307528703164,0.0,1.0,53.73372263910957,0.0
r6,5.0,0.000625,1600.0,30.0,13.675621120610906,53.73372263910957,5.955291840641822,0.044524799298043066,0.5201269841269841,True,True,True,True,True,True,True,0,23478,0,0.00018932641369906467,-0.00018932641369906467,-2.6594804136692574e-10,0.00019209568513234299,-0.00019209568513234299,-1.1823921841624951e-08,2.7717148534112113e-06,-2.7717148534112113e-06,-1.155797357821342e-08,0.06485514093716309,7.446502183207297e-06,7.959399893374719e-06,5.128977101674221e-07,0.0022375516130943587,0.00017590063574168813,0.0009342956796645763,1.0,53.73372263910957,0.0
time_refined,5.0,0.0003125,1600.0,30.0,13.675621120610906,53.73372263910957,5.955291840641822,0.011131199824510767,0.13003174603174603,True,True,True,True,True,True,True,0,23478,0,0.00018932641369906467,-0.00018932641369906467,-2.6594804136692574e-10,0.0001894986335021498,-0.0001894986335021498,-9.880889439983775e-10,1.7237145555348832e-07,-1.7237145555348832e-07,-7.221407916091493e-10,0.06397832712751803,7.446502183207297e-06,7.478464564637334e-06,3.1962381430037665e-08,0.0021152492698797,0.00017590292750935266,5.67081258577096e-05,1.0,53.73372263910957,0.0
space_refined,2.5,0.000125,1600.0,30.0,13.675621120610906,53.73372263910957,11.910583681283644,0.0017810395812406518,0.08322031746031745,True,True,True,True,True,True,True,0,23478,0,8.936672272197299e-07,-8.936672272197299e-07,-1.0452749776845849e-12,8.980740737740689e-07,-8.980740737740689e-07,-1.953048833769344e-11,4.406865095063495e-09,-4.406865095063495e-09,-1.848499131540393e-11,0.0003032068137631626,3.295444256010011e-08,3.377209894254255e-08,8.176563824424303e-10,9.572248954538643e-06,8.360194461154435e-07,0.06361846208043997,1.0,53.73372263910957,0.0
coarse_125us,10.0,0.000125,1600.0,30.0,13.675621120610906,53.73372263910957,2.977645920320911,0.0017726507365443565,0.005201269841269841,True,True,True,True,True,True,True,0,23478,0,0.023145104535532424,-0.023145104535532424,-6.642995065142543e-08,0.023145108455431496,-0.023145108455431496,-6.644843586478544e-08,4.35515112862106e-09,-4.35515112862106e-09,-1.848499131540393e-11,7.814226903893112,0.0011780359857324451,0.0011780367902611227,8.04528677634755e-10,0.32769545534909134,0.020787225303647627,7.750305234998909,1.0,53.73372263910957,0.0
coarse_250us,10.0,0.00025,1600.0,30.0,13.675621120610906,53.73372263910957,2.977645920320911,0.007090602946177426,0.020805079365079363,True,True,True,True,True,True,True,0,23478,0,0.023145104535532424,-0.023145104535532424,-6.642995065142543e-08,0.023145167301537928,-0.023145167301537928,-6.672572816501798e-08,6.973760013906372e-08,-6.973760013906372e-08,-2.957758482580175e-10,7.8142467714529875,0.0011780359857324451,0.0011780488641310696,1.2878398624305864e-08,0.327698516725753,0.02078721876730505,7.750325102558785,1.0,53.73372263910957,0.0
teacher,5.0,0.000125,1800.0,30.0,13.675621120610906,53.73372263910957,6.699703320722049,0.0017810206503920962,0.02633142857142857,True,True,True,True,True,True,True,0,23478,0,7.779657611306501e-05,-7.779657611306501e-05,-1.0383005566438896e-10,7.780098126519697e-05,-7.780098126519697e-05,-1.2231526902439782e-10,4.406747855512094e-09,-4.406747855512094e-09,-1.848499131540393e-11,0.026267084560112165,3.004928502817563e-06,3.0057461234422003e-06,8.176206246372479e-10,0.0008515135440467771,7.242436273036112e-05,0.0,1.0,53.73372263910957,0.0
r6,5.0,0.000625,1800.0,30.0,13.675621120610906,53.73372263910957,6.699703320722049,0.04452551625980241,0.6582857142857143,True,True,True,True,True,True,True,0,23478,0,7.779657611306501e-05,-7.779657611306501e-05,-1.0383005566438896e-10,8.05673965753595e-05,-8.05673965753595e-05,-1.1661803744900112e-08,2.7718267305854027e-06,-2.7718267305854027e-06,-1.155797357821342e-08,0.027201078755284786,3.004928502817563e-06,3.5178596759113682e-06,5.129311730938054e-07,0.0009817443660372273,7.242335805779376e-05,0.0009343333916564344,1.0,53.73372263910957,0.0
time_refined,5.0,0.0003125,1800.0,30.0,13.675621120610906,53.73372263910957,6.699703320722049,0.011131379064950602,0.16457142857142856,True,True,True,True,True,True,True,0,23478,0,7.779657611306501e-05,-7.779657611306501e-05,-1.0383005566438896e-10,7.796889205768931e-05,-7.796889205768931e-05,-8.259709582958408e-10,1.7237839933237353e-07,-1.7237839933237353e-07,-7.221406805868469e-10,0.02632377442331476,3.004928502817563e-06,3.036892964102912e-06,3.1964461285348994e-08,0.0008594326132657504,7.24243018713766e-05,5.67104103482317e-05,1.0,53.73372263910957,0.0
space_refined,2.5,0.000125,1800.0,30.0,13.675621120610906,53.73372263910957,13.399406641444099,0.0017810397060213736,0.10532571428571429,True,True,True,True,True,True,True,0,23478,0,3.529529314372226e-07,-3.529529314372226e-07,-4.0756287233989497e-13,3.5735978998197027e-07,-3.5735978998197027e-07,-1.889266521004629e-11,4.406865872219612e-09,-4.406865872219612e-09,-1.848499131540393e-11,0.00012065143227235068,1.2957143775353748e-08,1.377480045150289e-08,8.176566761491417e-10,3.8908697691825324e-06,3.3033546475991216e-07,0.026146433127839815,1.0,53.73372263910957,0.0
coarse_125us,10.0,0.000125,1800.0,30.0,13.675621120610906,53.73372263910957,3.3498516603610247,0.001777406468830033,0.006582857142857143,True,True,True,True,True,True,True,0,23478,0,0.0110461108516684,-0.0110461108516684,-2.6069343683765567e-08,0.011046115020434621,-0.011046115020434621,-2.6087828786103273e-08,4.384423379910629e-09,-4.384423379910629e-09,-1.848499131540393e-11,3.729377606607064,0.0005236114218874564,0.0005236122335607055,8.11673249134067e-10,0.1463521587082539,0.010025590862481448,3.703110522046952,1.0,53.73372263910957,0.0
coarse_250us,10.0,0.00025,1800.0,30.0,13.675621120610906,53.73372263910957,3.3498516603610247,0.007109625875320132,0.02633142857142857,True,True,True,True,True,True,True,0,23478,0,0.0110461108516684,-0.0110461108516684,-2.6069343683765567e-08,0.011046177603836083,-0.011046177603836083,-2.6365121308380424e-08,7.020647696531768e-08,-7.020647696531768e-08,-2.957767364364372e-10,3.7293987359485135,0.0005236114218874564,0.0005236244146959828,1.2992808526462033e-08,0.14635525181209547,0.010025587623829324,3.7031316513884014,1.0,53.73372263910957,0.0
teacher,5.0,0.000125,3000.0,30.0,13.675621120610906,53.73372263910957,11.166172201203416,0.0017810394439574113,0.07314285714285713,True,True,True,True,True,True,True,0,23478,0,1.4846501836807136e-06,-1.4846501836807136e-06,-1.7511547767412594e-12,1.4890570172454431e-06,-1.4890570172454431e-06,-2.0236257114447653e-11,4.406864206885075e-09,-4.406864206885075e-09,-1.848488029310147e-11,0.0005027338466785009,5.4908632264891383e-08,5.5726288390352306e-08,8.176561254609256e-10,1.5807782504628354e-05,1.388462192664086e-06,0.0,1.0,53.73372263910957,0.0
r6,5.0,0.000625,3000.0,30.0,13.675621120610906,53.73372263910957,11.166172201203416,0.04452598609893528,1.8285714285714285,True,True,True,True,True,True,True,0,23478,0,1.4846501836807136e-06,-1.4846501836807136e-06,-1.7511547767412594e-12,4.2565309366082715e-06,-4.2565309366082715e-06,-1.1559724955034767e-08,2.7719000473824806e-06,-2.7719000473824806e-06,-1.1557973689235723e-08,0.0014370854483635907,5.4908632264891383e-08,5.678621774540952e-07,5.129535451892038e-07,0.00014604530939895703,1.388442928851319e-06,0.0009343581055130707,1.0,53.73372263910957,0.0
time_refined,5.0,0.0003125,3000.0,30.0,13.675621120610906,53.73372263910957,11.166172201203416,0.01113149652473382,0.45714285714285713,True,True,True,True,True,True,True,0,23478,0,1.4846501836807136e-06,-1.4846501836807136e-06,-1.7511547767412594e-12,1.6570319359976438e-06,-1.6570319359976438e-06,-7.238921684304955e-10,1.7238294980348456e-07,-1.7238294980348456e-07,-7.221407916091493e-10,0.0005594453601207582,5.4908632264891383e-08,8.687448404248291e-08,3.196585177759152e-08,2.3727258414689364e-05,1.3884610258196872e-06,5.671190739102238e-05,1.0,53.73372263910957,0.0
space_refined,2.5,0.000125,3000.0,30.0,13.675621120610906,53.73372263910957,22.332344402406832,0.001781039785211569,0.29257142857142854,True,True,True,True,True,True,True,0,23478,0,6.120847051427347e-09,-6.120847051427347e-09,-6.8833827526759706e-15,1.0527713145691564e-08,-1.0527713145691564e-08,-1.8492096742761532e-11,4.406866538353427e-09,-4.406866538353427e-09,-1.8485102337706394e-11,3.554355316932064e-06,2.2229233787297045e-10,1.0399491271611035e-09,8.176567892881331e-10,2.7110810310097877e-07,5.734838048887525e-09,0.0004991794913615688,1.0,53.73372263910957,0.0
coarse_125us,10.0,0.000125,3000.0,30.0,13.675621120610906,53.73372263910957,5.583086100601708,0.0017809610395885195,0.018285714285714284,True,True,True,True,True,True,True,0,23478,0,0.00030646564602643256,-0.00030646564602643256,-4.451806701055716e-10,0.00030647004614337003,-0.00030647004614337003,-4.63665772443278e-10,4.406379150445616e-09,-4.406379150445616e-09,-1.848499131540393e-11,0.10347009107442261,1.2198241654948875e-05,1.2199059165732333e-05,8.175107834566532e-10,0.003449234459899479,0.00028435836594375985,0.10296735722774411,1.0,53.73372263910957,0.0
coarse_250us,10.0,0.00025,3000.0,30.0,13.675621120610906,53.73372263910957,5.583086100601708,0.007123844158354078,0.07314285714285713,True,True,True,True,True,True,True,0,23478,0,0.00030646564602643256,-0.00030646564602643256,-4.451806701055716e-10,0.00030653610388120534,-0.00030653610388120534,-7.40958183698126e-10,7.055816142464977e-08,-7.055816142464977e-08,-2.957772915479495e-10,0.10349239341762384,1.2198241654948875e-05,1.2211327945949174e-05,1.3086291000297463e-08,0.0034523536429463975,0.00028435827189932095,0.10298965957094534,1.0,53.73372263910957,0.0
teacher,5.0,0.000125,4500.0,30.0,13.675621120610906,53.73372263910957,16.749258301805124,0.0017810397729478619,0.16457142857142856,True,True,True,True,True,True,True,0,23478,0,6.029012977748494e-08,-6.029012977748494e-08,-6.827871601444713e-14,6.469699465050383e-08,-6.469699465050383e-08,-1.8553492076023304e-11,4.406866316308822e-09,-4.406866316308822e-09,-1.848499131540393e-11,2.1842930534220762e-05,2.199910522153513e-09,3.0175672944848944e-09,8.17656772331381e-10,8.334371215635192e-07,5.646126910452409e-08,0.0,1.0,53.73372263910957,0.0
r6,5.0,0.000625,4500.0,30.0,13.675621120610906,53.73372263910957,16.749258301805124,0.04452599432369655,4.114285714285715,True,True,True,True,True,True,True,0,23478,0,6.029012977748494e-08,-6.029012977748494e-08,-6.827871601444713e-14,2.832190676094193e-06,-2.832190676094193e-06,-1.155804207897404e-08,2.771901330689275e-06,-2.771901330689275e-06,-1.155797357821342e-08,0.0009562012042720353,2.199910522153513e-09,5.151538592794121e-07,5.129539487572585e-07,0.00013107108516860927,5.646048595320252e-08,0.0009343585381445309,1.0,53.73372263910957,0.0
time_refined,5.0,0.0003125,4500.0,30.0,13.675621120610906,53.73372263910957,16.749258301805124,0.011131498580924137,1.0285714285714287,True,True,True,True,True,True,True,0,23478,0,6.029012977748494e-08,-6.029012977748494e-08,-6.827871601444713e-14,2.3267311033414728e-07,-2.3267311033414728e-07,-7.222091813474663e-10,1.7238302929545313e-07,-1.7238302929545313e-07,-7.221406805868469e-10,7.855484808319893e-05,2.199910522153513e-09,3.416578739141592e-08,3.196587686926241e-08,8.75292038066506e-06,5.646122169800094e-08,5.6711933554318105e-05,1.0,53.73372263910957,0.0
space_refined,2.5,0.000125,4500.0,30.0,13.675621120610906,53.73372263910957,33.49851660361025,0.0017810397865326449,0.6582857142857143,True,True,True,True,True,True,True,0,23478,0,2.4122437380924566e-10,-2.4122437380924566e-10,0.0,4.6480906901180674e-09,-4.6480906901180674e-09,-1.848532438231132e-11,4.406866427331124e-09,-4.406866427331124e-09,-1.848499131540393e-11,1.5692834359534896e-06,8.73119120263684e-12,8.263879940770078e-10,8.17656802874371e-10,2.103625252186103e-07,2.2608759309150628e-10,2.027364709826727e-05,1.0,53.73372263910957,0.0
coarse_125us,10.0,0.000125,4500.0,30.0,13.675621120610906,53.73372263910957,8.374629150902562,0.0017810364585568667,0.04114285714285714,True,True,True,True,True,True,True,0,23478,0,1.4023525501172251e-05,-1.4023525501172251e-05,-1.7460477508279837e-11,1.4027932058513493e-05,-1.4027932058513493e-05,-3.594546882368377e-11,4.406845555138261e-09,-4.406845555138261e-09,-1.848488029310147e-11,0.004736095504097616,5.285719345156439e-07,5.29389584912198e-07,8.176503965542334e-10,0.00015019322108070446,1.3089230741503144e-05,0.004714252573563395,1.0,53.73372263910957,0.0
coarse_250us,10.0,0.00025,4500.0,30.0,13.675621120610906,53.73372263910957,8.374629150902562,0.007124145834227467,0.16457142857142856,True,True,True,True,True,True,True,0,23478,0,1.4023525501172251e-05,-1.4023525501172251e-05,-1.7460477508279837e-11,1.4094086515870075e-05,-1.4094086515870075e-05,-3.132379911008343e-10,7.056563477991773e-08,-7.056563477991773e-08,-2.957772915479495e-10,0.004758430501640777,5.285719345156439e-07,5.416604612024486e-07,1.3088526686804787e-08,0.00015331303246261444,1.3089226409634946e-05,0.004736587571106556,1.0,53.73372263910957,0.0
teacher,5.0,0.000125,5800.0,30.0,13.675621120610906,53.73372263910957,21.587932922326605,0.0017810397847843212,0.27339174603174604,True,True,True,True,True,True,True,0,23478,0,8.017695729556351e-09,-8.017695729556351e-09,-8.770761894538737e-15,1.2424561823820568e-08,-1.2424561823820568e-08,-1.8494095144205858e-11,4.406866427331124e-09,-4.406866427331124e-09,-1.848499131540393e-11,4.194767350506759e-06,2.9130435203952253e-10,1.1089611448505118e-09,8.176567928109893e-10,2.9073584463744897e-07,7.511743227439638e-09,0.0,1.0,53.73372263910957,0.0
r6,5.0,0.000625,5800.0,30.0,13.675621120610906,53.73372263910957,21.587932922326605,0.04452599461960803,6.83479365079365,True,True,True,True,True,True,False,0,23478,0,8.017695729556351e-09,-8.017695729556351e-09,-8.770761894538737e-15,2.7799189684651893e-06,-2.7799189684651893e-06,-1.155798257101992e-08,2.7719013772076195e-06,-2.7719013772076195e-06,-1.1557973689235723e-08,0.0009385532859287908,2.9130435203952253e-10,5.132452677680482e-07,5.129539634160088e-07,0.00013052838829512604,7.511638977497626e-09,0.0009343585537750387,1.0,53.73372263910957,0.0
time_refined,5.0,0.0003125,5800.0,30.0,13.675621120610906,53.73372263910957,21.587932922326605,0.011131498654902008,1.7086984126984126,True,True,True,True,True,True,True,0,23478,0,8.017695729556351e-09,-8.017695729556351e-09,-8.770761894538737e-15,1.804007215833181e-07,-1.804007215833181e-07,-7.221497844156488e-10,1.723830322930553e-07,-1.723830322930553e-07,-7.221407916091493e-10,6.090669978032791e-05,2.9130435203952253e-10,3.2257182134478273e-08,3.196587778243875e-08,8.210219371992862e-06,7.5117370101907e-09,5.671193452888213e-05,1.0,53.73372263910957,0.0
space_refined,2.5,0.000125,5800.0,30.0,13.675621120610906,53.73372263910957,43.17586584465321,0.001781039786579472,1.0935669841269842,True,True,True,True,True,True,True,0,23478,0,3.177458296477198e-11,-3.177458296477198e-11,2.220446049250313e-16,4.438641010295896e-09,-4.438641010295896e-09,-1.8485213360008856e-11,4.406866538353427e-09,-4.406866538353427e-09,-1.8485213360008856e-11,1.4985692577836257e-06,1.1488402043652794e-12,8.1880563779902e-10,8.176567978956507e-10,2.082053230309502e-07,2.9783953081619075e-11,2.696198092723133e-06,1.0,53.73372263910957,0.0
coarse_125us,10.0,0.000125,5800.0,30.0,13.675621120610906,53.73372263910957,10.793966461163302,0.0017810393383424843,0.06834793650793651,True,True,True,True,True,True,True,0,23478,0,1.9374014662565386e-06,-1.9374014662565386e-06,-2.2962742818322113e-12,1.9418082897182387e-06,-1.9418082897182387e-06,-2.0781487641841068e-11,4.40686354075126e-09,-4.40686354075126e-09,-1.848499131540393e-11,0.0006555912498287771,7.177564497808518e-08,7.259330090048193e-08,8.176559223967452e-10,2.05975442704181e-05,1.8115636680748892e-06,0.0006513964824782704,1.0,53.73372263910957,0.0
coarse_250us,10.0,0.00025,5800.0,30.0,13.675621120610906,53.73372263910957,10.793966461163302,0.007124157353369937,0.27339174603174604,True,True,True,True,True,True,True,0,23478,0,1.9374014662565386e-06,-1.9374014662565386e-06,-2.2962742818322113e-12,2.007966746986334e-06,-2.007966746986334e-06,-2.9807378787438665e-10,7.056592010723506e-08,-7.056592010723506e-08,-2.957772915479495e-10,0.0006779275978178094,7.177564497808518e-08,8.486426022826117e-08,1.3088615250175984e-08,2.371738059747462e-05,1.8115630687765005e-06,0.0006737328304673027,1.0,53.73372263910957,0.0
teacher,5.0,0.000125,6000.0,30.0,13.675621120610906,53.73372263910957,22.332344402406832,0.001781039785211569,0.29257142857142854,True,True,True,True,True,True,True,0,23478,0,6.120847051427347e-09,-6.120847051427347e-09,-6.8833827526759706e-15,1.0527713145691564e-08,-1.0527713145691564e-08,-1.8492096742761532e-11,4.406866538353427e-09,-4.406866538353427e-09,-1.8485102337706394e-11,3.554355316932064e-06,2.2229233787297045e-10,1.0399491271611035e-09,8.176567892881331e-10,2.7110810310097877e-07,5.734838048887525e-09,0.0,1.0,53.73372263910957,0.0
r6,5.0,0.000625,6000.0,30.0,13.675621120610906,53.73372263910957,22.332344402406832,0.04452599463028922,7.314285714285714,True,True,True,True,True,True,False,0,23478,0,6.120847051427347e-09,-6.120847051427347e-09,-6.8833827526759706e-15,2.7780221459883236e-06,-2.7780221459883236e-06,-1.155798079466308e-08,2.7719013787619318e-06,-2.7719013787619318e-06,-1.1557973689235723e-08,0.0009379128827412587,2.2229233787297045e-10,5.131762562704812e-07,5.129539639326082e-07,0.00013050876071099915,5.734758334874357e-09,0.000934358554337287,1.0,53.73372263910957,0.0
time_refined,5.0,0.0003125,6000.0,30.0,13.675621120610906,53.73372263910957,22.332344402406832,0.011131498657572306,1.8285714285714285,True,True,True,True,True,True,True,0,23478,0,6.120847051427347e-09,-6.120847051427347e-09,-6.8833827526759706e-15,1.7850387434847903e-07,-1.7850387434847903e-07,-7.221477860142045e-10,1.723830324040776e-07,-1.723830324040776e-07,-7.221407916091493e-10,6.026628823403523e-05,2.2229233787297045e-10,3.218817014038592e-08,3.196587780251294e-08,8.19059163838711e-06,5.734833052883914e-09,5.671193460384859e-05,1.0,53.73372263910957,0.0
space_refined,2.5,0.000125,6000.0,30.0,13.675621120610906,53.73372263910957,44.664688804813665,0.0017810397865811558,1.1702857142857142,True,True,True,True,True,True,True,0,23478,0,2.4234836359937617e-11,-2.4234836359937617e-11,2.220446049250313e-16,4.4311009306241544e-09,-4.4311009306241544e-09,-1.8485213360008856e-11,4.406866427331124e-09,-4.406866427331124e-09,-1.8485213360008856e-11,1.4960235841030777e-06,8.761165599458965e-13,8.18532912753232e-10,8.176567966222424e-10,2.0812772744235204e-07,2.2716495351460253e-11,2.0583317328289862e-06,1.0,53.73372263910957,0.0
coarse_125us,10.0,0.000125,6000.0,30.0,13.675621120610906,53.73372263910957,11.166172201203416,0.0017810394439574113,0.07314285714285713,True,True,True,True,True,True,True,0,23478,0,1.4846501836807136e-06,-1.4846501836807136e-06,-1.7511547767412594e-12,1.4890570172454431e-06,-1.4890570172454431e-06,-2.0236257114447653e-11,4.406864206885075e-09,-4.406864206885075e-09,-1.848488029310147e-11,0.0005027338466785009,5.4908632264891383e-08,5.5726288390352306e-08,8.176561254609256e-10,1.5807782504628354e-05,1.388462192664086e-06,0.0004991794913615688,1.0,53.73372263910957,0.0
coarse_250us,10.0,0.00025,6000.0,30.0,13.675621120610906,53.73372263910957,11.166172201203416,0.007124157775829645,0.29257142857142854,True,True,True,True,True,True,True,0,23478,0,1.4846501836807136e-06,-1.4846501836807136e-06,-1.7511547767412594e-12,1.5552156240605797e-06,-1.5552156240605797e-06,-2.9752855734699324e-10,7.056593065435379e-08,-7.056593065435379e-08,-2.95777402570252e-10,0.0005250702451574463,5.4908632264891383e-08,6.799725079296808e-08,1.308861852807669e-08,1.892761975603293e-05,1.388461733031754e-06,0.0005215158898405143,1.0,53.73372263910957,0.0
teacher,5.0,0.000125,6750.0,30.0,13.675621120610906,53.73372263910957,25.123887452707685,0.0017810397860496543,0.37028571428571433,True,True,True,True,True,True,True,0,23478,0,2.394588416443355e-09,-2.394588416443355e-09,-2.4424906541753444e-15,6.801454732752177e-09,-6.801454732752177e-09,-1.8487655850663032e-11,4.406866538353427e-09,-4.406866538353427e-09,-1.848499131540393e-11,2.2962999141103983e-06,8.685446228138737e-11,9.045112557610005e-10,8.17656793479613e-10,2.3258569650056299e-07,2.243859320572028e-09,0.0,1.0,53.73372263910957,0.0
r6,5.0,0.000625,6750.0,30.0,13.675621120610906,53.73372263910957,25.123887452707685,0.04452599465124136,9.257142857142856,True,True,True,True,True,True,False,0,23478,0,2.394588416443355e-09,-2.394588416443355e-09,-2.4424906541753444e-15,2.774295939311777e-06,-2.774295939311777e-06,-1.155797624274868e-08,2.771901382092601e-06,-2.771901382092601e-06,-1.1557973689235723e-08,0.0009366548448056231,8.685446228138737e-11,5.130408194377821e-07,5.129539649755008e-07,0.00013047023861706208,2.243828123305036e-09,0.0009343585554243008,1.0,53.73372263910957,0.0
time_refined,5.0,0.0003125,6750.0,30.0,13.675621120610906,53.73372263910957,25.123887452707685,0.01113149866281034,2.314285714285714,True,True,True,True,True,True,True,0,23478,0,2.394588416443355e-09,-2.394588416443355e-09,-2.4424906541753444e-15,1.747776190441641e-07,-1.747776190441641e-07,-7.22143345122106e-10,1.723830327371445e-07,-1.723830327371445e-07,-7.221406805868469e-10,5.900823388074405e-05,8.685446228138737e-11,3.205273233107115e-08,3.1965877868789756e-08,8.152069250711252e-06,2.2438572111482813e-09,5.671193467881506e-05,1.0,53.73372263910957,0.0
space_refined,2.5,0.000125,6750.0,30.0,13.675621120610906,53.73372263910957,50.24777490541537,0.0017810397865844552,1.4811428571428573,True,True,True,True,True,True,True,0,23478,0,9.454215188497983e-12,-9.454215188497983e-12,4.440892098500626e-16,4.416320420475017e-09,-4.416320420475017e-09,-1.848488029310147e-11,4.406866538353427e-09,-4.406866538353427e-09,-1.8485102337706394e-11,1.4910334039843257e-06,3.41670282795713e-13,8.179984671421366e-10,8.176567986914805e-10,2.0797566395697174e-07,8.862355294070312e-12,8.052665101260726e-07,1.0,53.73372263910957,0.0
coarse_125us,10.0,0.000125,6750.0,30.0,13.675621120610906,53.73372263910957,12.561943726353842,0.0017810396520369187,0.09257142857142858,True,True,True,True,True,True,True,0,23478,0,5.874328095067938e-07,-5.874328095067938e-07,-6.828981824469338e-13,5.918396629445155e-07,-5.918396629445155e-07,-1.9167889497850865e-11,4.4068655391527045e-09,-4.4068655391527045e-09,-1.848488029310147e-11,0.00019981627763281288,2.1615218449256755e-08,2.2432874978937612e-08,8.176565296808603e-10,6.350946049772729e-06,5.496600176124744e-07,0.0001975199777187025,1.0,53.73372263910957,0.0
coarse_250us,10.0,0.00025,6750.0,30.0,13.675621120610906,53.73372263910957,12.561943726353842,0.007124158608147675,0.37028571428571433,True,True,True,True,True,True,True,0,23478,0,5.874328095067938e-07,-5.874328095067938e-07,-6.828981824469338e-13,6.579985667443111e-07,-6.579985667443111e-07,-2.964604117750014e-10,7.056595119347975e-08,-7.056595119347975e-08,-2.957772915479495e-10,0.00022215277637940305,2.1615218449256755e-08,3.470384345978966e-08,1.3088625010532903e-08,9.47078512833134e-06,5.49659835757943e-07,0.00021985647646529267,1.0,53.73372263910957,0.0
