split,sample_id,family,parent_relative_l2,cpadc_relative_l2,relative_improvement_fraction,nonworse,adaptation_accepted,all_saved_time_indices,prediction_sealed_before_truth
validation,validation_uniform_00000,uniform,5.751180427765664,5.751180427765664,0.0,True,False,401,True
validation,validation_uniform_00001,uniform,5.0695624836899045,5.0695624836899045,0.0,True,False,401,True
validation,validation_uniform_00002,uniform,5.350625316417623,5.350625316417623,0.0,True,False,401,True
validation,validation_uniform_00003,uniform,5.337912156782719,5.337912156782719,0.0,True,False,401,True
validation,validation_uniform_00004,uniform,5.616867303468141,5.616867303468141,0.0,True,False,401,True
validation,validation_uniform_00005,uniform,5.507086294508471,5.507086294508471,0.0,True,False,401,True
validation,validation_uniform_00006,uniform,7.612781171180253,7.612781171180253,0.0,True,False,401,True
validation,validation_uniform_00007,uniform,7.319556673117886,7.319556673117886,0.0,True,False,401,True
validation,validation_uniform_00008,uniform,5.444547506464042,5.310067907233889,0.024699866989955053,True,True,401,True
validation,validation_uniform_00009,uniform,4.70489074942778,4.70489074942778,0.0,True,False,401,True
validation,validation_uniform_00010,uniform,5.248978978288916,5.248978978288916,0.0,True,False,401,True
validation,validation_uniform_00011,uniform,5.422482481038541,5.422482481038541,0.0,True,False,401,True
validation,validation_uniform_00012,uniform,7.4241230984937765,7.4241230984937765,0.0,True,False,401,True
validation,validation_uniform_00013,uniform,5.249085476357572,5.249085476357572,0.0,True,False,401,True
validation,validation_uniform_00014,uniform,5.285939357491576,5.285939357491576,0.0,True,False,401,True
validation,validation_uniform_00015,uniform,4.534799115546505,4.424274709767159,0.024372503161262143,True,True,401,True
validation,validation_uniform_00016,uniform,6.212642242856315,6.212642242856315,0.0,True,False,401,True
validation,validation_uniform_00017,uniform,5.364570651368989,5.364570651368989,0.0,True,False,401,True
validation,validation_uniform_00018,uniform,4.621273655977813,4.621273655977813,0.0,True,False,401,True
validation,validation_uniform_00019,uniform,7.581056529940183,7.473905936380765,0.014133992160095782,True,True,401,True
validation,validation_uniform_00020,uniform,6.924192248367732,6.924192248367732,0.0,True,False,401,True
validation,validation_uniform_00021,uniform,5.132209596225393,5.056578309139527,0.014736593599273614,True,True,401,True
validation,validation_uniform_00022,uniform,7.425711481083985,7.425711481083985,0.0,True,False,401,True
validation,validation_uniform_00023,uniform,5.2039761289444,5.2039761289444,0.0,True,False,401,True
validation,validation_uniform_00024,uniform,5.115930638259151,5.115930638259151,0.0,True,False,401,True
validation,validation_uniform_00025,uniform,5.351799830787421,5.351799830787421,0.0,True,False,401,True
validation,validation_uniform_00026,uniform,5.507392586255073,5.507392586255073,0.0,True,False,401,True
validation,validation_uniform_00027,uniform,6.36309113416645,6.36309113416645,0.0,True,False,401,True
validation,validation_uniform_00028,uniform,7.199741398065974,7.107393691242227,0.012826531081873873,True,True,401,True
validation,validation_uniform_00029,uniform,5.870391971197421,5.870391971197421,0.0,True,False,401,True
validation,validation_uniform_00030,uniform,6.469121553583905,6.469121553583905,0.0,True,False,401,True
validation,validation_uniform_00031,uniform,5.907751596681779,5.907751596681779,0.0,True,False,401,True
validation,validation_uniform_00032,uniform,6.779585805498804,6.699901581868032,0.0117535533758038,True,True,401,True
validation,validation_uniform_00033,uniform,6.673727360243076,6.673727360243076,0.0,True,False,401,True
validation,validation_uniform_00034,uniform,5.5775037221464085,5.5775037221464085,0.0,True,False,401,True
validation,validation_uniform_00035,uniform,4.798409904329001,4.763410849392248,0.007293886023613483,True,True,401,True
validation,validation_uniform_00036,uniform,5.887672374402234,5.887672374402234,0.0,True,False,401,True
validation,validation_uniform_00037,uniform,5.593462452195898,5.593462452195898,0.0,True,False,401,True
validation,validation_uniform_00038,uniform,5.087111945395114,5.087111945395114,0.0,True,False,401,True
validation,validation_uniform_00039,uniform,6.227959682032787,6.144137010559147,0.013459090256390421,True,True,401,True
validation,validation_uniform_00040,uniform,4.493134925297064,4.493134925297064,0.0,True,False,401,True
validation,validation_uniform_00041,uniform,4.650815085134082,4.650815085134082,0.0,True,False,401,True
validation,validation_uniform_00042,uniform,4.264293129310733,4.147250258503522,0.027447191658264196,True,True,401,True
validation,validation_uniform_00043,uniform,4.707926501489935,4.707926501489935,0.0,True,False,401,True
validation,validation_uniform_00044,uniform,5.410410212697598,5.410410212697598,0.0,True,False,401,True
validation,validation_uniform_00045,uniform,5.885991136365377,5.885991136365377,0.0,True,False,401,True
validation,validation_uniform_00046,uniform,4.866329038207164,4.866329038207164,0.0,True,False,401,True
validation,validation_uniform_00047,uniform,6.374020238270875,6.374020238270875,0.0,True,False,401,True
validation,validation_uniform_00048,uniform,4.629435568893919,4.544918571339242,0.01825643672903952,True,True,401,True
validation,validation_uniform_00049,uniform,5.73228427164869,5.73228427164869,0.0,True,False,401,True
validation,validation_uniform_00050,uniform,6.60795555447697,6.60795555447697,0.0,True,False,401,True
validation,validation_uniform_00051,uniform,7.41109459813617,7.41109459813617,0.0,True,False,401,True
validation,validation_uniform_00052,uniform,5.342309437210377,5.342309437210377,0.0,True,False,401,True
validation,validation_uniform_00053,uniform,4.573997672992786,4.573997672992786,0.0,True,False,401,True
validation,validation_uniform_00054,uniform,5.67301539241427,5.67301539241427,0.0,True,False,401,True
validation,validation_uniform_00055,uniform,5.271141967150627,5.271141967150627,0.0,True,False,401,True
validation,validation_uniform_00056,uniform,4.908474543164492,4.908474543164492,0.0,True,False,401,True
validation,validation_uniform_00057,uniform,4.879902789105127,4.847400241823064,0.006660490728345747,True,True,401,True
validation,validation_uniform_00058,uniform,7.6497104096574144,7.543494465375653,0.01388496277554102,True,True,401,True
validation,validation_uniform_00059,uniform,7.359686619024404,7.267400571807449,0.012539399025279247,True,True,401,True
validation,validation_uniform_00060,uniform,4.8557959062814975,4.8557959062814975,0.0,True,False,401,True
validation,validation_uniform_00061,uniform,4.5390902386563585,4.3604003637322934,0.03936689193845154,True,True,401,True
validation,validation_uniform_00062,uniform,4.663639304869424,4.663639304869424,0.0,True,False,401,True
validation,validation_uniform_00063,uniform,5.106634052361931,5.106634052361931,0.0,True,False,401,True
validation,validation_uniform_00064,uniform,4.51584640078082,4.51584640078082,0.0,True,False,401,True
validation,validation_uniform_00065,uniform,6.2745794602528475,6.2745794602528475,0.0,True,False,401,True
validation,validation_uniform_00066,uniform,4.931595920688596,4.743836943578719,0.03807266047938097,True,True,401,True
validation,validation_uniform_00067,uniform,6.635560799200915,6.635560799200915,0.0,True,False,401,True
validation,validation_uniform_00068,uniform,6.41895008886067,6.41895008886067,0.0,True,False,401,True
validation,validation_uniform_00069,uniform,6.296018672585444,6.296018672585444,0.0,True,False,401,True
validation,validation_uniform_00070,uniform,5.62410626260554,5.62410626260554,0.0,True,False,401,True
validation,validation_uniform_00071,uniform,5.082313015335595,5.082313015335595,0.0,True,False,401,True
validation,validation_uniform_00072,uniform,6.669726014385684,6.669726014385684,0.0,True,False,401,True
validation,validation_uniform_00073,uniform,5.547775754366884,5.547775754366884,0.0,True,False,401,True
validation,validation_uniform_00074,uniform,4.706435755006842,4.706435755006842,0.0,True,False,401,True
validation,validation_uniform_00075,uniform,6.7687660463017165,6.676885501494291,0.013574194200082716,True,True,401,True
validation,validation_uniform_00076,uniform,5.0787359022546035,5.0787359022546035,0.0,True,False,401,True
validation,validation_uniform_00077,uniform,6.118452037377054,6.118452037377054,0.0,True,False,401,True
validation,validation_uniform_00078,uniform,6.158036282890772,6.158036282890772,0.0,True,False,401,True
validation,validation_uniform_00079,uniform,5.5192660237445,5.5192660237445,0.0,True,False,401,True
validation,validation_uniform_00080,uniform,5.641884272168808,5.641884272168808,0.0,True,False,401,True
validation,validation_uniform_00081,uniform,5.189197832669846,5.189197832669846,0.0,True,False,401,True
validation,validation_uniform_00082,uniform,5.008478637795991,5.008478637795991,0.0,True,False,401,True
validation,validation_uniform_00083,uniform,4.603057039939773,4.603057039939773,0.0,True,False,401,True
validation,validation_uniform_00084,uniform,5.399843671165217,5.399843671165217,0.0,True,False,401,True
validation,validation_uniform_00085,uniform,4.82659942232249,4.82659942232249,0.0,True,False,401,True
validation,validation_uniform_00086,uniform,4.690009996415242,4.690009996415242,0.0,True,False,401,True
validation,validation_uniform_00087,uniform,7.088197620972749,7.088197620972749,0.0,True,False,401,True
validation,validation_uniform_00088,uniform,4.736098680596314,4.6402230433916385,0.020243589433107768,True,True,401,True
validation,validation_uniform_00089,uniform,5.082165113381304,5.015669706286351,0.013084070590282697,True,True,401,True
validation,validation_layered_00000,layered,6.109080755233757,6.109080755233757,0.0,True,False,401,True
validation,validation_layered_00001,layered,5.683864090422104,5.683864090422104,0.0,True,False,401,True
validation,validation_layered_00002,layered,6.480503064672824,6.480503064672824,0.0,True,False,401,True
validation,validation_layered_00003,layered,5.075684527955991,5.075684527955991,0.0,True,False,401,True
validation,validation_layered_00004,layered,5.508239367641808,5.508239367641808,0.0,True,False,401,True
validation,validation_layered_00005,layered,5.211690988791343,5.212139692591392,-8.609562635504045e-05,False,True,401,True
validation,validation_layered_00006,layered,4.471142530751792,4.471142530751792,0.0,True,False,401,True
validation,validation_layered_00007,layered,5.264061130333605,5.264061130333605,0.0,True,False,401,True
validation,validation_layered_00008,layered,5.135021827273584,5.135021827273584,0.0,True,False,401,True
validation,validation_layered_00009,layered,5.22333306328355,5.22333306328355,0.0,True,False,401,True
validation,validation_layered_00010,layered,4.984154608175484,4.984154608175484,0.0,True,False,401,True
validation,validation_layered_00011,layered,5.369193465779522,5.369193465779522,0.0,True,False,401,True
validation,validation_layered_00012,layered,5.311969828750499,5.311969828750499,0.0,True,False,401,True
validation,validation_layered_00013,layered,4.672244355596212,4.571633245716717,0.02153378595427867,True,True,401,True
validation,validation_layered_00014,layered,5.618862178931409,5.618862178931409,0.0,True,False,401,True
validation,validation_layered_00015,layered,5.1558079020518575,5.080233509195538,0.014658108737186107,True,True,401,True
validation,validation_layered_00016,layered,4.611969453438934,4.452795884643794,0.034513144634219436,True,True,401,True
validation,validation_layered_00017,layered,5.241828969522925,5.241828969522925,0.0,True,False,401,True
validation,validation_layered_00018,layered,5.556715642929354,5.382944457511776,0.03127228323059736,True,True,401,True
validation,validation_layered_00019,layered,4.74254264103046,4.74254264103046,0.0,True,False,401,True
validation,validation_layered_00020,layered,5.532782841805044,5.532782841805044,0.0,True,False,401,True
validation,validation_layered_00021,layered,5.535002518544125,5.493403610125382,0.007515607857335745,True,True,401,True
validation,validation_layered_00022,layered,6.246884345705787,6.246884345705787,0.0,True,False,401,True
validation,validation_layered_00023,layered,5.502398798703074,5.502398798703074,0.0,True,False,401,True
validation,validation_layered_00024,layered,4.4877273825458595,4.3770408488554855,0.024664273084160068,True,True,401,True
validation,validation_layered_00025,layered,4.7156477329198925,4.694966841752971,0.004385588648309769,True,True,401,True
validation,validation_layered_00026,layered,5.2262963569900425,5.2262963569900425,0.0,True,False,401,True
validation,validation_layered_00027,layered,4.566651739878607,4.566651739878607,0.0,True,False,401,True
validation,validation_layered_00028,layered,5.176487732518169,5.176487732518169,0.0,True,False,401,True
validation,validation_layered_00029,layered,5.887786644710294,5.8173417103344836,0.01196458680089908,True,True,401,True
validation,validation_layered_00030,layered,5.109643413502156,5.109643413502156,0.0,True,False,401,True
validation,validation_layered_00031,layered,5.315036028769776,5.315036028769776,0.0,True,False,401,True
validation,validation_layered_00032,layered,5.453851481371267,5.35682810801249,0.017789881827581816,True,True,401,True
validation,validation_layered_00033,layered,5.343418140074526,5.343418140074526,0.0,True,False,401,True
validation,validation_layered_00034,layered,5.358982980308688,5.358982980308688,0.0,True,False,401,True
validation,validation_layered_00035,layered,5.054455202886566,5.054455202886566,0.0,True,False,401,True
validation,validation_layered_00036,layered,4.995102373144159,4.995102373144159,0.0,True,False,401,True
validation,validation_layered_00037,layered,5.159830646462478,5.159830646462478,0.0,True,False,401,True
validation,validation_layered_00038,layered,5.286002318505585,5.286002318505585,0.0,True,False,401,True
validation,validation_layered_00039,layered,5.576359408183175,5.576359408183175,0.0,True,False,401,True
validation,validation_layered_00040,layered,4.944353948505024,4.944353948505024,0.0,True,False,401,True
validation,validation_layered_00041,layered,5.579782618258861,5.579782618258861,0.0,True,False,401,True
validation,validation_layered_00042,layered,4.927792246605292,4.927792246605292,0.0,True,False,401,True
validation,validation_layered_00043,layered,5.543566697857663,5.543566697857663,0.0,True,False,401,True
validation,validation_layered_00044,layered,6.646186455583725,6.497435674202622,0.02238137349519155,True,True,401,True
validation,validation_layered_00045,layered,4.911399031830022,4.911399031830022,0.0,True,False,401,True
validation,validation_layered_00046,layered,5.472834420226645,5.472834420226645,0.0,True,False,401,True
validation,validation_layered_00047,layered,3.8834500090311463,3.800557702471782,0.021345017025220958,True,True,401,True
validation,validation_layered_00048,layered,5.4751202561773775,5.4751202561773775,0.0,True,False,401,True
validation,validation_layered_00049,layered,6.156181365903681,6.156181365903681,0.0,True,False,401,True
validation,validation_layered_00050,layered,5.341943927813729,5.341943927813729,0.0,True,False,401,True
validation,validation_layered_00051,layered,5.05113464309613,5.05113464309613,0.0,True,False,401,True
validation,validation_layered_00052,layered,5.304594680542933,5.304594680542933,0.0,True,False,401,True
validation,validation_layered_00053,layered,5.024545038269685,4.99752885362455,0.005376841970639189,True,True,401,True
validation,validation_layered_00054,layered,5.027464958680863,5.027464958680863,0.0,True,False,401,True
validation,validation_layered_00055,layered,4.975756524504339,4.94535976425633,0.006108972595084334,True,True,401,True
validation,validation_layered_00056,layered,5.230557061969906,5.230557061969906,0.0,True,False,401,True
validation,validation_layered_00057,layered,5.473514232210035,5.461947458663272,0.0021132261753693347,True,True,401,True
validation,validation_layered_00058,layered,5.091017774767139,5.091017774767139,0.0,True,False,401,True
validation,validation_layered_00059,layered,5.621100934985459,5.621100934985459,0.0,True,False,401,True
validation,validation_layered_00060,layered,5.436622117694658,5.436622117694658,0.0,True,False,401,True
validation,validation_layered_00061,layered,5.120644933773352,5.120644933773352,0.0,True,False,401,True
validation,validation_layered_00062,layered,4.919954165996939,4.919954165996939,0.0,True,False,401,True
validation,validation_layered_00063,layered,5.248068689306603,5.248068689306603,0.0,True,False,401,True
validation,validation_layered_00064,layered,4.6228475419319475,4.538005073177026,0.018352858921984787,True,True,401,True
validation,validation_layered_00065,layered,5.430081604008349,5.430081604008349,0.0,True,False,401,True
validation,validation_layered_00066,layered,4.765242480437108,4.661654473900994,0.02173824458280479,True,True,401,True
validation,validation_layered_00067,layered,4.816193404054047,4.760359784023305,0.011592894085969214,True,True,401,True
validation,validation_layered_00068,layered,5.393870694840893,5.393870694840893,0.0,True,False,401,True
validation,validation_layered_00069,layered,5.312152690097389,5.312152690097389,0.0,True,False,401,True
validation,validation_layered_00070,layered,5.146178246272696,5.134279079670698,0.002312233667890715,True,True,401,True
validation,validation_layered_00071,layered,5.806424662365108,5.806424662365108,0.0,True,False,401,True
validation,validation_layered_00072,layered,5.141572034792779,5.141572034792779,0.0,True,False,401,True
validation,validation_layered_00073,layered,5.430685557273356,5.3903559515709505,0.007426245780036311,True,True,401,True
validation,validation_layered_00074,layered,5.068222323618483,4.980912078485432,0.01722699588890858,True,True,401,True
validation,validation_layered_00075,layered,4.896287332891423,4.72301506688848,0.035388500351881916,True,True,401,True
validation,validation_layered_00076,layered,4.775129080480863,4.775129080480863,0.0,True,False,401,True
validation,validation_layered_00077,layered,5.207942604784223,5.068960113042267,0.02668664044305733,True,True,401,True
validation,validation_layered_00078,layered,4.896991490829336,4.896991490829336,0.0,True,False,401,True
validation,validation_layered_00079,layered,5.08101744174529,5.08101744174529,0.0,True,False,401,True
validation,validation_layered_00080,layered,5.628152612726072,5.628152612726072,0.0,True,False,401,True
validation,validation_layered_00081,layered,5.313241866757153,5.313241866757153,0.0,True,False,401,True
validation,validation_layered_00082,layered,6.353964326662741,6.353964326662741,0.0,True,False,401,True
validation,validation_layered_00083,layered,5.419754405026557,5.419754405026557,0.0,True,False,401,True
validation,validation_layered_00084,layered,4.9666182936946255,4.9666182936946255,0.0,True,False,401,True
validation,validation_layered_00085,layered,4.840385384414536,4.719677299766185,0.024937701249370902,True,True,401,True
validation,validation_layered_00086,layered,5.330700420498455,5.330700420498455,0.0,True,False,401,True
validation,validation_layered_00087,layered,4.744783337274891,4.63543260721811,0.023046517044882538,True,True,401,True
validation,validation_layered_00088,layered,5.7981277844357635,5.7981277844357635,0.0,True,False,401,True
validation,validation_layered_00089,layered,5.353440075815971,5.353440075815971,0.0,True,False,401,True
validation,validation_layered_00090,layered,5.461623641667187,5.379522955861419,0.015032285487307324,True,True,401,True
validation,validation_layered_00091,layered,5.105729007785068,5.034531885651901,0.01394455562067787,True,True,401,True
validation,validation_layered_00092,layered,5.341864997517826,5.258276078894649,0.015647890514271175,True,True,401,True
validation,validation_layered_00093,layered,5.442094183815201,5.442094183815201,0.0,True,False,401,True
validation,validation_layered_00094,layered,4.773653096363668,4.762620090493616,0.002311229083331548,True,True,401,True
validation,validation_layered_00095,layered,5.360380187923499,5.360380187923499,0.0,True,False,401,True
validation,validation_layered_00096,layered,5.108526443698956,5.108526443698956,0.0,True,False,401,True
validation,validation_layered_00097,layered,4.799586781115971,4.799586781115971,0.0,True,False,401,True
validation,validation_layered_00098,layered,4.56244167002079,4.56244167002079,0.0,True,False,401,True
validation,validation_layered_00099,layered,4.794342160375397,4.673357889210658,0.02523480117140108,True,True,401,True
validation,validation_layered_00100,layered,4.260564988890892,4.260564988890892,0.0,True,False,401,True
validation,validation_layered_00101,layered,5.288023183059258,5.16585264054057,0.023103253955102647,True,True,401,True
validation,validation_layered_00102,layered,4.929503026010342,4.7652481266927555,0.03332078273426375,True,True,401,True
validation,validation_layered_00103,layered,5.1580634497133175,5.1580634497133175,0.0,True,False,401,True
validation,validation_layered_00104,layered,4.657441860695753,4.583011126705174,0.015981033412075726,True,True,401,True
validation,validation_layered_00105,layered,5.209074972640276,5.209074972640276,0.0,True,False,401,True
validation,validation_layered_00106,layered,4.997872120390837,4.9192562885757205,0.015729860612953946,True,True,401,True
validation,validation_layered_00107,layered,4.946956578100346,4.891827897664667,0.011143958829096669,True,True,401,True
validation,validation_layered_00108,layered,5.572783405711332,5.572783405711332,0.0,True,False,401,True
validation,validation_layered_00109,layered,5.235666920869825,5.096969653696952,0.026490850023330053,True,True,401,True
validation,validation_layered_00110,layered,5.089832463219037,4.976025584357463,0.02235965126239096,True,True,401,True
validation,validation_layered_00111,layered,4.941867463515592,4.941867463515592,0.0,True,False,401,True
validation,validation_layered_00112,layered,5.152518896952232,5.051143178000188,0.019674982465762395,True,True,401,True
validation,validation_layered_00113,layered,4.798652063317117,4.798652063317117,0.0,True,False,401,True
validation,validation_layered_00114,layered,5.027567957558718,4.916938019484774,0.02200466289224736,True,True,401,True
validation,validation_layered_00115,layered,5.104498975664493,5.104498975664493,0.0,True,False,401,True
validation,validation_layered_00116,layered,4.558604813756678,4.558604813756678,0.0,True,False,401,True
validation,validation_layered_00117,layered,4.470923578041336,4.318159063451427,0.03416844683729381,True,True,401,True
validation,validation_layered_00118,layered,4.551950152537325,4.551950152537325,0.0,True,False,401,True
validation,validation_layered_00119,layered,4.672604470638955,4.672604470638955,0.0,True,False,401,True
validation,validation_layered_00120,layered,4.8097397942871725,4.683820933765542,0.026179973534367088,True,True,401,True
validation,validation_layered_00121,layered,4.856411670776997,4.808281594191043,0.009910625344134696,True,True,401,True
validation,validation_layered_00122,layered,5.124031565649565,5.124031565649565,0.0,True,False,401,True
validation,validation_layered_00123,layered,4.759613427812522,4.759613427812522,0.0,True,False,401,True
validation,validation_layered_00124,layered,5.343052186978135,5.343052186978135,0.0,True,False,401,True
validation,validation_layered_00125,layered,5.22660815564262,5.22660815564262,0.0,True,False,401,True
validation,validation_layered_00126,layered,4.687836602936453,4.687836602936453,0.0,True,False,401,True
validation,validation_layered_00127,layered,5.349251709537618,5.2407954022156655,0.02027504279310256,True,True,401,True
validation,validation_layered_00128,layered,4.673312107394456,4.673312107394456,0.0,True,False,401,True
validation,validation_layered_00129,layered,4.600602795335583,4.600602795335583,0.0,True,False,401,True
validation,validation_layered_00130,layered,5.093984458914727,4.995147287620408,0.01940272336743189,True,True,401,True
validation,validation_layered_00131,layered,4.843295557755776,4.762312829507732,0.016720583594854677,True,True,401,True
validation,validation_layered_00132,layered,4.987936511890178,4.987936511890178,0.0,True,False,401,True
validation,validation_layered_00133,layered,4.821702479533403,4.701447319728886,0.024940394044419452,True,True,401,True
validation,validation_layered_00134,layered,5.058916849686087,5.070111008764828,-0.0022127580688414772,False,True,401,True
validation,validation_layered_00135,layered,5.034545514720637,5.034545514720637,0.0,True,False,401,True
validation,validation_layered_00136,layered,5.192382464417052,5.192382464417052,0.0,True,False,401,True
validation,validation_layered_00137,layered,5.574628512397549,5.574628512397549,0.0,True,False,401,True
validation,validation_layered_00138,layered,5.69715483535502,5.69715483535502,0.0,True,False,401,True
validation,validation_layered_00139,layered,6.013570073671864,6.013570073671864,0.0,True,False,401,True
validation,validation_layered_00140,layered,5.348559137902009,5.224103344529786,0.02326903193240948,True,True,401,True
validation,validation_layered_00141,layered,5.266256016954454,5.078199098958696,0.035709794090966716,True,True,401,True
validation,validation_layered_00142,layered,5.043676483435099,4.923578422857685,0.0238116106320163,True,True,401,True
validation,validation_layered_00143,layered,4.787776467294323,4.706984421353357,0.016874648700260578,True,True,401,True
validation,validation_layered_00144,layered,5.1629530004833395,4.962666264700474,0.0387930581130829,True,True,401,True
validation,validation_layered_00145,layered,4.949107564679946,4.949107564679946,0.0,True,False,401,True
validation,validation_layered_00146,layered,5.024755215376595,4.981856173393767,0.008537538674829167,True,True,401,True
validation,validation_layered_00147,layered,4.567943974525278,4.464789358699951,0.02258228568489547,True,True,401,True
validation,validation_layered_00148,layered,5.333538134580001,5.333538134580001,0.0,True,False,401,True
validation,validation_layered_00149,layered,5.0448280408996675,4.920619645490119,0.024620937404121593,True,True,401,True
validation,validation_layered_00150,layered,4.776455680218773,4.776455680218773,0.0,True,False,401,True
validation,validation_layered_00151,layered,5.0310094988642735,5.0310094988642735,0.0,True,False,401,True
validation,validation_layered_00152,layered,5.045231505128684,4.913476603002307,0.02611473863834451,True,True,401,True
validation,validation_layered_00153,layered,4.894463717156232,4.788970944001918,0.021553489667220774,True,True,401,True
validation,validation_layered_00154,layered,5.115163347043122,4.967765434807793,0.02881587590365689,True,True,401,True
validation,validation_layered_00155,layered,4.807423868830098,4.807423868830098,0.0,True,False,401,True
validation,validation_layered_00156,layered,5.380793940553274,5.380793940553274,0.0,True,False,401,True
validation,validation_layered_00157,layered,4.741955407622746,4.741955407622746,0.0,True,False,401,True
validation,validation_layered_00158,layered,5.05861427801279,5.029254160047357,0.0058039843229492506,True,True,401,True
validation,validation_layered_00159,layered,5.583531052112106,5.569973263174454,0.0024281747179545135,True,True,401,True
validation,validation_layered_00160,layered,4.606374582052291,4.606374582052291,0.0,True,False,401,True
validation,validation_layered_00161,layered,5.340314206083326,5.340314206083326,0.0,True,False,401,True
validation,validation_layered_00162,layered,4.8692930427764844,4.756095424737763,0.023247238776612115,True,True,401,True
validation,validation_layered_00163,layered,4.6518756982607705,4.547923147272244,0.022346373319345542,True,True,401,True
validation,validation_layered_00164,layered,5.154730022265618,5.154730022265618,0.0,True,False,401,True
validation,validation_layered_00165,layered,4.969933153838924,4.8370224616597035,0.026742953690746585,True,True,401,True
validation,validation_layered_00166,layered,4.964481399727412,4.8735330918467135,0.018319800308989474,True,True,401,True
validation,validation_layered_00167,layered,5.015058641454324,5.015058641454324,0.0,True,False,401,True
validation,validation_layered_00168,layered,4.862264816609117,4.862264816609117,0.0,True,False,401,True
validation,validation_layered_00169,layered,5.403393773606585,5.403393773606585,0.0,True,False,401,True
validation,validation_layered_00170,layered,4.603595286760099,4.5377919618602744,0.014293898746719552,True,True,401,True
validation,validation_layered_00171,layered,4.733297027191418,4.549069905366864,0.038921521460880765,True,True,401,True
validation,validation_layered_00172,layered,6.58530428514489,6.58530428514489,0.0,True,False,401,True
validation,validation_layered_00173,layered,4.237361581517023,4.237361581517023,0.0,True,False,401,True
validation,validation_layered_00174,layered,4.663984529879202,4.50938541885179,0.03314743220887494,True,True,401,True
validation,validation_layered_00175,layered,5.067429309321477,4.9181091597434445,0.029466646787427192,True,True,401,True
validation,validation_layered_00176,layered,4.76220418766811,4.76220418766811,0.0,True,False,401,True
validation,validation_layered_00177,layered,4.882173244567359,4.882173244567359,0.0,True,False,401,True
validation,validation_layered_00178,layered,5.033556057616116,5.033556057616116,0.0,True,False,401,True
validation,validation_layered_00179,layered,5.152941029817318,5.152941029817318,0.0,True,False,401,True
validation,validation_layered_00180,layered,5.288726849378711,5.288726849378711,0.0,True,False,401,True
validation,validation_layered_00181,layered,5.065153627006515,5.037397372838803,0.005479844484818857,True,True,401,True
validation,validation_layered_00182,layered,4.928813738772777,4.928813738772777,0.0,True,False,401,True
validation,validation_layered_00183,layered,5.044410076781035,5.044410076781035,0.0,True,False,401,True
validation,validation_layered_00184,layered,5.8073697702386955,5.7629667523534716,0.007645977377362502,True,True,401,True
validation,validation_layered_00185,layered,7.000815878807177,6.894998423920975,0.0151150175519587,True,True,401,True
validation,validation_layered_00186,layered,6.331594348756453,6.242830167647827,0.014019246372923394,True,True,401,True
validation,validation_layered_00187,layered,5.142113896333451,5.11934820702181,0.004427301644927423,True,True,401,True
validation,validation_layered_00188,layered,6.165735767072891,6.165735767072891,0.0,True,False,401,True
validation,validation_layered_00189,layered,6.177149868152014,6.092687273414968,0.013673392509467279,True,True,401,True
validation,validation_layered_00190,layered,6.307989230074542,6.307989230074542,0.0,True,False,401,True
validation,validation_layered_00191,layered,6.254506549026153,6.254506549026153,0.0,True,False,401,True
validation,validation_layered_00192,layered,5.224306697123318,5.224306697123318,0.0,True,False,401,True
validation,validation_layered_00193,layered,5.969217075485216,5.969217075485216,0.0,True,False,401,True
validation,validation_layered_00194,layered,5.303083844928921,5.303083844928921,0.0,True,False,401,True
validation,validation_layered_00195,layered,5.6144380165305785,5.6144380165305785,0.0,True,False,401,True
validation,validation_layered_00196,layered,4.76477897446027,4.76477897446027,0.0,True,False,401,True
validation,validation_layered_00197,layered,4.879787608689614,4.8349780642955755,0.00918268334348081,True,True,401,True
validation,validation_layered_00198,layered,4.761702374698853,4.673480946347954,0.018527287387733484,True,True,401,True
validation,validation_layered_00199,layered,5.345943136561053,5.345943136561053,0.0,True,False,401,True
validation,validation_layered_00200,layered,5.096709108645805,5.081448333615932,0.002994240931660226,True,True,401,True
validation,validation_layered_00201,layered,4.918745782144998,4.918745782144998,0.0,True,False,401,True
validation,validation_layered_00202,layered,5.2001458936773135,5.2001458936773135,0.0,True,False,401,True
validation,validation_layered_00203,layered,5.038242677416265,4.93900880721151,0.019696127510801836,True,True,401,True
validation,validation_layered_00204,layered,6.458894559036582,6.458894559036582,0.0,True,False,401,True
validation,validation_layered_00205,layered,5.080744364845232,5.080744364845232,0.0,True,False,401,True
validation,validation_layered_00206,layered,5.7803774123309735,5.7803774123309735,0.0,True,False,401,True
validation,validation_layered_00207,layered,6.105428438439594,6.105428438439594,0.0,True,False,401,True
validation,validation_layered_00208,layered,5.21047643778214,5.21047643778214,0.0,True,False,401,True
validation,validation_layered_00209,layered,4.932775267075186,4.801904665715115,0.02653082580785575,True,True,401,True
validation,validation_layered_00210,layered,4.788974314255616,4.788974314255616,0.0,True,False,401,True
validation,validation_layered_00211,layered,4.980529249487988,4.980529249487988,0.0,True,False,401,True
validation,validation_layered_00212,layered,4.85201433203087,4.85201433203087,0.0,True,False,401,True
validation,validation_layered_00213,layered,4.684280973261169,4.684280973261169,0.0,True,False,401,True
validation,validation_layered_00214,layered,4.812190051083428,4.621862504023529,0.039551128496483366,True,True,401,True
validation,validation_layered_00215,layered,5.169973340077876,5.052628402532326,0.022697397032183184,True,True,401,True
validation,validation_layered_00216,layered,5.058970012880802,5.058970012880802,0.0,True,False,401,True
validation,validation_layered_00217,layered,4.829372296535686,4.705546026103309,0.025640241180246756,True,True,401,True
validation,validation_layered_00218,layered,4.7862180112123385,4.7862180112123385,0.0,True,False,401,True
validation,validation_layered_00219,layered,5.2591712412312415,5.2591712412312415,0.0,True,False,401,True
validation,validation_layered_00220,layered,5.152109594937688,5.046995305133097,0.020402184361115436,True,True,401,True
validation,validation_layered_00221,layered,5.003087739850391,4.862186892688504,0.02816277756625953,True,True,401,True
validation,validation_layered_00222,layered,4.909178564401811,4.909178564401811,0.0,True,False,401,True
validation,validation_layered_00223,layered,5.264228654207572,5.264228654207572,0.0,True,False,401,True
validation,validation_layered_00224,layered,4.454786051295341,4.454786051295341,0.0,True,False,401,True
validation,validation_layered_00225,layered,4.647780799813029,4.5528243104996475,0.02043050079237849,True,True,401,True
validation,validation_layered_00226,layered,4.923880042190423,4.923880042190423,0.0,True,False,401,True
validation,validation_layered_00227,layered,4.953228933418978,4.953228933418978,0.0,True,False,401,True
validation,validation_layered_00228,layered,5.030187458606816,4.939064732475215,0.018115175007183373,True,True,401,True
validation,validation_layered_00229,layered,4.961140164791452,4.961140164791452,0.0,True,False,401,True
validation,validation_layered_00230,layered,4.717262266361152,4.717262266361152,0.0,True,False,401,True
validation,validation_layered_00231,layered,6.32942282417721,6.32942282417721,0.0,True,False,401,True
validation,validation_layered_00232,layered,4.803423437213387,4.76543256612269,0.007909123896172012,True,True,401,True
validation,validation_layered_00233,layered,4.7225616568525215,4.5588536298818,0.03466509044581305,True,True,401,True
validation,validation_layered_00234,layered,5.141090235458166,5.005365169309668,0.026400055228052714,True,True,401,True
validation,validation_layered_00235,layered,4.808475365504642,4.808475365504642,0.0,True,False,401,True
validation,validation_layered_00236,layered,5.333135208386205,5.333135208386205,0.0,True,False,401,True
validation,validation_layered_00237,layered,6.212466838011646,6.212466838011646,0.0,True,False,401,True
validation,validation_layered_00238,layered,5.7946934912766945,5.7946934912766945,0.0,True,False,401,True
validation,validation_layered_00239,layered,5.172033697287198,5.172033697287198,0.0,True,False,401,True
validation,validation_marmousi_00000,marmousi,6.537496568051623,6.465517817580511,0.011010139695195814,True,True,401,True
validation,validation_marmousi_00001,marmousi,7.352115864261138,7.352115864261138,0.0,True,False,401,True
validation,validation_marmousi_00002,marmousi,7.215525320346203,7.215525320346203,0.0,True,False,401,True
validation,validation_marmousi_00003,marmousi,6.950914678466567,6.950914678466567,0.0,True,False,401,True
validation,validation_marmousi_00004,marmousi,6.663371081149276,6.663371081149276,0.0,True,False,401,True
validation,validation_marmousi_00005,marmousi,6.810084285317307,6.712113029901699,0.014386203064598807,True,True,401,True
validation,validation_marmousi_00006,marmousi,5.222251753862771,5.222251753862771,0.0,True,False,401,True
validation,validation_marmousi_00007,marmousi,6.491080118463176,6.410191377598996,0.01246152248746726,True,True,401,True
validation,validation_marmousi_00008,marmousi,6.770337725983841,6.770337725983841,0.0,True,False,401,True
validation,validation_marmousi_00009,marmousi,5.81758500413767,5.81758500413767,0.0,True,False,401,True
validation,validation_marmousi_00010,marmousi,7.434132434716266,7.34716688112985,0.011698144248856816,True,True,401,True
validation,validation_marmousi_00011,marmousi,6.069275518168361,6.069275518168361,0.0,True,False,401,True
validation,validation_marmousi_00012,marmousi,7.037718894124681,6.944343837538155,0.01326780139861486,True,True,401,True
validation,validation_marmousi_00013,marmousi,6.564237975560325,6.564237975560325,0.0,True,False,401,True
validation,validation_marmousi_00014,marmousi,6.757395914180148,6.757395914180148,0.0,True,False,401,True
validation,validation_marmousi_00015,marmousi,5.545095107871855,5.473497360154826,0.012911906166476505,True,True,401,True
validation,validation_marmousi_00016,marmousi,6.746608133205015,6.6625482006247685,0.012459584271172651,True,True,401,True
validation,validation_marmousi_00017,marmousi,5.845803784772439,5.845803784772439,0.0,True,False,401,True
validation,validation_marmousi_00018,marmousi,8.23138854747384,8.113659443613331,0.014302459807542276,True,True,401,True
validation,validation_marmousi_00019,marmousi,5.53109611839017,5.53109611839017,0.0,True,False,401,True
validation,validation_marmousi_00020,marmousi,4.803288565431924,4.803288565431924,0.0,True,False,401,True
validation,validation_marmousi_00021,marmousi,6.4854291033380065,6.403816207519896,0.012584039470280316,True,True,401,True
validation,validation_marmousi_00022,marmousi,7.305819546722728,7.305819546722728,0.0,True,False,401,True
validation,validation_marmousi_00023,marmousi,6.8495302417764785,6.773178498157156,0.011147004381941378,True,True,401,True
validation,validation_marmousi_00024,marmousi,7.689105131769743,7.689105131769743,0.0,True,False,401,True
validation,validation_marmousi_00025,marmousi,7.197114516984543,7.197114516984543,0.0,True,False,401,True
validation,validation_marmousi_00026,marmousi,6.9419548530326285,6.9419548530326285,0.0,True,False,401,True
validation,validation_marmousi_00027,marmousi,5.882931975027534,5.882931975027534,0.0,True,False,401,True
validation,validation_marmousi_00028,marmousi,6.7688986221839365,6.7688986221839365,0.0,True,False,401,True
validation,validation_marmousi_00029,marmousi,6.1991849269568045,6.125388036204765,0.011904289293119532,True,True,401,True
validation,validation_marmousi_00030,marmousi,5.326241266071936,5.326241266071936,0.0,True,False,401,True
validation,validation_marmousi_00031,marmousi,7.2237132788475895,7.2237132788475895,0.0,True,False,401,True
validation,validation_marmousi_00032,marmousi,6.056313501974295,5.983941974685285,0.011949765689213056,True,True,401,True
validation,validation_marmousi_00033,marmousi,7.29588884166325,7.29588884166325,0.0,True,False,401,True
validation,validation_marmousi_00034,marmousi,6.100163380947225,6.021252038525748,0.012935939169751129,True,True,401,True
validation,validation_marmousi_00035,marmousi,7.239404664321668,7.239404664321668,0.0,True,False,401,True
validation,validation_marmousi_00036,marmousi,5.081015017893582,5.081015017893582,0.0,True,False,401,True
validation,validation_marmousi_00037,marmousi,6.057116494699022,6.057116494699022,0.0,True,False,401,True
validation,validation_marmousi_00038,marmousi,4.647570663543055,4.647570663543055,0.0,True,False,401,True
validation,validation_marmousi_00039,marmousi,6.436741076137855,6.436741076137855,0.0,True,False,401,True
validation,validation_marmousi_00040,marmousi,7.0289164518685165,7.0289164518685165,0.0,True,False,401,True
validation,validation_marmousi_00041,marmousi,8.163478796972232,8.163478796972232,0.0,True,False,401,True
validation,validation_marmousi_00042,marmousi,7.682969407995164,7.682969407995164,0.0,True,False,401,True
validation,validation_marmousi_00043,marmousi,4.977064421476354,4.977064421476354,0.0,True,False,401,True
validation,validation_marmousi_00044,marmousi,6.3094100983472465,6.237736349714319,0.01135981771920369,True,True,401,True
validation,validation_marmousi_00045,marmousi,6.042387728230773,5.9774716474486445,0.01074344840183507,True,True,401,True
validation,validation_marmousi_00046,marmousi,4.647070255477707,4.647070255477707,0.0,True,False,401,True
validation,validation_marmousi_00047,marmousi,7.586061397133832,7.586061397133832,0.0,True,False,401,True
validation,validation_marmousi_00048,marmousi,5.13291019026445,5.13291019026445,0.0,True,False,401,True
validation,validation_marmousi_00049,marmousi,4.4826789110679925,4.4826789110679925,0.0,True,False,401,True
validation,validation_marmousi_00050,marmousi,4.967977242435187,4.967977242435187,0.0,True,False,401,True
validation,validation_marmousi_00051,marmousi,5.185824371095451,5.185824371095451,0.0,True,False,401,True
validation,validation_marmousi_00052,marmousi,5.534111514202755,5.470407982084672,0.011511067667247821,True,True,401,True
validation,validation_marmousi_00053,marmousi,3.9238685211618196,3.9298519742025695,-0.001524886220952743,False,True,401,True
validation,validation_marmousi_00054,marmousi,6.687542880789115,6.687542880789115,0.0,True,False,401,True
validation,validation_marmousi_00055,marmousi,6.427834337605517,6.427834337605517,0.0,True,False,401,True
validation,validation_marmousi_00056,marmousi,6.417498612431503,6.338617860315073,0.012291510583832205,True,True,401,True
validation,validation_marmousi_00057,marmousi,6.406461023017033,6.406461023017033,0.0,True,False,401,True
validation,validation_marmousi_00058,marmousi,4.11120818453787,4.11120818453787,0.0,True,False,401,True
validation,validation_marmousi_00059,marmousi,6.5998655968597335,6.51743265034719,0.012490094730378444,True,True,401,True
validation,validation_marmousi_00060,marmousi,5.522116798914937,5.522116798914937,0.0,True,False,401,True
validation,validation_marmousi_00061,marmousi,6.29591653224742,6.29591653224742,0.0,True,False,401,True
validation,validation_marmousi_00062,marmousi,5.31668283021792,5.31668283021792,0.0,True,False,401,True
validation,validation_marmousi_00063,marmousi,5.604423349059886,5.604423349059886,0.0,True,False,401,True
validation,validation_marmousi_00064,marmousi,6.01728144050948,6.01728144050948,0.0,True,False,401,True
validation,validation_marmousi_00065,marmousi,5.584261407838269,5.513991431839595,0.01258357567216322,True,True,401,True
validation,validation_marmousi_00066,marmousi,5.134048502282234,5.0746357831094215,0.011572294096248251,True,True,401,True
validation,validation_marmousi_00067,marmousi,4.79718889673325,4.79718889673325,0.0,True,False,401,True
validation,validation_marmousi_00068,marmousi,6.571731286755818,6.571731286755818,0.0,True,False,401,True
validation,validation_marmousi_00069,marmousi,6.702516978505131,6.702516978505131,0.0,True,False,401,True
validation,validation_marmousi_00070,marmousi,6.103421583670897,6.024957907037807,0.01285568685653503,True,True,401,True
validation,validation_marmousi_00071,marmousi,5.646461238977123,5.646461238977123,0.0,True,False,401,True
validation,validation_marmousi_00072,marmousi,5.648612029709068,5.648612029709068,0.0,True,False,401,True
validation,validation_marmousi_00073,marmousi,4.681852543906891,4.681852543906891,0.0,True,False,401,True
validation,validation_marmousi_00074,marmousi,5.337102204616098,5.337102204616098,0.0,True,False,401,True
validation,validation_marmousi_00075,marmousi,6.831413252015175,6.736926921494363,0.013831154262690834,True,True,401,True
validation,validation_marmousi_00076,marmousi,6.070278469688187,5.991874161785742,0.012916097390581853,True,True,401,True
validation,validation_marmousi_00077,marmousi,4.702488242498347,4.702488242498347,0.0,True,False,401,True
validation,validation_marmousi_00078,marmousi,5.6520708522858465,5.578482144867553,0.013019777943606722,True,True,401,True
validation,validation_marmousi_00079,marmousi,6.321785544735164,6.321785544735164,0.0,True,False,401,True
validation,validation_marmousi_00080,marmousi,4.970104195119559,4.925274839064499,0.009019802059498214,True,True,401,True
validation,validation_marmousi_00081,marmousi,5.726413879570195,5.726413879570195,0.0,True,False,401,True
validation,validation_marmousi_00082,marmousi,3.9956909488878316,3.9956909488878316,0.0,True,False,401,True
validation,validation_marmousi_00083,marmousi,5.6345259998335955,5.6345259998335955,0.0,True,False,401,True
validation,validation_marmousi_00084,marmousi,4.7182065471044705,4.7182065471044705,0.0,True,False,401,True
validation,validation_marmousi_00085,marmousi,4.6807783967074945,4.6807783967074945,0.0,True,False,401,True
validation,validation_marmousi_00086,marmousi,6.659722353644381,6.659722353644381,0.0,True,False,401,True
validation,validation_marmousi_00087,marmousi,5.773522153273243,5.773522153273243,0.0,True,False,401,True
validation,validation_marmousi_00088,marmousi,6.162799939489633,6.162799939489633,0.0,True,False,401,True
validation,validation_marmousi_00089,marmousi,5.019640654290667,4.945625651521816,0.014745079950212146,True,True,401,True
validation,validation_marmousi_00090,marmousi,7.106459289997773,7.106459289997773,0.0,True,False,401,True
validation,validation_marmousi_00091,marmousi,5.43980723577183,5.43980723577183,0.0,True,False,401,True
validation,validation_marmousi_00092,marmousi,6.019258764421481,6.019258764421481,0.0,True,False,401,True
validation,validation_marmousi_00093,marmousi,5.982808987248968,5.982808987248968,0.0,True,False,401,True
validation,validation_marmousi_00094,marmousi,4.885876040866374,4.885876040866374,0.0,True,False,401,True
validation,validation_marmousi_00095,marmousi,6.413601603112402,6.413601603112402,0.0,True,False,401,True
validation,validation_marmousi_00096,marmousi,4.60430082083443,4.571608517323522,0.007100383919959237,True,True,401,True
validation,validation_marmousi_00097,marmousi,7.153387973115993,7.153387973115993,0.0,True,False,401,True
validation,validation_marmousi_00098,marmousi,6.0747972334112745,6.015839288906622,0.00970533537817279,True,True,401,True
validation,validation_marmousi_00099,marmousi,7.190039538755288,7.190039538755288,0.0,True,False,401,True
validation,validation_marmousi_00100,marmousi,6.750294580465121,6.750294580465121,0.0,True,False,401,True
validation,validation_marmousi_00101,marmousi,5.737172916701119,5.666263393128231,0.01235966295637829,True,True,401,True
validation,validation_marmousi_00102,marmousi,8.16777035020853,8.050823374545605,0.01431810281736672,True,True,401,True
validation,validation_marmousi_00103,marmousi,5.307296630011469,5.307296630011469,0.0,True,False,401,True
validation,validation_marmousi_00104,marmousi,4.879705693314045,4.879705693314045,0.0,True,False,401,True
validation,validation_marmousi_00105,marmousi,6.7416712974573505,6.7416712974573505,0.0,True,False,401,True
validation,validation_marmousi_00106,marmousi,5.818990706108581,5.724969566745019,0.016157636970422024,True,True,401,True
validation,validation_marmousi_00107,marmousi,5.411455582840474,5.411455582840474,0.0,True,False,401,True
validation,validation_marmousi_00108,marmousi,5.944151790103737,5.944151790103737,0.0,True,False,401,True
validation,validation_marmousi_00109,marmousi,8.48493738978775,8.48493738978775,0.0,True,False,401,True
validation,validation_marmousi_00110,marmousi,7.1943270586470325,7.1943270586470325,0.0,True,False,401,True
validation,validation_marmousi_00111,marmousi,6.831036103001422,6.831036103001422,0.0,True,False,401,True
validation,validation_marmousi_00112,marmousi,6.172832853486795,6.172832853486795,0.0,True,False,401,True
validation,validation_marmousi_00113,marmousi,6.979888286605166,6.979888286605166,0.0,True,False,401,True
validation,validation_marmousi_00114,marmousi,6.664560746524558,6.664560746524558,0.0,True,False,401,True
validation,validation_marmousi_00115,marmousi,6.874037551349958,6.874037551349958,0.0,True,False,401,True
validation,validation_marmousi_00116,marmousi,4.695710787247857,4.695710787247857,0.0,True,False,401,True
validation,validation_marmousi_00117,marmousi,6.582292862782909,6.505286966531317,0.011698947138464866,True,True,401,True
validation,validation_marmousi_00118,marmousi,6.411841158164869,6.411841158164869,0.0,True,False,401,True
validation,validation_marmousi_00119,marmousi,6.140713391731252,6.140713391731252,0.0,True,False,401,True
validation,validation_marmousi_00120,marmousi,6.863385717874056,6.863385717874056,0.0,True,False,401,True
validation,validation_marmousi_00121,marmousi,6.983110699901924,6.983110699901924,0.0,True,False,401,True
validation,validation_marmousi_00122,marmousi,5.82243038635041,5.748883703716054,0.0126316121884038,True,True,401,True
validation,validation_marmousi_00123,marmousi,6.755090045888799,6.674984568920928,0.011858535774311849,True,True,401,True
validation,validation_marmousi_00124,marmousi,4.885074175027639,4.885074175027639,0.0,True,False,401,True
validation,validation_marmousi_00125,marmousi,5.33078881371469,5.33078881371469,0.0,True,False,401,True
validation,validation_marmousi_00126,marmousi,5.295138794104072,5.295138794104072,0.0,True,False,401,True
validation,validation_marmousi_00127,marmousi,4.708215093230835,4.708215093230835,0.0,True,False,401,True
validation,validation_marmousi_00128,marmousi,5.203962285967445,5.203962285967445,0.0,True,False,401,True
validation,validation_marmousi_00129,marmousi,6.775449025058521,6.684349704105002,0.01344550311227998,True,True,401,True
validation,validation_marmousi_00130,marmousi,5.071361467674594,5.071361467674594,0.0,True,False,401,True
validation,validation_marmousi_00131,marmousi,6.691295109813374,6.602956095103148,0.013202080204274429,True,True,401,True
validation,validation_marmousi_00132,marmousi,6.847907781488537,6.7715159853281355,0.011155494290811892,True,True,401,True
validation,validation_marmousi_00133,marmousi,5.506243896978803,5.451923850803642,0.009865172555281434,True,True,401,True
validation,validation_marmousi_00134,marmousi,6.66606366031432,6.66606366031432,0.0,True,False,401,True
validation,validation_marmousi_00135,marmousi,5.940970102879744,5.940970102879744,0.0,True,False,401,True
validation,validation_marmousi_00136,marmousi,6.038332966827132,6.038332966827132,0.0,True,False,401,True
validation,validation_marmousi_00137,marmousi,4.591531411058375,4.545360647541885,0.010055634903268025,True,True,401,True
validation,validation_marmousi_00138,marmousi,4.905546603314499,4.854276864954144,0.01045138136608743,True,True,401,True
validation,validation_marmousi_00139,marmousi,6.785350352061287,6.785350352061287,0.0,True,False,401,True
validation,validation_marmousi_00140,marmousi,6.418864648361742,6.418864648361742,0.0,True,False,401,True
validation,validation_marmousi_00141,marmousi,7.629604578225854,7.629604578225854,0.0,True,False,401,True
validation,validation_marmousi_00142,marmousi,5.230996983671607,5.230996983671607,0.0,True,False,401,True
validation,validation_marmousi_00143,marmousi,6.384997915012852,6.293382939171542,0.014348473885308436,True,True,401,True
validation,validation_marmousi_00144,marmousi,4.269849357768426,4.214455249923767,0.0129733166683918,True,True,401,True
validation,validation_marmousi_00145,marmousi,6.542887406649947,6.542887406649947,0.0,True,False,401,True
validation,validation_marmousi_00146,marmousi,5.912800452613391,5.912800452613391,0.0,True,False,401,True
validation,validation_marmousi_00147,marmousi,5.714266432666909,5.6401300709160695,0.012973907084034763,True,True,401,True
validation,validation_marmousi_00148,marmousi,5.667840380418882,5.667840380418882,0.0,True,False,401,True
validation,validation_marmousi_00149,marmousi,5.039133948371977,4.981929663878141,0.01135200712660504,True,True,401,True
test_id,test_id_uniform_00000,uniform,6.511691152125766,6.511691152125766,0.0,True,False,401,True
test_id,test_id_uniform_00001,uniform,7.181996385112287,7.181996385112287,0.0,True,False,401,True
test_id,test_id_uniform_00002,uniform,4.772162654359234,4.772162654359234,0.0,True,False,401,True
test_id,test_id_uniform_00003,uniform,5.04222115091695,5.04222115091695,0.0,True,False,401,True
test_id,test_id_uniform_00004,uniform,6.495046636338911,6.495046636338911,0.0,True,False,401,True
test_id,test_id_uniform_00005,uniform,5.369528384107072,5.336354558480508,0.006178163751727849,True,True,401,True
test_id,test_id_uniform_00006,uniform,5.417227227800254,5.417227227800254,0.0,True,False,401,True
test_id,test_id_uniform_00007,uniform,5.582976433422551,5.582976433422551,0.0,True,False,401,True
test_id,test_id_uniform_00008,uniform,5.336628156530586,5.336628156530586,0.0,True,False,401,True
test_id,test_id_uniform_00009,uniform,6.007833009214623,6.007833009214623,0.0,True,False,401,True
test_id,test_id_uniform_00010,uniform,5.990233375727435,5.990233375727435,0.0,True,False,401,True
test_id,test_id_uniform_00011,uniform,4.4155470689867355,4.4155470689867355,0.0,True,False,401,True
test_id,test_id_uniform_00012,uniform,4.463569283181761,4.463569283181761,0.0,True,False,401,True
test_id,test_id_uniform_00013,uniform,5.010974394409384,4.9289361762676345,0.016371709708450668,True,True,401,True
test_id,test_id_uniform_00014,uniform,7.154744406827793,7.154744406827793,0.0,True,False,401,True
test_id,test_id_uniform_00015,uniform,6.252563381662591,6.252563381662591,0.0,True,False,401,True
test_id,test_id_uniform_00016,uniform,4.946244558041888,4.946244558041888,0.0,True,False,401,True
test_id,test_id_uniform_00017,uniform,6.371731069531232,6.371731069531232,0.0,True,False,401,True
test_id,test_id_uniform_00018,uniform,4.810118248672338,4.810118248672338,0.0,True,False,401,True
test_id,test_id_uniform_00019,uniform,4.772267689198532,4.772267689198532,0.0,True,False,401,True
test_id,test_id_uniform_00020,uniform,5.992474057624808,5.992474057624808,0.0,True,False,401,True
test_id,test_id_uniform_00021,uniform,5.272728429434971,5.272728429434971,0.0,True,False,401,True
test_id,test_id_uniform_00022,uniform,5.58102664044045,5.58102664044045,0.0,True,False,401,True
test_id,test_id_uniform_00023,uniform,6.13515251093287,6.13515251093287,0.0,True,False,401,True
test_id,test_id_uniform_00024,uniform,5.236295796138635,5.236295796138635,0.0,True,False,401,True
test_id,test_id_uniform_00025,uniform,5.672268940671048,5.672268940671048,0.0,True,False,401,True
test_id,test_id_uniform_00026,uniform,5.650469111540718,5.650310857150222,2.8007301229712037e-05,True,True,401,True
test_id,test_id_uniform_00027,uniform,6.774813856650881,6.7244563397723525,0.0074330480429498575,True,True,401,True
test_id,test_id_uniform_00028,uniform,7.201274150717632,7.201274150717632,0.0,True,False,401,True
test_id,test_id_uniform_00029,uniform,5.552019963445201,5.552019963445201,0.0,True,False,401,True
test_id,test_id_uniform_00030,uniform,5.759105239480154,5.759105239480154,0.0,True,False,401,True
test_id,test_id_uniform_00031,uniform,6.69571498400817,6.69571498400817,0.0,True,False,401,True
test_id,test_id_uniform_00032,uniform,4.603991848211521,4.603991848211521,0.0,True,False,401,True
test_id,test_id_uniform_00033,uniform,6.0403317004101975,6.0403317004101975,0.0,True,False,401,True
test_id,test_id_uniform_00034,uniform,5.40988656588945,5.40988656588945,0.0,True,False,401,True
test_id,test_id_uniform_00035,uniform,4.813013712500333,4.813013712500333,0.0,True,False,401,True
test_id,test_id_uniform_00036,uniform,4.858262038951748,4.858262038951748,0.0,True,False,401,True
test_id,test_id_uniform_00037,uniform,7.428018382629301,7.428018382629301,0.0,True,False,401,True
test_id,test_id_uniform_00038,uniform,6.336664459192303,6.336664459192303,0.0,True,False,401,True
test_id,test_id_uniform_00039,uniform,4.317860254787429,4.230184415321022,0.020305390701145537,True,True,401,True
test_id,test_id_uniform_00040,uniform,5.922070028055849,5.922070028055849,0.0,True,False,401,True
test_id,test_id_uniform_00041,uniform,4.847187537368993,4.847187537368993,0.0,True,False,401,True
test_id,test_id_uniform_00042,uniform,5.022238870443274,4.9655615106568405,0.011285277592029531,True,True,401,True
test_id,test_id_uniform_00043,uniform,4.9069045611493385,4.9069045611493385,0.0,True,False,401,True
test_id,test_id_uniform_00044,uniform,4.823327464613298,4.652491946363875,0.035418602510978316,True,True,401,True
test_id,test_id_uniform_00045,uniform,4.299624800772049,4.299624800772049,0.0,True,False,401,True
test_id,test_id_uniform_00046,uniform,5.023226755887466,5.023226755887466,0.0,True,False,401,True
test_id,test_id_uniform_00047,uniform,5.5286511446233915,5.5286511446233915,0.0,True,False,401,True
test_id,test_id_uniform_00048,uniform,5.546323921035904,5.546323921035904,0.0,True,False,401,True
test_id,test_id_uniform_00049,uniform,8.03129540923584,8.03129540923584,0.0,True,False,401,True
test_id,test_id_uniform_00050,uniform,6.291365471662942,6.291365471662942,0.0,True,False,401,True
test_id,test_id_uniform_00051,uniform,6.546303558517903,6.546303558517903,0.0,True,False,401,True
test_id,test_id_uniform_00052,uniform,4.7679427972894155,4.622386560214379,0.030528100537989898,True,True,401,True
test_id,test_id_uniform_00053,uniform,5.640667829096453,5.640667829096453,0.0,True,False,401,True
test_id,test_id_uniform_00054,uniform,4.395290327323275,4.296858816006507,0.02239476894276352,True,True,401,True
test_id,test_id_uniform_00055,uniform,7.028494138529686,6.941377254649127,0.012394814901102445,True,True,401,True
test_id,test_id_uniform_00056,uniform,6.700846956662356,6.700846956662356,0.0,True,False,401,True
test_id,test_id_uniform_00057,uniform,5.284783273838462,5.284783273838462,0.0,True,False,401,True
test_id,test_id_uniform_00058,uniform,6.601769862734808,6.601769862734808,0.0,True,False,401,True
test_id,test_id_uniform_00059,uniform,5.097512389992066,5.097512389992066,0.0,True,False,401,True
test_id,test_id_uniform_00060,uniform,5.291143788607689,5.291143788607689,0.0,True,False,401,True
test_id,test_id_uniform_00061,uniform,5.761725723305284,5.761725723305284,0.0,True,False,401,True
test_id,test_id_uniform_00062,uniform,4.901275783362535,4.901275783362535,0.0,True,False,401,True
test_id,test_id_uniform_00063,uniform,4.890516914377159,4.890516914377159,0.0,True,False,401,True
test_id,test_id_uniform_00064,uniform,5.321973638842953,5.321973638842953,0.0,True,False,401,True
test_id,test_id_uniform_00065,uniform,6.782897266391203,6.782897266391203,0.0,True,False,401,True
test_id,test_id_uniform_00066,uniform,5.532619209308508,5.532619209308508,0.0,True,False,401,True
test_id,test_id_uniform_00067,uniform,5.577630224202729,5.577630224202729,0.0,True,False,401,True
test_id,test_id_uniform_00068,uniform,5.000997726393295,5.000997726393295,0.0,True,False,401,True
test_id,test_id_uniform_00069,uniform,5.105332899639711,5.014703127888164,0.017751980827331124,True,True,401,True
test_id,test_id_uniform_00070,uniform,5.665693054559456,5.665693054559456,0.0,True,False,401,True
test_id,test_id_uniform_00071,uniform,5.969844308224833,5.969844308224833,0.0,True,False,401,True
test_id,test_id_uniform_00072,uniform,6.6465557464250935,6.6465557464250935,0.0,True,False,401,True
test_id,test_id_uniform_00073,uniform,5.067660046582715,5.067660046582715,0.0,True,False,401,True
test_id,test_id_uniform_00074,uniform,5.455275764146959,5.455275764146959,0.0,True,False,401,True
test_id,test_id_uniform_00075,uniform,6.324282601362026,6.324282601362026,0.0,True,False,401,True
test_id,test_id_uniform_00076,uniform,6.723273261686669,6.723273261686669,0.0,True,False,401,True
test_id,test_id_uniform_00077,uniform,6.96684382984619,6.96684382984619,0.0,True,False,401,True
test_id,test_id_uniform_00078,uniform,6.745290270505496,6.745290270505496,0.0,True,False,401,True
test_id,test_id_uniform_00079,uniform,7.0907289124208495,7.0907289124208495,0.0,True,False,401,True
test_id,test_id_uniform_00080,uniform,6.183459308126433,6.135210070873402,0.007802952174298389,True,True,401,True
test_id,test_id_uniform_00081,uniform,5.521986254405801,5.521986254405801,0.0,True,False,401,True
test_id,test_id_uniform_00082,uniform,5.317995700901006,5.317995700901006,0.0,True,False,401,True
test_id,test_id_uniform_00083,uniform,5.578937965695881,5.578937965695881,0.0,True,False,401,True
test_id,test_id_uniform_00084,uniform,4.692585760888228,4.548316130882098,0.030744164807511694,True,True,401,True
test_id,test_id_uniform_00085,uniform,5.462137546168628,5.462137546168628,0.0,True,False,401,True
test_id,test_id_uniform_00086,uniform,6.353226561470795,6.353226561470795,0.0,True,False,401,True
test_id,test_id_uniform_00087,uniform,4.574956399634791,4.574956399634791,0.0,True,False,401,True
test_id,test_id_uniform_00088,uniform,5.507214934441392,5.507214934441392,0.0,True,False,401,True
test_id,test_id_uniform_00089,uniform,5.8005574491910386,5.8005574491910386,0.0,True,False,401,True
test_id,test_id_layered_00000,layered,4.854745828787836,4.733078473816417,0.025061529328672925,True,True,401,True
test_id,test_id_layered_00001,layered,4.617290167658878,4.479106933600948,0.029927344619970632,True,True,401,True
test_id,test_id_layered_00002,layered,5.007797627645255,4.8196478112790135,0.03757136976294156,True,True,401,True
test_id,test_id_layered_00003,layered,4.510415687857071,4.357122803147779,0.03398642061351168,True,True,401,True
test_id,test_id_layered_00004,layered,5.117789304348013,4.982000944839644,0.026532620128187863,True,True,401,True
test_id,test_id_layered_00005,layered,5.136976788808546,5.017780457607895,0.023203595441648364,True,True,401,True
test_id,test_id_layered_00006,layered,5.137671292667858,5.043944755322104,0.018242999990971422,True,True,401,True
test_id,test_id_layered_00007,layered,4.842286547860861,4.769578564594681,0.015015216994603411,True,True,401,True
test_id,test_id_layered_00008,layered,4.626092287731045,4.545214792066866,0.01748289714813429,True,True,401,True
test_id,test_id_layered_00009,layered,4.9810278287646845,4.824097777344798,0.031505556044806406,True,True,401,True
test_id,test_id_layered_00010,layered,5.481728524399749,5.407112056612236,0.013611850250406746,True,True,401,True
test_id,test_id_layered_00011,layered,4.870694395594683,4.719594570306646,0.03102223482234879,True,True,401,True
test_id,test_id_layered_00012,layered,4.403032247648421,4.24173226687315,0.03663384043153867,True,True,401,True
test_id,test_id_layered_00013,layered,5.178854130604269,5.178854130604269,0.0,True,False,401,True
test_id,test_id_layered_00014,layered,4.58968977341616,4.428263845589874,0.035171424605052376,True,True,401,True
test_id,test_id_layered_00015,layered,5.082975943401941,5.082975943401941,0.0,True,False,401,True
test_id,test_id_layered_00016,layered,5.393472489097975,5.393472489097975,0.0,True,False,401,True
test_id,test_id_layered_00017,layered,4.993496153792346,4.993496153792346,0.0,True,False,401,True
test_id,test_id_layered_00018,layered,5.2724902272941145,5.2724902272941145,0.0,True,False,401,True
test_id,test_id_layered_00019,layered,4.920252986823828,4.920252986823828,0.0,True,False,401,True
test_id,test_id_layered_00020,layered,4.793050182040103,4.793050182040103,0.0,True,False,401,True
test_id,test_id_layered_00021,layered,5.250627401532025,5.129493643648917,0.023070339717452322,True,True,401,True
test_id,test_id_layered_00022,layered,5.137390178965684,4.938778327138285,0.03866006764301989,True,True,401,True
test_id,test_id_layered_00023,layered,4.803047509206593,4.719177317969716,0.01746187000568135,True,True,401,True
test_id,test_id_layered_00024,layered,4.845442395969684,4.726859332850426,0.024473113789959148,True,True,401,True
test_id,test_id_layered_00025,layered,4.7082881979213855,4.569540540459297,0.029468811514839516,True,True,401,True
test_id,test_id_layered_00026,layered,4.954278268342805,4.860711007735603,0.01888615365129676,True,True,401,True
test_id,test_id_layered_00027,layered,5.60930423458717,5.510744274826138,0.017570799450189925,True,True,401,True
test_id,test_id_layered_00028,layered,5.229415986931928,5.229415986931928,0.0,True,False,401,True
test_id,test_id_layered_00029,layered,5.600162725677475,5.600162725677475,0.0,True,False,401,True
test_id,test_id_layered_00030,layered,4.974899600052352,4.974899600052352,0.0,True,False,401,True
test_id,test_id_layered_00031,layered,4.935685939564156,4.797329562442855,0.02803184376304094,True,True,401,True
test_id,test_id_layered_00032,layered,5.513571574862045,5.513571574862045,0.0,True,False,401,True
test_id,test_id_layered_00033,layered,5.4228970257413085,5.4228970257413085,0.0,True,False,401,True
test_id,test_id_layered_00034,layered,6.008026017006024,6.008026017006024,0.0,True,False,401,True
test_id,test_id_layered_00035,layered,5.328687508822791,5.328687508822791,0.0,True,False,401,True
test_id,test_id_layered_00036,layered,5.665336214304692,5.452864860812034,0.03750375007862349,True,True,401,True
test_id,test_id_layered_00037,layered,5.7438151657621415,5.619923996628768,0.021569490932066667,True,True,401,True
test_id,test_id_layered_00038,layered,5.3872560453178915,5.331746346679825,0.01030389091795818,True,True,401,True
test_id,test_id_layered_00039,layered,5.0864097670063435,5.0864097670063435,0.0,True,False,401,True
test_id,test_id_layered_00040,layered,6.379321207335604,6.379321207335604,0.0,True,False,401,True
test_id,test_id_layered_00041,layered,5.8819721417012705,5.8819721417012705,0.0,True,False,401,True
test_id,test_id_layered_00042,layered,5.35059969763495,5.35059969763495,0.0,True,False,401,True
test_id,test_id_layered_00043,layered,6.618480561509822,6.618480561509822,0.0,True,False,401,True
test_id,test_id_layered_00044,layered,5.094290628010261,5.094290628010261,0.0,True,False,401,True
test_id,test_id_layered_00045,layered,5.259179990239915,5.200675363780298,0.011124286783907516,True,True,401,True
test_id,test_id_layered_00046,layered,4.775427602169652,4.775427602169652,0.0,True,False,401,True
test_id,test_id_layered_00047,layered,4.736540702559686,4.643438043312865,0.019656256557978456,True,True,401,True
test_id,test_id_layered_00048,layered,4.183128047007468,4.080798506731412,0.024462445119092315,True,True,401,True
test_id,test_id_layered_00049,layered,4.860898195516806,4.860898195516806,0.0,True,False,401,True
test_id,test_id_layered_00050,layered,4.341235251289349,4.219977585605467,0.02793160440864561,True,True,401,True
test_id,test_id_layered_00051,layered,4.425826552415196,4.357546105046986,0.01542772780622158,True,True,401,True
test_id,test_id_layered_00052,layered,4.806742828079217,4.655497232245655,0.03146529807046063,True,True,401,True
test_id,test_id_layered_00053,layered,4.840515625037392,4.66377356764324,0.03651306412068181,True,True,401,True
test_id,test_id_layered_00054,layered,4.49223763007067,4.4644520101217,0.006185251591094703,True,True,401,True
test_id,test_id_layered_00055,layered,4.7198000133204,4.7198000133204,0.0,True,False,401,True
test_id,test_id_layered_00056,layered,4.953365274063659,4.808864887652218,0.02917216446121179,True,True,401,True
test_id,test_id_layered_00057,layered,4.62570528003782,4.62570528003782,0.0,True,False,401,True
test_id,test_id_layered_00058,layered,4.948345169186393,4.926473885579359,0.004419918752480621,True,True,401,True
test_id,test_id_layered_00059,layered,5.685217500032916,5.685217500032916,0.0,True,False,401,True
test_id,test_id_layered_00060,layered,4.846994522941638,4.659765095640169,0.038627942824214244,True,True,401,True
test_id,test_id_layered_00061,layered,4.989975607958908,4.989975607958908,0.0,True,False,401,True
test_id,test_id_layered_00062,layered,5.24277546937039,5.110336582469214,0.025261216635142292,True,True,401,True
test_id,test_id_layered_00063,layered,4.989207680645104,4.989207680645104,0.0,True,False,401,True
test_id,test_id_layered_00064,layered,5.449438003794268,5.424637852920503,0.004550955686897883,True,True,401,True
test_id,test_id_layered_00065,layered,5.457914875877763,5.457914875877763,0.0,True,False,401,True
test_id,test_id_layered_00066,layered,5.529401147140372,5.529401147140372,0.0,True,False,401,True
test_id,test_id_layered_00067,layered,5.215371629570434,5.215371629570434,0.0,True,False,401,True
test_id,test_id_layered_00068,layered,5.591259698903665,5.591259698903665,0.0,True,False,401,True
test_id,test_id_layered_00069,layered,5.2549701047712185,5.2549701047712185,0.0,True,False,401,True
test_id,test_id_layered_00070,layered,5.31564262167968,5.31564262167968,0.0,True,False,401,True
test_id,test_id_layered_00071,layered,4.802904952318464,4.619060209917659,0.03827782232335428,True,True,401,True
test_id,test_id_layered_00072,layered,5.287630336323727,5.287630336323727,0.0,True,False,401,True
test_id,test_id_layered_00073,layered,5.59415859334041,5.496319154907766,0.017489571809622437,True,True,401,True
test_id,test_id_layered_00074,layered,5.738966591002157,5.738966591002157,0.0,True,False,401,True
test_id,test_id_layered_00075,layered,5.272162410337746,5.221784786323538,0.009555400629431717,True,True,401,True
test_id,test_id_layered_00076,layered,5.170896175871059,5.170896175871059,0.0,True,False,401,True
test_id,test_id_layered_00077,layered,4.595620766417631,4.563033982262078,0.007090834037847545,True,True,401,True
test_id,test_id_layered_00078,layered,4.724152464157291,4.585280809569894,0.029396099224365303,True,True,401,True
test_id,test_id_layered_00079,layered,4.6716993071956905,4.6716993071956905,0.0,True,False,401,True
test_id,test_id_layered_00080,layered,6.285218535216543,6.285218535216543,0.0,True,False,401,True
test_id,test_id_layered_00081,layered,5.843325163539032,5.843325163539032,0.0,True,False,401,True
test_id,test_id_layered_00082,layered,5.622738224092816,5.622738224092816,0.0,True,False,401,True
test_id,test_id_layered_00083,layered,5.243867006658032,5.2185584981184086,0.0048263063322334316,True,True,401,True
test_id,test_id_layered_00084,layered,5.504095936545589,5.317857720598844,0.03383629538689141,True,True,401,True
test_id,test_id_layered_00085,layered,4.6531435584521,4.6531435584521,0.0,True,False,401,True
test_id,test_id_layered_00086,layered,5.2281982019820035,5.2281982019820035,0.0,True,False,401,True
test_id,test_id_layered_00087,layered,4.99105903351712,4.901948565007919,0.017854020140973224,True,True,401,True
test_id,test_id_layered_00088,layered,4.379097219681942,4.215267833000187,0.037411680641713164,True,True,401,True
test_id,test_id_layered_00089,layered,5.069096041568818,5.069096041568818,0.0,True,False,401,True
test_id,test_id_layered_00090,layered,4.937849735766465,4.887747751502135,0.010146518615466208,True,True,401,True
test_id,test_id_layered_00091,layered,4.623711077610783,4.623711077610783,0.0,True,False,401,True
test_id,test_id_layered_00092,layered,4.956638337536658,4.956638337536658,0.0,True,False,401,True
test_id,test_id_layered_00093,layered,6.160351207713219,6.160351207713219,0.0,True,False,401,True
test_id,test_id_layered_00094,layered,5.23864320007594,5.23864320007594,0.0,True,False,401,True
test_id,test_id_layered_00095,layered,5.645741658208939,5.623027858898103,0.004023173691947051,True,True,401,True
test_id,test_id_layered_00096,layered,4.65813311253713,4.65813311253713,0.0,True,False,401,True
test_id,test_id_layered_00097,layered,4.3229416226925546,4.3229416226925546,0.0,True,False,401,True
test_id,test_id_layered_00098,layered,5.035759968423221,5.035759968423221,0.0,True,False,401,True
test_id,test_id_layered_00099,layered,4.74583062769315,4.651291654556851,0.019920427118624778,True,True,401,True
test_id,test_id_layered_00100,layered,5.087304931424533,5.030455862905772,0.01117469255039177,True,True,401,True
test_id,test_id_layered_00101,layered,4.54094552340309,4.415158726577986,0.027700573851156166,True,True,401,True
test_id,test_id_layered_00102,layered,5.49906132480621,5.49906132480621,0.0,True,False,401,True
test_id,test_id_layered_00103,layered,5.264811947630232,5.264811947630232,0.0,True,False,401,True
test_id,test_id_layered_00104,layered,4.790358648079655,4.790358648079655,0.0,True,False,401,True
test_id,test_id_layered_00105,layered,5.137522697712937,5.137522697712937,0.0,True,False,401,True
test_id,test_id_layered_00106,layered,5.351299699697107,5.351299699697107,0.0,True,False,401,True
test_id,test_id_layered_00107,layered,5.362851621577639,5.362851621577639,0.0,True,False,401,True
test_id,test_id_layered_00108,layered,5.018530509203463,5.018530509203463,0.0,True,False,401,True
test_id,test_id_layered_00109,layered,5.257935622451413,5.257935622451413,0.0,True,False,401,True
test_id,test_id_layered_00110,layered,5.102880865626449,5.046685168371884,0.011012543450329244,True,True,401,True
test_id,test_id_layered_00111,layered,5.500348248743142,5.4229687189292095,0.014068114656488238,True,True,401,True
test_id,test_id_layered_00112,layered,4.9017200182645775,4.9017200182645775,0.0,True,False,401,True
test_id,test_id_layered_00113,layered,4.746339445835678,4.611297234690045,0.028451865418963156,True,True,401,True
test_id,test_id_layered_00114,layered,4.957603995232089,4.957603995232089,0.0,True,False,401,True
test_id,test_id_layered_00115,layered,4.997260459703578,4.997260459703578,0.0,True,False,401,True
test_id,test_id_layered_00116,layered,4.475432044272543,4.475432044272543,0.0,True,False,401,True
test_id,test_id_layered_00117,layered,5.12043253168528,5.12043253168528,0.0,True,False,401,True
test_id,test_id_layered_00118,layered,5.21652806434325,5.06410470286777,0.02921931207795969,True,True,401,True
test_id,test_id_layered_00119,layered,5.249535456746011,5.114441111926038,0.025734533261675113,True,True,401,True
test_id,test_id_layered_00120,layered,5.0458306168486144,5.0458306168486144,0.0,True,False,401,True
test_id,test_id_layered_00121,layered,5.096289686999731,5.096289686999731,0.0,True,False,401,True
test_id,test_id_layered_00122,layered,4.944688010233888,4.844880507105785,0.020184792836582213,True,True,401,True
test_id,test_id_layered_00123,layered,4.712695992787552,4.712695992787552,0.0,True,False,401,True
test_id,test_id_layered_00124,layered,5.24947746593302,5.24947746593302,0.0,True,False,401,True
test_id,test_id_layered_00125,layered,4.902093006290417,4.902093006290417,0.0,True,False,401,True
test_id,test_id_layered_00126,layered,5.121256274460445,5.121256274460445,0.0,True,False,401,True
test_id,test_id_layered_00127,layered,5.48619999775372,5.48619999775372,0.0,True,False,401,True
test_id,test_id_layered_00128,layered,4.7020936246510825,4.7020936246510825,0.0,True,False,401,True
test_id,test_id_layered_00129,layered,4.296535383233376,4.1909325130726565,0.024578610610963426,True,True,401,True
test_id,test_id_layered_00130,layered,4.973975398955747,4.973975398955747,0.0,True,False,401,True
test_id,test_id_layered_00131,layered,4.584627139156575,4.584627139156575,0.0,True,False,401,True
test_id,test_id_layered_00132,layered,4.969553839546936,4.778347362544576,0.03847558215000491,True,True,401,True
test_id,test_id_layered_00133,layered,4.731831500732203,4.736423887783986,-0.0009705305548332806,False,True,401,True
test_id,test_id_layered_00134,layered,5.047667973129904,4.877543484551397,0.033703581432876606,True,True,401,True
test_id,test_id_layered_00135,layered,4.530067536238657,4.530067536238657,0.0,True,False,401,True
test_id,test_id_layered_00136,layered,5.244686549522798,5.145352798964193,0.01893988317903239,True,True,401,True
test_id,test_id_layered_00137,layered,5.109089596829312,5.009695122660475,0.019454439442698517,True,True,401,True
test_id,test_id_layered_00138,layered,5.026194324201814,4.899857463805655,0.025135689598754608,True,True,401,True
test_id,test_id_layered_00139,layered,5.163394900001813,5.163394900001813,0.0,True,False,401,True
test_id,test_id_layered_00140,layered,5.476189602140362,5.476189602140362,0.0,True,False,401,True
test_id,test_id_layered_00141,layered,4.778313747610736,4.778313747610736,0.0,True,False,401,True
test_id,test_id_layered_00142,layered,4.879686714147579,4.879686714147579,0.0,True,False,401,True
test_id,test_id_layered_00143,layered,5.283636845956031,5.283636845956031,0.0,True,False,401,True
test_id,test_id_layered_00144,layered,5.7556458247678295,5.7556458247678295,0.0,True,False,401,True
test_id,test_id_layered_00145,layered,5.163871148626299,5.020353686522261,0.027792611003126317,True,True,401,True
test_id,test_id_layered_00146,layered,6.595229256955054,6.595229256955054,0.0,True,False,401,True
test_id,test_id_layered_00147,layered,5.109311437792141,5.109311437792141,0.0,True,False,401,True
test_id,test_id_layered_00148,layered,4.778431052828814,4.778431052828814,0.0,True,False,401,True
test_id,test_id_layered_00149,layered,5.017751974223351,5.017751974223351,0.0,True,False,401,True
test_id,test_id_layered_00150,layered,5.111289733100396,5.020816719130842,0.01770062326611151,True,True,401,True
test_id,test_id_layered_00151,layered,4.698892076074393,4.572876117734193,0.02681822785031438,True,True,401,True
test_id,test_id_layered_00152,layered,5.282535927393218,5.282535927393218,0.0,True,False,401,True
test_id,test_id_layered_00153,layered,4.949763498953104,4.949763498953104,0.0,True,False,401,True
test_id,test_id_layered_00154,layered,4.690878072489339,4.690878072489339,0.0,True,False,401,True
test_id,test_id_layered_00155,layered,4.580973360358074,4.466873481237793,0.024907343951758386,True,True,401,True
test_id,test_id_layered_00156,layered,5.110678531643648,5.110678531643648,0.0,True,False,401,True
test_id,test_id_layered_00157,layered,4.992624928928233,4.992624928928233,0.0,True,False,401,True
test_id,test_id_layered_00158,layered,5.051415136478693,5.051415136478693,0.0,True,False,401,True
test_id,test_id_layered_00159,layered,5.23818545190043,5.135865201558656,0.01953352955547834,True,True,401,True
test_id,test_id_layered_00160,layered,4.941535033370569,4.941535033370569,0.0,True,False,401,True
test_id,test_id_layered_00161,layered,4.962585724416803,4.962585724416803,0.0,True,False,401,True
test_id,test_id_layered_00162,layered,5.055934326616614,4.899982781491111,0.03084524739661013,True,True,401,True
test_id,test_id_layered_00163,layered,4.799909221075416,4.799909221075416,0.0,True,False,401,True
test_id,test_id_layered_00164,layered,4.61990432616855,4.50564836492058,0.024731239692733338,True,True,401,True
test_id,test_id_layered_00165,layered,5.092681933159679,5.092681933159679,0.0,True,False,401,True
test_id,test_id_layered_00166,layered,5.108540185515366,5.108540185515366,0.0,True,False,401,True
test_id,test_id_layered_00167,layered,4.752220088907113,4.752220088907113,0.0,True,False,401,True
test_id,test_id_layered_00168,layered,4.9263034409363256,4.806374857956177,0.024344538337523522,True,True,401,True
test_id,test_id_layered_00169,layered,4.610633207971672,4.4969862936266685,0.02464887342339674,True,True,401,True
test_id,test_id_layered_00170,layered,5.066492027217097,5.066492027217097,0.0,True,False,401,True
test_id,test_id_layered_00171,layered,5.210914899713034,5.0243262638431965,0.03580726982897239,True,True,401,True
test_id,test_id_layered_00172,layered,4.752573132568283,4.6120074001968945,0.02957676367105737,True,True,401,True
test_id,test_id_layered_00173,layered,5.651839536075881,5.651839536075881,0.0,True,False,401,True
test_id,test_id_layered_00174,layered,5.738188093998088,5.738188093998088,0.0,True,False,401,True
test_id,test_id_layered_00175,layered,5.151806054832892,5.151806054832892,0.0,True,False,401,True
test_id,test_id_layered_00176,layered,5.437801872146377,5.437801872146377,0.0,True,False,401,True
test_id,test_id_layered_00177,layered,5.377681220246452,5.377681220246452,0.0,True,False,401,True
test_id,test_id_layered_00178,layered,5.472643386857087,5.472643386857087,0.0,True,False,401,True
test_id,test_id_layered_00179,layered,5.009115549026626,5.009115549026626,0.0,True,False,401,True
test_id,test_id_layered_00180,layered,5.254931296122309,5.254931296122309,0.0,True,False,401,True
test_id,test_id_layered_00181,layered,4.6094450642945075,4.661268878453273,-0.011242961665863294,False,True,401,True
test_id,test_id_layered_00182,layered,4.893865518802926,4.893865518802926,0.0,True,False,401,True
test_id,test_id_layered_00183,layered,4.778322834022366,4.778322834022366,0.0,True,False,401,True
test_id,test_id_layered_00184,layered,6.330296516504495,6.330296516504495,0.0,True,False,401,True
test_id,test_id_layered_00185,layered,7.068529977834951,7.068529977834951,0.0,True,False,401,True
test_id,test_id_layered_00186,layered,6.883722559429531,6.883722559429531,0.0,True,False,401,True
test_id,test_id_layered_00187,layered,7.190622935549071,7.190622935549071,0.0,True,False,401,True
test_id,test_id_layered_00188,layered,5.657694591600247,5.552119737885969,0.018660401689236005,True,True,401,True
test_id,test_id_layered_00189,layered,5.205410123121825,5.205410123121825,0.0,True,False,401,True
test_id,test_id_layered_00190,layered,5.185251083800965,5.185251083800965,0.0,True,False,401,True
test_id,test_id_layered_00191,layered,5.027924327977264,5.027924327977264,0.0,True,False,401,True
test_id,test_id_layered_00192,layered,4.754529380918036,4.754529380918036,0.0,True,False,401,True
test_id,test_id_layered_00193,layered,5.491537680975011,5.432178491421191,0.010809211008323697,True,True,401,True
test_id,test_id_layered_00194,layered,6.451409715153638,6.451409715153638,0.0,True,False,401,True
test_id,test_id_layered_00195,layered,5.857014460593181,5.857014460593181,0.0,True,False,401,True
test_id,test_id_layered_00196,layered,4.8181004405719,4.8181004405719,0.0,True,False,401,True
test_id,test_id_layered_00197,layered,5.017522823165254,5.017522823165254,0.0,True,False,401,True
test_id,test_id_layered_00198,layered,5.420095514300404,5.420095514300404,0.0,True,False,401,True
test_id,test_id_layered_00199,layered,5.056097179216184,5.056097179216184,0.0,True,False,401,True
test_id,test_id_layered_00200,layered,4.8888374520638935,4.8888374520638935,0.0,True,False,401,True
test_id,test_id_layered_00201,layered,4.599456752647038,4.467814825118437,0.028621190416202813,True,True,401,True
test_id,test_id_layered_00202,layered,4.9021552499541015,4.9021552499541015,0.0,True,False,401,True
test_id,test_id_layered_00203,layered,4.808704190715917,4.668216990770232,0.029215188619196284,True,True,401,True
test_id,test_id_layered_00204,layered,5.3597160303520575,5.23986860533751,0.022360778880047283,True,True,401,True
test_id,test_id_layered_00205,layered,4.886248468607251,4.886248468607251,0.0,True,False,401,True
test_id,test_id_layered_00206,layered,4.764899602924145,4.764899602924145,0.0,True,False,401,True
test_id,test_id_layered_00207,layered,5.6101300913882355,5.6101300913882355,0.0,True,False,401,True
test_id,test_id_layered_00208,layered,5.495794976988363,5.495794976988363,0.0,True,False,401,True
test_id,test_id_layered_00209,layered,2.850352128331602,2.850352128331602,0.0,True,False,401,True
test_id,test_id_layered_00210,layered,5.642446919863555,5.642446919863555,0.0,True,False,401,True
test_id,test_id_layered_00211,layered,9.4741610912891,9.4741610912891,0.0,True,False,401,True
test_id,test_id_layered_00212,layered,5.2473023545553525,5.2473023545553525,0.0,True,False,401,True
test_id,test_id_layered_00213,layered,3.253767015674803,3.215028276782242,0.011905812157397883,True,True,401,True
test_id,test_id_layered_00214,layered,4.466287527509715,4.405810384702734,0.013540808206922918,True,True,401,True
test_id,test_id_layered_00215,layered,4.712799340151096,4.712799340151096,0.0,True,False,401,True
test_id,test_id_layered_00216,layered,4.514325801623093,4.514325801623093,0.0,True,False,401,True
test_id,test_id_layered_00217,layered,4.782182874951809,4.782182874951809,0.0,True,False,401,True
test_id,test_id_layered_00218,layered,5.455906559888068,5.455906559888068,0.0,True,False,401,True
test_id,test_id_layered_00219,layered,4.961933055952193,4.814306510170648,0.02975182133996276,True,True,401,True
test_id,test_id_layered_00220,layered,4.867589762206585,4.867589762206585,0.0,True,False,401,True
test_id,test_id_layered_00221,layered,5.246204529546793,5.246204529546793,0.0,True,False,401,True
test_id,test_id_layered_00222,layered,4.842978879620956,4.842978879620956,0.0,True,False,401,True
test_id,test_id_layered_00223,layered,5.226512056797027,5.226512056797027,0.0,True,False,401,True
test_id,test_id_layered_00224,layered,5.431395697102643,5.431395697102643,0.0,True,False,401,True
test_id,test_id_layered_00225,layered,5.1524898923799265,5.1524898923799265,0.0,True,False,401,True
test_id,test_id_layered_00226,layered,4.957131741452502,4.843776195265108,0.022867164340114716,True,True,401,True
test_id,test_id_layered_00227,layered,5.404726268698475,5.313917506732849,0.01680173193812727,True,True,401,True
test_id,test_id_layered_00228,layered,4.969852640389307,4.969852640389307,0.0,True,False,401,True
test_id,test_id_layered_00229,layered,4.647714839686043,4.554491537657068,0.02005787903185397,True,True,401,True
test_id,test_id_layered_00230,layered,4.780342641061283,4.780342641061283,0.0,True,False,401,True
test_id,test_id_layered_00231,layered,4.71857031164722,4.71857031164722,0.0,True,False,401,True
test_id,test_id_layered_00232,layered,6.8619581119082556,6.8619581119082556,0.0,True,False,401,True
test_id,test_id_layered_00233,layered,6.6062748488501395,6.497455135243729,0.016472174727237023,True,True,401,True
test_id,test_id_layered_00234,layered,5.844760718347472,5.844760718347472,0.0,True,False,401,True
test_id,test_id_layered_00235,layered,6.470544468284083,6.470544468284083,0.0,True,False,401,True
test_id,test_id_layered_00236,layered,6.136032149910249,6.046269896724805,0.014628712984620942,True,True,401,True
test_id,test_id_layered_00237,layered,4.795948239693046,4.795948239693046,0.0,True,False,401,True
test_id,test_id_layered_00238,layered,5.904080469782072,5.8401248958500265,0.010832436017662638,True,True,401,True
test_id,test_id_layered_00239,layered,5.945471434304741,5.945471434304741,0.0,True,False,401,True
test_id,test_id_marmousi_00000,marmousi,7.111590690289864,7.034192437593246,0.010883395300336558,True,True,401,True
test_id,test_id_marmousi_00001,marmousi,7.0382796922657676,7.0382796922657676,0.0,True,False,401,True
test_id,test_id_marmousi_00002,marmousi,6.10090614089037,6.10090614089037,0.0,True,False,401,True
test_id,test_id_marmousi_00003,marmousi,4.962723446323983,4.962723446323983,0.0,True,False,401,True
test_id,test_id_marmousi_00004,marmousi,5.887477479626393,5.887477479626393,0.0,True,False,401,True
test_id,test_id_marmousi_00005,marmousi,5.383223660135038,5.325535080601619,0.010716363126545647,True,True,401,True
test_id,test_id_marmousi_00006,marmousi,7.121498577237838,7.042032885479587,0.011158563172678796,True,True,401,True
test_id,test_id_marmousi_00007,marmousi,8.07327428994325,7.972265519888551,0.012511499848397752,True,True,401,True
test_id,test_id_marmousi_00008,marmousi,5.157248055930017,5.111353606836025,0.008899019127307738,True,True,401,True
test_id,test_id_marmousi_00009,marmousi,6.509583587217172,6.509583587217172,0.0,True,False,401,True
test_id,test_id_marmousi_00010,marmousi,7.256670182544094,7.15821060312979,0.013568148605010117,True,True,401,True
test_id,test_id_marmousi_00011,marmousi,7.536054521460644,7.536054521460644,0.0,True,False,401,True
test_id,test_id_marmousi_00012,marmousi,6.863317826603212,6.863317826603212,0.0,True,False,401,True
test_id,test_id_marmousi_00013,marmousi,8.162394548341556,8.162394548341556,0.0,True,False,401,True
test_id,test_id_marmousi_00014,marmousi,7.610086968008781,7.497394887434098,0.014808251344356111,True,True,401,True
test_id,test_id_marmousi_00015,marmousi,5.793459303293523,5.793459303293523,0.0,True,False,401,True
test_id,test_id_marmousi_00016,marmousi,5.494183227799446,5.494183227799446,0.0,True,False,401,True
test_id,test_id_marmousi_00017,marmousi,7.067649108194843,7.067649108194843,0.0,True,False,401,True
test_id,test_id_marmousi_00018,marmousi,7.632223669841451,7.536528119140939,0.01253835773690065,True,True,401,True
test_id,test_id_marmousi_00019,marmousi,7.752897975900323,7.752897975900323,0.0,True,False,401,True
test_id,test_id_marmousi_00020,marmousi,7.372898327424542,7.279048545336754,0.012729021603173388,True,True,401,True
test_id,test_id_marmousi_00021,marmousi,5.088194129347402,5.088194129347402,0.0,True,False,401,True
test_id,test_id_marmousi_00022,marmousi,5.572546081172862,5.502150785431853,0.01263251926778016,True,True,401,True
test_id,test_id_marmousi_00023,marmousi,6.130271759567,6.061060345473282,0.011290105366977448,True,True,401,True
test_id,test_id_marmousi_00024,marmousi,6.295475036863102,6.295475036863102,0.0,True,False,401,True
test_id,test_id_marmousi_00025,marmousi,6.088784675328102,6.088784675328102,0.0,True,False,401,True
test_id,test_id_marmousi_00026,marmousi,6.6193425106538495,6.545621433106502,0.011137220566648858,True,True,401,True
test_id,test_id_marmousi_00027,marmousi,6.998255993517693,6.998255993517693,0.0,True,False,401,True
test_id,test_id_marmousi_00028,marmousi,4.851733584479954,4.851733584479954,0.0,True,False,401,True
test_id,test_id_marmousi_00029,marmousi,6.559549146841736,6.559549146841736,0.0,True,False,401,True
test_id,test_id_marmousi_00030,marmousi,5.772835971733555,5.772835971733555,0.0,True,False,401,True
test_id,test_id_marmousi_00031,marmousi,6.226368087947976,6.226368087947976,0.0,True,False,401,True
test_id,test_id_marmousi_00032,marmousi,6.209626276773737,6.209626276773737,0.0,True,False,401,True
test_id,test_id_marmousi_00033,marmousi,6.507364334996073,6.507364334996073,0.0,True,False,401,True
test_id,test_id_marmousi_00034,marmousi,5.899091068970897,5.831371305469447,0.011479694534240123,True,True,401,True
test_id,test_id_marmousi_00035,marmousi,5.724593997525551,5.724593997525551,0.0,True,False,401,True
test_id,test_id_marmousi_00036,marmousi,5.44642633136385,5.44642633136385,0.0,True,False,401,True
test_id,test_id_marmousi_00037,marmousi,4.836065820967094,4.803759151386784,0.00668036184293477,True,True,401,True
test_id,test_id_marmousi_00038,marmousi,7.930033691703638,7.819355789356927,0.01395680102374618,True,True,401,True
test_id,test_id_marmousi_00039,marmousi,6.254632614758101,6.254632614758101,0.0,True,False,401,True
test_id,test_id_marmousi_00040,marmousi,4.996053994258553,4.940479437205959,0.011123690239629011,True,True,401,True
test_id,test_id_marmousi_00041,marmousi,4.989967553545088,4.989967553545088,0.0,True,False,401,True
test_id,test_id_marmousi_00042,marmousi,6.667447284969909,6.667447284969909,0.0,True,False,401,True
test_id,test_id_marmousi_00043,marmousi,5.249867677579371,5.249867677579371,0.0,True,False,401,True
test_id,test_id_marmousi_00044,marmousi,7.4835694273008055,7.4835694273008055,0.0,True,False,401,True
test_id,test_id_marmousi_00045,marmousi,6.144605745053111,6.072590534347426,0.011720070203635632,True,True,401,True
test_id,test_id_marmousi_00046,marmousi,5.697844196864726,5.697844196864726,0.0,True,False,401,True
test_id,test_id_marmousi_00047,marmousi,6.38585133494732,6.38585133494732,0.0,True,False,401,True
test_id,test_id_marmousi_00048,marmousi,6.381754349607547,6.381754349607547,0.0,True,False,401,True
test_id,test_id_marmousi_00049,marmousi,4.941267762644299,4.941267762644299,0.0,True,False,401,True
test_id,test_id_marmousi_00050,marmousi,5.128508912866004,5.128508912866004,0.0,True,False,401,True
test_id,test_id_marmousi_00051,marmousi,4.635330744781351,4.576400993858747,0.012713170681283031,True,True,401,True
test_id,test_id_marmousi_00052,marmousi,5.305309958775121,5.237344704883124,0.012810797940199696,True,True,401,True
test_id,test_id_marmousi_00053,marmousi,5.210833025389872,5.210833025389872,0.0,True,False,401,True
test_id,test_id_marmousi_00054,marmousi,4.821534548549851,4.756060084043592,0.013579590449258694,True,True,401,True
test_id,test_id_marmousi_00055,marmousi,6.858513836816236,6.858513836816236,0.0,True,False,401,True
test_id,test_id_marmousi_00056,marmousi,5.3126734679856895,5.3126734679856895,0.0,True,False,401,True
test_id,test_id_marmousi_00057,marmousi,6.239532286460966,6.16762095856913,0.011525115119265341,True,True,401,True
test_id,test_id_marmousi_00058,marmousi,5.127894944552963,5.127894944552963,0.0,True,False,401,True
test_id,test_id_marmousi_00059,marmousi,4.751022631837833,4.751022631837833,0.0,True,False,401,True
test_id,test_id_marmousi_00060,marmousi,6.070735193223689,6.070735193223689,0.0,True,False,401,True
test_id,test_id_marmousi_00061,marmousi,4.098308416319915,4.098308416319915,0.0,True,False,401,True
test_id,test_id_marmousi_00062,marmousi,4.916000846322774,4.916000846322774,0.0,True,False,401,True
test_id,test_id_marmousi_00063,marmousi,4.23862398912014,4.198700767232374,0.009418910946156654,True,True,401,True
test_id,test_id_marmousi_00064,marmousi,6.423379817416768,6.423379817416768,0.0,True,False,401,True
test_id,test_id_marmousi_00065,marmousi,5.828751334029444,5.765832521424328,0.010794561133150858,True,True,401,True
test_id,test_id_marmousi_00066,marmousi,5.939714369283815,5.939714369283815,0.0,True,False,401,True
test_id,test_id_marmousi_00067,marmousi,6.862669481369623,6.862669481369623,0.0,True,False,401,True
test_id,test_id_marmousi_00068,marmousi,5.7697834172669795,5.7697834172669795,0.0,True,False,401,True
test_id,test_id_marmousi_00069,marmousi,5.820850265005697,5.820850265005697,0.0,True,False,401,True
test_id,test_id_marmousi_00070,marmousi,4.410163879663227,4.410163879663227,0.0,True,False,401,True
test_id,test_id_marmousi_00071,marmousi,5.400835325176332,5.338666040327603,0.011511049884991404,True,True,401,True
test_id,test_id_marmousi_00072,marmousi,6.897654168199676,6.814187750333361,0.012100696241212055,True,True,401,True
test_id,test_id_marmousi_00073,marmousi,4.156877023225392,4.156877023225392,0.0,True,False,401,True
test_id,test_id_marmousi_00074,marmousi,6.197611543943757,6.197611543943757,0.0,True,False,401,True
test_id,test_id_marmousi_00075,marmousi,4.304198459642135,4.304198459642135,0.0,True,False,401,True
test_id,test_id_marmousi_00076,marmousi,5.705895902097243,5.705895902097243,0.0,True,False,401,True
test_id,test_id_marmousi_00077,marmousi,5.797549860897907,5.797549860897907,0.0,True,False,401,True
test_id,test_id_marmousi_00078,marmousi,5.733009169897817,5.733009169897817,0.0,True,False,401,True
test_id,test_id_marmousi_00079,marmousi,6.308050102013463,6.308050102013463,0.0,True,False,401,True
test_id,test_id_marmousi_00080,marmousi,4.394790497386593,4.394790497386593,0.0,True,False,401,True
test_id,test_id_marmousi_00081,marmousi,5.290377341362856,5.2271617163927875,0.011949171276652862,True,True,401,True
test_id,test_id_marmousi_00082,marmousi,5.232110685691392,5.232110685691392,0.0,True,False,401,True
test_id,test_id_marmousi_00083,marmousi,6.569567071142416,6.569567071142416,0.0,True,False,401,True
test_id,test_id_marmousi_00084,marmousi,5.180315259840272,5.12983332379869,0.009744954410967453,True,True,401,True
test_id,test_id_marmousi_00085,marmousi,5.480889914324812,5.415038715622027,0.012014690995831925,True,True,401,True
test_id,test_id_marmousi_00086,marmousi,4.207635108572636,4.162562200142102,0.010712171390219209,True,True,401,True
test_id,test_id_marmousi_00087,marmousi,6.415961982109163,6.3260199681372375,0.014018476765094285,True,True,401,True
test_id,test_id_marmousi_00088,marmousi,5.950968048620221,5.856257023981047,0.015915229902996028,True,True,401,True
test_id,test_id_marmousi_00089,marmousi,5.85406623928846,5.770941208032602,0.014199537186302985,True,True,401,True
test_id,test_id_marmousi_00090,marmousi,5.751105190804684,5.700453504355916,0.008807296122796389,True,True,401,True
test_id,test_id_marmousi_00091,marmousi,7.051424053707345,6.946311489510175,0.014906572544294248,True,True,401,True
test_id,test_id_marmousi_00092,marmousi,7.346146370724561,7.346146370724561,0.0,True,False,401,True
test_id,test_id_marmousi_00093,marmousi,7.739334068809339,7.739334068809339,0.0,True,False,401,True
test_id,test_id_marmousi_00094,marmousi,7.030098976511324,7.030098976511324,0.0,True,False,401,True
test_id,test_id_marmousi_00095,marmousi,6.500379181331778,6.500379181331778,0.0,True,False,401,True
test_id,test_id_marmousi_00096,marmousi,6.600381057193896,6.600381057193896,0.0,True,False,401,True
test_id,test_id_marmousi_00097,marmousi,7.759279564463993,7.759279564463993,0.0,True,False,401,True
test_id,test_id_marmousi_00098,marmousi,6.041919682100554,6.041919682100554,0.0,True,False,401,True
test_id,test_id_marmousi_00099,marmousi,6.148806584517086,6.148806584517086,0.0,True,False,401,True
test_id,test_id_marmousi_00100,marmousi,6.39566740171104,6.39566740171104,0.0,True,False,401,True
test_id,test_id_marmousi_00101,marmousi,7.170598041583543,7.074078369634671,0.013460477269697329,True,True,401,True
test_id,test_id_marmousi_00102,marmousi,6.51431496370082,6.429368014758039,0.013040043261052564,True,True,401,True
test_id,test_id_marmousi_00103,marmousi,7.396047618219626,7.28044556926217,0.01563024671078085,True,True,401,True
test_id,test_id_marmousi_00104,marmousi,7.300765134457109,7.214816409622936,0.011772564005452504,True,True,401,True
test_id,test_id_marmousi_00105,marmousi,4.686804845510507,4.686804845510507,0.0,True,False,401,True
test_id,test_id_marmousi_00106,marmousi,7.626938999632617,7.626938999632617,0.0,True,False,401,True
test_id,test_id_marmousi_00107,marmousi,7.6414967819245545,7.6414967819245545,0.0,True,False,401,True
test_id,test_id_marmousi_00108,marmousi,7.583995890205016,7.479596809741243,0.013765708997628575,True,True,401,True
test_id,test_id_marmousi_00109,marmousi,4.845463545224504,4.797271328986543,0.009945842289012252,True,True,401,True
test_id,test_id_marmousi_00110,marmousi,5.429662167449723,5.357267805116141,0.013333124621929293,True,True,401,True
test_id,test_id_marmousi_00111,marmousi,6.80770016807496,6.727863954050404,0.01172733993176601,True,True,401,True
test_id,test_id_marmousi_00112,marmousi,6.826121727820233,6.826121727820233,0.0,True,False,401,True
test_id,test_id_marmousi_00113,marmousi,6.958583233050691,6.958583233050691,0.0,True,False,401,True
test_id,test_id_marmousi_00114,marmousi,7.012807235062757,6.933579556129784,0.011297569757350436,True,True,401,True
test_id,test_id_marmousi_00115,marmousi,6.816282271668274,6.816282271668274,0.0,True,False,401,True
test_id,test_id_marmousi_00116,marmousi,7.279528461137405,7.279528461137405,0.0,True,False,401,True
test_id,test_id_marmousi_00117,marmousi,5.396854038564227,5.396854038564227,0.0,True,False,401,True
test_id,test_id_marmousi_00118,marmousi,5.500372604602474,5.500372604602474,0.0,True,False,401,True
test_id,test_id_marmousi_00119,marmousi,6.742003528464265,6.742003528464265,0.0,True,False,401,True
test_id,test_id_marmousi_00120,marmousi,6.044937821646775,5.9543606229371555,0.014983975250376336,True,True,401,True
test_id,test_id_marmousi_00121,marmousi,6.283823357341754,6.283823357341754,0.0,True,False,401,True
test_id,test_id_marmousi_00122,marmousi,7.118172387096973,7.118172387096973,0.0,True,False,401,True
test_id,test_id_marmousi_00123,marmousi,5.697907567613674,5.697907567613674,0.0,True,False,401,True
test_id,test_id_marmousi_00124,marmousi,5.8038453763574,5.736661906112119,0.011575682308656974,True,True,401,True
test_id,test_id_marmousi_00125,marmousi,5.882925577897307,5.808882043948407,0.012586175529244873,True,True,401,True
test_id,test_id_marmousi_00126,marmousi,6.620133663934889,6.620133663934889,0.0,True,False,401,True
test_id,test_id_marmousi_00127,marmousi,6.347921784077087,6.347921784077087,0.0,True,False,401,True
test_id,test_id_marmousi_00128,marmousi,6.620290293354918,6.620290293354918,0.0,True,False,401,True
test_id,test_id_marmousi_00129,marmousi,4.590186717547746,4.590186717547746,0.0,True,False,401,True
test_id,test_id_marmousi_00130,marmousi,6.545514257636571,6.545514257636571,0.0,True,False,401,True
test_id,test_id_marmousi_00131,marmousi,7.593154274303723,7.593154274303723,0.0,True,False,401,True
test_id,test_id_marmousi_00132,marmousi,7.59429723936272,7.59429723936272,0.0,True,False,401,True
test_id,test_id_marmousi_00133,marmousi,7.218071128452926,7.218071128452926,0.0,True,False,401,True
test_id,test_id_marmousi_00134,marmousi,7.101569104560877,7.101569104560877,0.0,True,False,401,True
test_id,test_id_marmousi_00135,marmousi,4.734079846918558,4.676540575614546,0.012154267178544561,True,True,401,True
test_id,test_id_marmousi_00136,marmousi,6.409855942498305,6.409855942498305,0.0,True,False,401,True
test_id,test_id_marmousi_00137,marmousi,6.689247618669329,6.689247618669329,0.0,True,False,401,True
test_id,test_id_marmousi_00138,marmousi,6.506395450234166,6.407470037716023,0.015204334454430118,True,True,401,True
test_id,test_id_marmousi_00139,marmousi,5.16698745909878,5.16698745909878,0.0,True,False,401,True
test_id,test_id_marmousi_00140,marmousi,6.336299814773761,6.270139844307152,0.010441420450520681,True,True,401,True
test_id,test_id_marmousi_00141,marmousi,5.9978096857868,5.9393530343865075,0.00974633315538821,True,True,401,True
test_id,test_id_marmousi_00142,marmousi,6.238555217417157,6.1564936983559635,0.013153930068950813,True,True,401,True
test_id,test_id_marmousi_00143,marmousi,5.980688713641353,5.980688713641353,0.0,True,False,401,True
test_id,test_id_marmousi_00144,marmousi,8.051106609045249,8.051106609045249,0.0,True,False,401,True
test_id,test_id_marmousi_00145,marmousi,4.709159473802149,4.709159473802149,0.0,True,False,401,True
test_id,test_id_marmousi_00146,marmousi,5.490333722482573,5.407916279316474,0.015011372228359202,True,True,401,True
test_id,test_id_marmousi_00147,marmousi,4.48493854739747,4.48493854739747,0.0,True,False,401,True
test_id,test_id_marmousi_00148,marmousi,6.287802349460451,6.287802349460451,0.0,True,False,401,True
test_id,test_id_marmousi_00149,marmousi,5.900637402748641,5.822254087842338,0.013283872496518892,True,True,401,True
